order_id,merchant_id,refund_destination_account
ORD2015494,MERCH009,1lda1dr@oksbi
ORD2011242,MERCH019,bank_acct_0770****2070
ORD2038960,MERCH017,bank_acct_5232****5668
ORD2053464,MERCH016,bank_acct_2056****3534
ORD2033634,MERCH015,bank_acct_1341****7862
ORD2052009,MERCH017,bank_acct_5108****8780
ORD2045539,MERCH012,vsypgyq@okhdfcbank
ORD2027858,MERCH002,bahyc5w@okhdfcbank
ORD2050875,MERCH016,wgyokbv@okaxis
ORD2020512,MERCH019,bank_acct_1447****8182
ORD2036363,MERCH006,bank_acct_4790****6484
ORD2031735,MERCH012,bank_acct_0953****4643
ORD2058892,MERCH006,bank_acct_5396****1442
ORD2027564,MERCH009,xtjkky8@oksbi
ORD2053634,MERCH004,wjm2vm9@okhdfcbank
ORD2045334,MERCH019,kj2pnld@oksbi
ORD2033067,MERCH004,bank_acct_7464****3512
ORD2026962,MERCH008,bank_acct_3991****0543
ORD2001776,MERCH017,mkshobp@okicici
ORD2001342,MERCH017,bank_acct_5315****3249
ORD2026460,MERCH001,bank_acct_9834****1406
ORD2039099,MERCH008,bank_acct_0945****8176
ORD2006990,MERCH002,fvff2sy@ybl
ORD2052705,MERCH016,yc402be@okhdfcbank
ORD2019552,MERCH012,bank_acct_3055****7333
ORD2036582,MERCH013,vsci7l6@okicici
ORD2038800,MERCH005,bank_acct_4926****3711
ORD2010008,MERCH014,ftdx31l@okicici
ORD2042780,MERCH018,bank_acct_4153****9165
ORD2045952,MERCH014,bank_acct_2331****6705
ORD2057246,MERCH008,hut86ic@okicici
ORD2022124,MERCH011,bank_acct_7326****7957
ORD2037418,MERCH008,bank_acct_2606****6032
ORD2021007,MERCH014,o2go9sd@okicici
ORD2034582,MERCH011,oskery3@okhdfcbank
ORD2027930,MERCH013,bank_acct_8222****3104
ORD2029777,MERCH019,mixcnzw@okaxis
ORD2006240,MERCH012,bank_acct_7451****8735
ORD2041594,MERCH004,bank_acct_1268****5048
ORD2014710,MERCH017,bank_acct_2531****7246
ORD2038633,MERCH002,ghmoeqr@okicici
ORD2047743,MERCH006,bank_acct_0300****1624
ORD2033926,MERCH008,umx66ut@ybl
ORD2050338,MERCH017,bank_acct_8495****0588
ORD2047470,MERCH002,letr7fa@okaxis
ORD2046284,MERCH013,o2hgcq3@ybl
ORD2007054,MERCH003,m9bbwje@okaxis
ORD2005353,MERCH015,bank_acct_4839****5538
ORD2029976,MERCH010,oydn55c@ybl
ORD2048166,MERCH010,cf9uyfg@okicici
ORD2038834,MERCH016,bank_acct_0818****3793
ORD2055376,MERCH018,bank_acct_6768****0438
ORD2002472,MERCH015,bank_acct_3601****2023
ORD2039531,MERCH001,y2kx2yw@okicici
ORD2058782,MERCH012,bank_acct_2786****1470
ORD2000968,MERCH007,yfqdvat@okaxis
ORD2044528,MERCH010,bank_acct_7857****8372
ORD2033824,MERCH019,bfo1hco@okhdfcbank
ORD2024695,MERCH010,9zn9w5n@okicici
ORD2046990,MERCH020,n2vcpkw@ybl
ORD2008258,MERCH007,bank_acct_8224****6318
ORD2044992,MERCH012,nxejs3o@okicici
ORD2040017,MERCH019,6vbfgqa@okicici
ORD2058901,MERCH016,w2l3ryg@oksbi
ORD2007154,MERCH007,tlftrku@okaxis
ORD2019734,MERCH018,bank_acct_7161****0767
ORD2014929,MERCH008,bank_acct_6534****8200
ORD2021419,MERCH005,h8m819q@ybl
ORD2038272,MERCH001,wam2hc9@ybl
ORD2004309,MERCH014,itw2nqy@okicici
ORD2052352,MERCH001,bank_acct_3617****4082
ORD2053259,MERCH008,lio4bu4@okaxis
ORD2013587,MERCH018,ycxocvd@okhdfcbank
ORD2020444,MERCH012,otpuht3@okhdfcbank
ORD2024628,MERCH017,bank_acct_5232****5668
ORD2025774,MERCH016,bank_acct_0818****3793
ORD2042168,MERCH010,2urdfpr@oksbi
ORD2017567,MERCH010,rdbrboy@okhdfcbank
ORD2016957,MERCH004,nd3msmn@ybl
ORD2052539,MERCH007,bank_acct_3013****2422
ORD2026286,MERCH017,gckcqoj@oksbi
ORD2006475,MERCH008,bank_acct_5456****7026
ORD2038556,MERCH014,m07gavx@okhdfcbank
ORD2018025,MERCH016,g8o6lw3@okhdfcbank
ORD2018823,MERCH002,bank_acct_0173****5759
ORD2046790,MERCH005,bank_acct_0833****0573
ORD2037618,MERCH009,dhbecsn@ybl
ORD2057111,MERCH003,bank_acct_1446****0446
ORD2028659,MERCH002,bank_acct_6807****0666
ORD2050716,MERCH008,bank_acct_3839****0626
ORD2008242,MERCH017,bank_acct_8022****2059
ORD2046682,MERCH014,bank_acct_8591****8692
ORD2033920,MERCH012,2p09gyt@okicici
ORD2038495,MERCH015,1mrrwuk@oksbi
ORD2056041,MERCH003,bank_acct_4843****3584
ORD2029264,MERCH019,rcwsjcu@okicici
ORD2019793,MERCH005,3t03csc@okhdfcbank
ORD2048492,MERCH005,bank_acct_3427****0474
ORD2038346,MERCH013,bank_acct_1073****4817
ORD2021015,MERCH003,pbmgpqk@okhdfcbank
ORD2055834,MERCH019,bank_acct_0492****4895
ORD2056268,MERCH019,bank_acct_5158****4436
ORD2028322,MERCH002,td9ly3j@okhdfcbank
ORD2047481,MERCH014,l65kfhn@ybl
ORD2051939,MERCH005,ewgg0au@okhdfcbank
ORD2039679,MERCH008,bank_acct_4837****1789
ORD2014543,MERCH010,1tin9gr@okhdfcbank
ORD2007455,MERCH009,21v0ne4@okicici
ORD2034533,MERCH011,bank_acct_8329****2894
ORD2053903,MERCH013,fcgifi9@okaxis
ORD2000264,MERCH014,bank_acct_8017****6034
ORD2009196,MERCH011,pjjnwk2@okhdfcbank
ORD2040276,MERCH003,bank_acct_6254****4968
ORD2012772,MERCH008,bank_acct_2192****0328
ORD2000369,MERCH003,bank_acct_1520****6569
ORD2047363,MERCH007,bank_acct_8909****0914
ORD2050087,MERCH005,1krzahf@okhdfcbank
ORD2014208,MERCH019,bank_acct_8141****0410
ORD2033269,MERCH004,bank_acct_6144****5242
ORD2052047,MERCH005,327xmrn@okaxis
ORD2049667,MERCH003,3t03csc@okhdfcbank
ORD2003952,MERCH015,bank_acct_4347****2708
ORD2046778,MERCH015,bank_acct_7866****0878
ORD2036526,MERCH011,bank_acct_4946****2410
ORD2001582,MERCH018,iqrozy9@okicici
ORD2028518,MERCH018,c4awpoc@okaxis
ORD2042316,MERCH012,bank_acct_1493****6206
ORD2031737,MERCH007,ezhqzqn@oksbi
ORD2030188,MERCH015,bank_acct_9143****3149
ORD2020138,MERCH010,bank_acct_3553****8519
ORD2043731,MERCH015,p6qxq3p@okhdfcbank
ORD2050206,MERCH009,bank_acct_1205****1187
ORD2057964,MERCH004,bank_acct_7230****5314
ORD2037125,MERCH003,gbbf9ju@oksbi
ORD2022222,MERCH006,bank_acct_0432****1445
ORD2037154,MERCH010,z2zqpld@okicici
ORD2036356,MERCH020,bank_acct_0371****2486
ORD2044763,MERCH002,b1lolvp@okicici
ORD2015314,MERCH007,bank_acct_0283****0596
ORD2030151,MERCH011,nn6epmw@okhdfcbank
ORD2016465,MERCH005,bank_acct_4737****8310
ORD2029386,MERCH003,bank_acct_0998****7818
ORD2013266,MERCH008,ibb8vm3@okhdfcbank
ORD2018121,MERCH012,mktqvwd@okicici
ORD2025526,MERCH013,ar6esrr@oksbi
ORD2055775,MERCH017,bank_acct_9228****5816
ORD2007185,MERCH002,en2y7nl@okhdfcbank
ORD2022105,MERCH010,wu0jx5i@oksbi
ORD2015447,MERCH009,jglqrm0@okhdfcbank
ORD2013522,MERCH006,bank_acct_6721****7159
ORD2020416,MERCH001,rzsuzgu@okaxis
ORD2020533,MERCH013,bank_acct_2785****5460
ORD2059507,MERCH015,vvx9wrr@oksbi
ORD2031238,MERCH018,tw3domg@okaxis
ORD2059937,MERCH018,jlg3n9q@okaxis
ORD2045004,MERCH008,bank_acct_2073****7874
ORD2002542,MERCH004,bank_acct_8220****1102
ORD2051462,MERCH015,rnsbwzd@okhdfcbank
ORD2022915,MERCH004,bank_acct_3990****1906
ORD2030486,MERCH005,kqgmgeh@oksbi
ORD2058043,MERCH004,bank_acct_3177****3889
ORD2031838,MERCH001,e5yxovv@okaxis
ORD2051751,MERCH002,bank_acct_2073****9133
ORD2050904,MERCH008,2yjupoc@okaxis
ORD2003971,MERCH005,bank_acct_4953****8991
ORD2022665,MERCH010,mkdbk6n@okhdfcbank
ORD2036439,MERCH012,bank_acct_9316****5335
ORD2045776,MERCH013,bank_acct_5227****1685
ORD2035612,MERCH003,zg6y6vr@okaxis
ORD2000223,MERCH019,wgzvi6s@okaxis
ORD2006427,MERCH019,bank_acct_9021****3043
ORD2026920,MERCH009,bank_acct_5024****5674
ORD2058311,MERCH003,ecgsbaj@okicici
ORD2032943,MERCH001,mkgzcfs@oksbi
ORD2043479,MERCH003,znjfktz@okaxis
ORD2051073,MERCH007,bank_acct_1625****3876
ORD2001906,MERCH015,dl1d8w8@ybl
ORD2051236,MERCH005,0kn3eo3@oksbi
ORD2047060,MERCH003,bank_acct_1942****3016
ORD2047567,MERCH011,2kcsnvv@okaxis
ORD2028583,MERCH004,wit036a@oksbi
ORD2045778,MERCH002,4brwhud@okaxis
ORD2001019,MERCH015,e1r6cus@okicici
ORD2058446,MERCH002,xuoifcd@ybl
ORD2008999,MERCH006,bank_acct_4529****4299
ORD2044632,MERCH019,bank_acct_3333****7575
ORD2001877,MERCH014,bank_acct_5584****6287
ORD2047576,MERCH013,bank_acct_8078****3786
ORD2058141,MERCH016,ez9qzfk@okaxis
ORD2034891,MERCH001,bank_acct_4802****2478
ORD2020498,MERCH013,ratueg2@okaxis
ORD2014641,MERCH014,bank_acct_5828****2357
ORD2035315,MERCH006,bank_acct_1446****9043
ORD2059113,MERCH012,bank_acct_6622****8189
ORD2004744,MERCH007,bank_acct_3353****8781
ORD2050021,MERCH006,zvxfyrv@ybl
ORD2026199,MERCH009,egf6kyy@ybl
ORD2031860,MERCH009,bank_acct_5038****7758
ORD2037557,MERCH019,bank_acct_6254****4968
ORD2045114,MERCH002,bank_acct_7651****9048
ORD2028188,MERCH020,mqbdrpw@okicici
ORD2058157,MERCH020,bank_acct_0647****0394
ORD2024258,MERCH020,u76ccrg@oksbi
ORD2023635,MERCH008,bank_acct_1957****2665
ORD2006873,MERCH010,uzcejvm@okicici
ORD2056916,MERCH016,bank_acct_9988****3307
ORD2039982,MERCH014,geuuslo@oksbi
ORD2025185,MERCH018,bank_acct_1606****6425
ORD2018669,MERCH016,fxbaso4@ybl
ORD2011750,MERCH002,jobljno@ybl
ORD2017801,MERCH003,bank_acct_3755****3305
ORD2010241,MERCH009,vzt1vdj@ybl
ORD2000698,MERCH013,d3q9hx7@okhdfcbank
ORD2018228,MERCH005,6tmndlp@okaxis
ORD2056046,MERCH014,bank_acct_2718****4127
ORD2045684,MERCH007,s1hjl1z@oksbi
ORD2041104,MERCH017,ktcm1j4@okaxis
ORD2019595,MERCH008,bank_acct_7557****6297
ORD2025903,MERCH018,bank_acct_5275****4328
ORD2045664,MERCH001,bank_acct_5693****1992
ORD2030658,MERCH013,bank_acct_5242****0903
ORD2056018,MERCH012,bank_acct_3136****2077
ORD2032343,MERCH016,b17veog@oksbi
ORD2034429,MERCH018,4xhqizl@okhdfcbank
ORD2018765,MERCH016,7yenpfg@ybl
ORD2026082,MERCH012,h3mttmu@okaxis
ORD2009058,MERCH019,bank_acct_9035****0667
ORD2053858,MERCH017,bank_acct_1920****6932
ORD2011329,MERCH011,ifqelmu@oksbi
ORD2025914,MERCH013,zkjoq0n@okaxis
ORD2035294,MERCH009,bank_acct_7544****0042
ORD2056970,MERCH006,mntpvwa@okhdfcbank
ORD2023847,MERCH001,bank_acct_5730****2337
ORD2021347,MERCH011,vv6n2mm@ybl
ORD2020625,MERCH020,lustcvb@okicici
ORD2016020,MERCH008,bank_acct_0309****8338
ORD2024031,MERCH001,bank_acct_1693****5381
ORD2038659,MERCH004,1ygjobg@okhdfcbank
ORD2057188,MERCH002,bank_acct_5808****1297
ORD2020965,MERCH016,bank_acct_6263****3885
ORD2045235,MERCH017,20ztf7u@okhdfcbank
ORD2004570,MERCH012,dsvfjkm@ybl
ORD2014415,MERCH019,bank_acct_9004****1767
ORD2039305,MERCH008,kyw4dyj@okicici
ORD2003510,MERCH006,bank_acct_0865****6686
ORD2025652,MERCH004,bank_acct_7816****5395
ORD2056569,MERCH008,bank_acct_2795****5010
ORD2048266,MERCH018,bank_acct_5227****1685
ORD2028440,MERCH009,jhxdrzc@okaxis
ORD2000361,MERCH018,bx6ran5@okicici
ORD2042574,MERCH002,bank_acct_9919****6166
ORD2053867,MERCH008,bank_acct_9882****3306
ORD2014954,MERCH019,n3tge8s@okicici
ORD2058577,MERCH013,bank_acct_7007****5075
ORD2034784,MERCH012,gvezftj@oksbi
ORD2004425,MERCH006,bank_acct_1567****5476
ORD2018594,MERCH006,bank_acct_8385****8873
ORD2002761,MERCH008,bank_acct_8588****1748
ORD2035067,MERCH020,bank_acct_0558****1523
ORD2016483,MERCH012,geqtujd@okhdfcbank
ORD2053747,MERCH019,nkgzcbq@okicici
ORD2028886,MERCH001,vwzb2rc@okaxis
ORD2058333,MERCH014,bank_acct_8017****6034
ORD2053173,MERCH019,cq12z9o@ybl
ORD2050323,MERCH019,epgzmzk@okaxis
ORD2039892,MERCH005,bank_acct_7056****4913
ORD2033851,MERCH019,bank_acct_7886****1843
ORD2053547,MERCH007,bank_acct_7562****0204
ORD2030189,MERCH016,bank_acct_6668****3064
ORD2043687,MERCH018,uyyys8m@okicici
ORD2029893,MERCH010,bnvgmao@ybl
ORD2007886,MERCH006,r1fa1db@okhdfcbank
ORD2052327,MERCH016,fqbt8wc@ybl
ORD2058334,MERCH002,bank_acct_2273****9604
ORD2001294,MERCH003,kxrsvkk@okhdfcbank
ORD2006608,MERCH002,bank_acct_5746****9854
ORD2028462,MERCH008,bank_acct_4244****3758
ORD2044021,MERCH020,bank_acct_0873****5051
ORD2005442,MERCH008,bank_acct_7705****4865
ORD2052533,MERCH001,bank_acct_3140****6629
ORD2045809,MERCH017,pbtuyng@okaxis
ORD2028985,MERCH016,bank_acct_7631****1568
ORD2042581,MERCH001,nlkbn5z@okhdfcbank
ORD2039652,MERCH011,bank_acct_5555****5818
ORD2020235,MERCH020,bank_acct_8153****7893
ORD2012562,MERCH007,vph1piq@ybl
ORD2039517,MERCH005,tgqwdlv@ybl
ORD2004468,MERCH011,bank_acct_6068****1474
ORD2019295,MERCH006,bank_acct_5641****0092
ORD2045030,MERCH011,bank_acct_1794****2700
ORD2059044,MERCH020,bank_acct_6432****1606
ORD2029348,MERCH005,wbqemod@okaxis
ORD2053770,MERCH019,bank_acct_8557****6878
ORD2003802,MERCH005,rnaa2hf@okhdfcbank
ORD2024396,MERCH004,bank_acct_8912****2041
ORD2019265,MERCH017,bank_acct_3288****7013
ORD2059830,MERCH012,r0augma@okhdfcbank
ORD2046512,MERCH003,757gps5@oksbi
ORD2008414,MERCH012,eeuevmu@okaxis
ORD2009379,MERCH013,cxvvwua@okicici
ORD2034063,MERCH019,bdzl1rk@ybl
ORD2017264,MERCH004,zaupvzp@okicici
ORD2016313,MERCH011,vyfmmse@okhdfcbank
ORD2052497,MERCH010,dt2benr@okhdfcbank
ORD2052623,MERCH011,7eg2els@okicici
ORD2029778,MERCH005,fd8jipx@oksbi
ORD2010655,MERCH006,vscvinn@oksbi
ORD2059669,MERCH014,fazhe5t@okicici
ORD2024611,MERCH016,smscucb@ybl
ORD2057707,MERCH011,bank_acct_5221****4578
ORD2008429,MERCH006,bank_acct_6101****5733
ORD2017827,MERCH018,bank_acct_3331****7072
ORD2010788,MERCH014,bank_acct_8017****6034
ORD2051961,MERCH008,nyuf8tq@oksbi
ORD2050210,MERCH019,bank_acct_0432****3493
ORD2022474,MERCH006,bank_acct_9077****1943
ORD2047243,MERCH013,bank_acct_6663****9499
ORD2034866,MERCH010,5yatiu1@ybl
ORD2055845,MERCH010,bank_acct_2591****6462
ORD2008866,MERCH005,bank_acct_8006****6998
ORD2050500,MERCH006,bank_acct_8462****3843
ORD2047519,MERCH001,bqghxbh@okicici
ORD2031634,MERCH014,bank_acct_8017****6034
ORD2043169,MERCH019,uehfytc@okhdfcbank
ORD2033706,MERCH002,bank_acct_9490****5598
ORD2025318,MERCH006,xv8swec@oksbi
ORD2048630,MERCH020,bank_acct_8160****0670
ORD2058271,MERCH011,fw8qfan@ybl
ORD2037729,MERCH009,vcoedgj@okhdfcbank
ORD2025180,MERCH019,bank_acct_4176****3535
ORD2041011,MERCH004,5be6cet@okicici
ORD2039238,MERCH016,bank_acct_7269****8598
ORD2028875,MERCH005,fvaofb1@okaxis
ORD2011978,MERCH011,bank_acct_5376****1342
ORD2059312,MERCH003,bank_acct_5154****4830
ORD2024274,MERCH008,cqdcpqe@okhdfcbank
ORD2049750,MERCH011,bank_acct_0256****3450
ORD2045982,MERCH006,bank_acct_2318****9590
ORD2033257,MERCH003,5qcmdqp@okhdfcbank
ORD2017394,MERCH011,bank_acct_2273****8767
ORD2053962,MERCH015,jtxb9hz@ybl
ORD2058858,MERCH001,j25hwiz@okaxis
ORD2041171,MERCH009,bank_acct_4711****8316
ORD2038984,MERCH007,ravnt26@okicici
ORD2045303,MERCH008,bank_acct_9635****6949
ORD2030136,MERCH003,fucstm6@okaxis
ORD2020814,MERCH012,bank_acct_3664****1330
ORD2027949,MERCH009,8sveptm@okhdfcbank
ORD2002404,MERCH004,p45ethz@okicici
ORD2050231,MERCH001,bxmuyw7@okicici
ORD2016328,MERCH002,bank_acct_2340****7294
ORD2035255,MERCH013,bank_acct_6920****1271
ORD2025402,MERCH015,bank_acct_7560****4627
ORD2048699,MERCH014,bank_acct_0504****7014
ORD2013261,MERCH006,gxuin6t@okhdfcbank
ORD2010561,MERCH014,bank_acct_6596****0017
ORD2014226,MERCH016,crnfxy6@oksbi
ORD2042620,MERCH013,aj3c5rg@oksbi
ORD2039061,MERCH012,udbztzv@okaxis
ORD2013268,MERCH018,3tscwgj@okicici
ORD2008766,MERCH013,bank_acct_9328****1051
ORD2044608,MERCH004,hmiejfr@okicici
ORD2055273,MERCH016,bank_acct_8946****3095
ORD2008342,MERCH019,qyhgsat@oksbi
ORD2021231,MERCH008,ron08a9@okhdfcbank
ORD2044261,MERCH006,g7rnhlg@oksbi
ORD2051304,MERCH015,yah8wcg@okhdfcbank
ORD2048784,MERCH003,bank_acct_8693****0827
ORD2016091,MERCH002,bank_acct_7936****0426
ORD2041422,MERCH010,pvkabcl@okaxis
ORD2049061,MERCH001,bank_acct_0306****4268
ORD2042315,MERCH011,zsocup0@oksbi
ORD2037873,MERCH009,bank_acct_2013****0121
ORD2040307,MERCH004,ubqyowc@oksbi
ORD2051760,MERCH003,bank_acct_2368****4512
ORD2012035,MERCH011,bank_acct_4102****9191
ORD2050821,MERCH006,8igvoub@okaxis
ORD2004508,MERCH013,zfhqxqe@oksbi
ORD2045223,MERCH006,abd8i5o@oksbi
ORD2041533,MERCH003,bank_acct_5063****4407
ORD2005075,MERCH018,bank_acct_7838****9932
ORD2048990,MERCH003,bank_acct_8422****0006
ORD2036081,MERCH011,7zgacgg@okaxis
ORD2049906,MERCH020,sy5vdxw@okaxis
ORD2010693,MERCH020,qoakm7w@okhdfcbank
ORD2021983,MERCH016,bank_acct_5392****2238
ORD2037117,MERCH001,bank_acct_1366****9947
ORD2035523,MERCH014,ncxhm0u@ybl
ORD2003653,MERCH006,bank_acct_7559****0038
ORD2006467,MERCH020,bank_acct_5412****0580
ORD2018205,MERCH014,sdmcpzz@okhdfcbank
ORD2045376,MERCH006,bank_acct_2829****8548
ORD2046516,MERCH002,hsalw2r@okaxis
ORD2020721,MERCH004,bank_acct_3070****5398
ORD2046893,MERCH011,bank_acct_5184****3632
ORD2000772,MERCH007,bank_acct_4889****0165
ORD2039931,MERCH007,bank_acct_6578****4822
ORD2045777,MERCH014,bgnqui3@okaxis
ORD2029743,MERCH018,bank_acct_3694****1739
ORD2017168,MERCH018,bank_acct_3099****9246
ORD2003144,MERCH009,trjw53u@ybl
ORD2028182,MERCH010,bank_acct_3899****4395
ORD2007235,MERCH010,bgcqxwo@ybl
ORD2027836,MERCH008,bank_acct_7757****5273
ORD2006644,MERCH004,bank_acct_9898****1128
ORD2008685,MERCH002,bank_acct_0166****5903
ORD2035806,MERCH013,wrishcw@okaxis
ORD2052248,MERCH019,bank_acct_3782****2450
ORD2041045,MERCH018,idpfcmh@oksbi
ORD2012591,MERCH016,bank_acct_4428****7201
ORD2010243,MERCH005,bank_acct_4650****2053
ORD2017137,MERCH002,z0xocro@ybl
ORD2045179,MERCH012,bank_acct_4956****1966
ORD2036913,MERCH001,bank_acct_8613****6122
ORD2030706,MERCH014,exsctxe@okaxis
ORD2010920,MERCH003,ayha3gh@okhdfcbank
ORD2004681,MERCH004,qtpcoir@oksbi
ORD2046124,MERCH007,bank_acct_5232****5668
ORD2008268,MERCH007,tg8bwjx@okicici
ORD2025048,MERCH004,bank_acct_1098****8054
ORD2044206,MERCH001,bank_acct_0755****6356
ORD2058644,MERCH007,bank_acct_9076****3245
ORD2022438,MERCH006,injkipn@okhdfcbank
ORD2002427,MERCH010,yvx3h3i@okicici
ORD2005931,MERCH003,icor7zx@okaxis
ORD2039065,MERCH016,bank_acct_2477****1002
ORD2033368,MERCH004,dxc4lgt@okhdfcbank
ORD2032719,MERCH010,h2oujnf@okhdfcbank
ORD2026492,MERCH013,bank_acct_5724****2912
ORD2031704,MERCH016,iabzrug@oksbi
ORD2014409,MERCH016,bank_acct_7368****2356
ORD2008475,MERCH009,b57dolk@okhdfcbank
ORD2043765,MERCH003,kbzu97f@okhdfcbank
ORD2005768,MERCH018,hfhnt2i@okaxis
ORD2030982,MERCH013,0qdbm21@okicici
ORD2040855,MERCH006,bank_acct_1460****6971
ORD2029921,MERCH012,htf4bn3@ybl
ORD2006139,MERCH013,bank_acct_3512****0270
ORD2013982,MERCH012,bank_acct_7036****2116
ORD2013774,MERCH006,hsrvtwg@okaxis
ORD2039360,MERCH015,eympuic@okaxis
ORD2027264,MERCH002,bank_acct_6206****4260
ORD2000481,MERCH009,augnu7r@ybl
ORD2020658,MERCH015,xwyvwrr@oksbi
ORD2007991,MERCH015,bank_acct_0332****6574
ORD2055104,MERCH009,xfioeng@ybl
ORD2022116,MERCH008,bank_acct_2540****0495
ORD2001107,MERCH009,eqcqkev@oksbi
ORD2047149,MERCH019,d45m9bl@okicici
ORD2024693,MERCH002,bank_acct_0784****4270
ORD2038542,MERCH005,bank_acct_4345****7070
ORD2014202,MERCH004,upcrk3e@okhdfcbank
ORD2053941,MERCH003,jyhe5tl@okhdfcbank
ORD2041638,MERCH012,bank_acct_2612****7226
ORD2050955,MERCH018,bank_acct_4903****8773
ORD2039283,MERCH014,bank_acct_1341****9234
ORD2015315,MERCH019,bank_acct_0276****2550
ORD2020081,MERCH008,bank_acct_2763****3541
ORD2006294,MERCH018,bank_acct_7885****3223
ORD2013737,MERCH002,bank_acct_5897****3224
ORD2028394,MERCH013,yxa2oh7@ybl
ORD2011527,MERCH017,bank_acct_1606****1268
ORD2029284,MERCH014,2iv0xtk@ybl
ORD2015028,MERCH013,bank_acct_1986****8076
ORD2027968,MERCH018,bank_acct_0558****1523
ORD2035738,MERCH007,bank_acct_9696****3727
ORD2059781,MERCH003,bank_acct_9545****4583
ORD2031981,MERCH013,zlorhch@okicici
ORD2008043,MERCH002,eoywtae@okaxis
ORD2006458,MERCH017,9wsqgqf@okhdfcbank
ORD2049498,MERCH019,bank_acct_4776****9249
ORD2056662,MERCH017,bank_acct_3019****0792
ORD2000298,MERCH019,iibxttr@ybl
ORD2024641,MERCH013,bank_acct_5227****1685
ORD2045082,MERCH019,bank_acct_7453****6752
ORD2053392,MERCH015,bank_acct_6542****9604
ORD2039001,MERCH006,9lhlh4a@okaxis
ORD2005699,MERCH006,uishxbj@okhdfcbank
ORD2057209,MERCH007,dxjntom@okhdfcbank
ORD2005281,MERCH007,yvxvhw9@oksbi
ORD2052643,MERCH005,bank_acct_6807****0755
ORD2003683,MERCH006,bank_acct_6432****1606
ORD2048305,MERCH003,bank_acct_3714****1315
ORD2023487,MERCH014,bank_acct_1509****2570
ORD2051706,MERCH007,fdjqanb@okhdfcbank
ORD2023403,MERCH005,bank_acct_9034****4480
ORD2019616,MERCH020,vrchg7k@okhdfcbank
ORD2015784,MERCH009,biiukhf@ybl
ORD2059822,MERCH011,bank_acct_1628****3410
ORD2059502,MERCH003,bank_acct_0112****2917
ORD2015191,MERCH003,bank_acct_6444****2448
ORD2030308,MERCH013,bank_acct_6649****6896
ORD2021905,MERCH018,bank_acct_4843****0945
ORD2028540,MERCH013,bank_acct_8339****8685
ORD2042945,MERCH018,0bzwvag@okicici
ORD2046583,MERCH011,dozpkdl@okaxis
ORD2008057,MERCH009,9gvgebf@oksbi
ORD2000863,MERCH017,bank_acct_4150****2178
ORD2034432,MERCH015,bank_acct_6963****0027
ORD2047897,MERCH001,0pjgwdp@okhdfcbank
ORD2009875,MERCH020,iw5uf4j@okhdfcbank
ORD2036693,MERCH019,avb9o5m@okaxis
ORD2028137,MERCH017,bxpevay@okaxis
ORD2032624,MERCH014,bank_acct_4390****6143
ORD2032390,MERCH004,ybk9v1l@okicici
ORD2016226,MERCH014,bank_acct_0405****6799
ORD2019903,MERCH005,dew53vg@okaxis
ORD2013652,MERCH005,eeu2rbx@oksbi
ORD2019971,MERCH019,bank_acct_2148****3942
ORD2000911,MERCH019,bank_acct_0611****9541
ORD2046759,MERCH018,bank_acct_0558****1523
ORD2050581,MERCH004,bank_acct_2836****4831
ORD2054393,MERCH019,48yeazy@okaxis
ORD2036018,MERCH004,bank_acct_2614****3318
ORD2055973,MERCH010,c03dihj@okhdfcbank
ORD2017076,MERCH018,hrptbwp@okicici
ORD2019086,MERCH012,bank_acct_1063****4463
ORD2033919,MERCH014,hym5icb@ybl
ORD2036176,MERCH009,es2hywp@ybl
ORD2019330,MERCH013,bank_acct_2322****7446
ORD2023491,MERCH016,bank_acct_4088****3416
ORD2038196,MERCH019,bank_acct_2201****8721
ORD2032640,MERCH020,dnjuqxy@oksbi
ORD2018597,MERCH016,sdivrv3@ybl
ORD2036943,MERCH002,xefrh0j@okhdfcbank
ORD2055952,MERCH006,wpdjz8u@okicici
ORD2009962,MERCH010,bank_acct_8222****3104
ORD2015138,MERCH005,bank_acct_5158****2141
ORD2051348,MERCH020,g3cx05k@ybl
ORD2026755,MERCH020,stj43ee@okhdfcbank
ORD2039136,MERCH013,bank_acct_2912****4907
ORD2012306,MERCH002,emlbzn2@oksbi
ORD2015220,MERCH013,bank_acct_9133****3770
ORD2059015,MERCH011,e7000de@oksbi
ORD2003011,MERCH008,p5ababy@okhdfcbank
ORD2030864,MERCH002,vtaltx9@okhdfcbank
ORD2006824,MERCH016,lwvyxcl@okaxis
ORD2030622,MERCH017,vcoedgj@okhdfcbank
ORD2048193,MERCH012,sf81pqp@oksbi
ORD2007854,MERCH001,qen1jhz@okicici
ORD2026783,MERCH011,ecmfttl@okhdfcbank
ORD2004090,MERCH010,bank_acct_7868****1906
ORD2004102,MERCH010,pna9w90@okhdfcbank
ORD2059545,MERCH009,bank_acct_3446****5923
ORD2003275,MERCH016,bank_acct_0952****8981
ORD2005033,MERCH004,hg7kjmy@okaxis
ORD2047704,MERCH008,bank_acct_5193****2812
ORD2058358,MERCH005,bank_acct_8846****1819
ORD2007233,MERCH010,wqdhisa@ybl
ORD2050447,MERCH015,jstdnd9@okhdfcbank
ORD2017812,MERCH011,bank_acct_6899****3155
ORD2012896,MERCH009,uspv6w1@ybl
ORD2021839,MERCH014,tsybyyx@oksbi
ORD2055331,MERCH010,euykdp3@okaxis
ORD2037847,MERCH003,bank_acct_8486****9413
ORD2001509,MERCH007,btp9mcb@oksbi
ORD2027146,MERCH015,tf3boap@okhdfcbank
ORD2051529,MERCH007,bank_acct_7813****8270
ORD2053160,MERCH014,bank_acct_9683****9970
ORD2012771,MERCH016,xcabcoz@okaxis
ORD2025699,MERCH017,bank_acct_6024****7434
ORD2054986,MERCH012,bank_acct_0992****8958
ORD2058242,MERCH002,s3immhl@ybl
ORD2043061,MERCH017,bank_acct_6502****0208
ORD2007302,MERCH006,bank_acct_7288****2351
ORD2022333,MERCH003,bank_acct_9184****6467
ORD2041382,MERCH010,bank_acct_2017****3426
ORD2023094,MERCH014,bank_acct_8017****6034
ORD2051290,MERCH005,bank_acct_6530****2877
ORD2024336,MERCH017,bank_acct_0794****0962
ORD2053280,MERCH019,bank_acct_4781****1047
ORD2054826,MERCH001,bank_acct_0321****4527
ORD2043568,MERCH006,m1dcwtd@okhdfcbank
ORD2002696,MERCH007,bank_acct_6888****6407
ORD2052283,MERCH007,ajkqclb@okhdfcbank
ORD2002221,MERCH002,4snazbw@oksbi
ORD2014342,MERCH008,bank_acct_2947****5164
ORD2026616,MERCH002,ijsemfi@oksbi
ORD2050896,MERCH015,5ueizac@oksbi
ORD2003116,MERCH002,lvjz1ut@okhdfcbank
ORD2029689,MERCH012,tr9yxdd@okhdfcbank
ORD2002741,MERCH007,c1ocmuv@okhdfcbank
ORD2024798,MERCH009,bank_acct_5980****5134
ORD2048096,MERCH012,zeen32r@okicici
ORD2047785,MERCH015,be5mrgm@okicici
ORD2010365,MERCH017,bank_acct_3390****5197
ORD2051983,MERCH013,aackwu6@okicici
ORD2028013,MERCH004,bank_acct_1408****6195
ORD2014468,MERCH001,bank_acct_3555****9694
ORD2055696,MERCH008,dwjaogg@oksbi
ORD2026675,MERCH012,bank_acct_0073****7531
ORD2040005,MERCH016,bank_acct_0970****4485
ORD2043363,MERCH020,bboto4g@oksbi
ORD2027611,MERCH015,arvmill@ybl
ORD2011304,MERCH006,bank_acct_5997****9432
ORD2019841,MERCH016,dirpgdl@okhdfcbank
ORD2058691,MERCH019,m3xghjk@okaxis
ORD2053727,MERCH018,bank_acct_7011****1673
ORD2036780,MERCH012,bank_acct_9059****4026
ORD2030253,MERCH012,yxfnskf@oksbi
ORD2033532,MERCH006,hbtc9qc@okicici
ORD2000006,MERCH009,80kiiiz@ybl
ORD2026130,MERCH003,kgoxrug@okaxis
ORD2051223,MERCH010,geu7ne6@okhdfcbank
ORD2038308,MERCH001,bank_acct_0666****9212
ORD2002687,MERCH013,d5kodu2@ybl
ORD2002124,MERCH002,bank_acct_0332****0803
ORD2032832,MERCH006,mpqbsrl@okhdfcbank
ORD2010287,MERCH019,n8fh6dx@okhdfcbank
ORD2014695,MERCH007,rkonhay@oksbi
ORD2048686,MERCH008,bank_acct_5615****1693
ORD2028578,MERCH008,0futtj4@okaxis
ORD2047738,MERCH007,bank_acct_1413****2390
ORD2054201,MERCH009,bank_acct_2853****0742
ORD2024184,MERCH014,bank_acct_8059****6615
ORD2053491,MERCH017,t5erqg6@okhdfcbank
ORD2012075,MERCH017,bank_acct_5315****3249
ORD2026253,MERCH016,bank_acct_7168****8849
ORD2020474,MERCH005,zpqblqb@okicici
ORD2026309,MERCH006,bank_acct_6096****0732
ORD2046044,MERCH020,bank_acct_5636****7273
ORD2011604,MERCH001,bank_acct_7349****9271
ORD2049211,MERCH008,1dcp3gk@ybl
ORD2021598,MERCH009,jb41dhp@ybl
ORD2008588,MERCH020,bank_acct_1946****1041
ORD2019206,MERCH010,j57rakf@ybl
ORD2051911,MERCH014,bank_acct_8017****6034
ORD2000894,MERCH014,bank_acct_8744****8517
ORD2020691,MERCH013,bank_acct_8530****7106
ORD2007143,MERCH009,bank_acct_5013****5422
ORD2051345,MERCH015,3tjbjdy@ybl
ORD2006865,MERCH009,bank_acct_9315****4897
ORD2045676,MERCH010,mkdbk6n@okhdfcbank
ORD2046787,MERCH010,elp7eex@okaxis
ORD2031176,MERCH017,lomt6cw@oksbi
ORD2030368,MERCH020,bank_acct_5908****4474
ORD2030645,MERCH013,bank_acct_6246****8307
ORD2001545,MERCH019,13f5rvq@okhdfcbank
ORD2019106,MERCH004,xvrunif@okaxis
ORD2055184,MERCH001,bank_acct_1375****6076
ORD2037170,MERCH017,bank_acct_7311****5004
ORD2025199,MERCH012,rjdh28m@oksbi
ORD2013915,MERCH018,bank_acct_5596****7575
ORD2018072,MERCH020,bank_acct_5787****2570
ORD2046545,MERCH003,euykdp3@okaxis
ORD2009049,MERCH010,dcxyxpb@okhdfcbank
ORD2035920,MERCH004,rxrkvwk@oksbi
ORD2036389,MERCH016,bank_acct_3889****0032
ORD2042636,MERCH003,feydjjn@okhdfcbank
ORD2028215,MERCH011,bank_acct_0566****4314
ORD2053620,MERCH002,bank_acct_8222****3104
ORD2045189,MERCH011,bank_acct_1962****1324
ORD2030479,MERCH009,vxv6wpk@okhdfcbank
ORD2055436,MERCH009,jpbt0x3@okaxis
ORD2054811,MERCH010,bank_acct_0280****7530
ORD2059090,MERCH007,xmv23t6@okicici
ORD2052500,MERCH019,bank_acct_7453****6752
ORD2059002,MERCH002,dc7t8mr@okhdfcbank
ORD2049636,MERCH020,bank_acct_0947****2621
ORD2005874,MERCH013,bank_acct_3252****0415
ORD2001281,MERCH011,savzp52@ybl
ORD2016653,MERCH005,bank_acct_1065****8805
ORD2041365,MERCH001,bank_acct_0757****1537
ORD2052123,MERCH016,wsio1iq@ybl
ORD2014252,MERCH010,bank_acct_9957****9503
ORD2004414,MERCH009,jgzcjl3@okicici
ORD2045117,MERCH014,kdlffm6@okaxis
ORD2038025,MERCH013,bank_acct_0231****5115
ORD2040028,MERCH014,bvguo68@oksbi
ORD2018106,MERCH002,a16nyq7@okaxis
ORD2029519,MERCH019,bank_acct_2340****9345
ORD2025525,MERCH019,bank_acct_5857****3595
ORD2013228,MERCH007,czgbldh@oksbi
ORD2005406,MERCH011,g14zwwv@ybl
ORD2024153,MERCH008,am0n113@okicici
ORD2053628,MERCH018,j7yga1y@okicici
ORD2042359,MERCH016,i5euvbb@ybl
ORD2025706,MERCH012,tsvjrfl@okhdfcbank
ORD2052537,MERCH017,imfl0kn@okicici
ORD2036471,MERCH016,qtpcoir@oksbi
ORD2048896,MERCH018,bank_acct_3162****0420
ORD2042146,MERCH006,bsw3xao@oksbi
ORD2000675,MERCH010,bank_acct_9090****4935
ORD2048869,MERCH004,bank_acct_6836****9564
ORD2017450,MERCH016,uwwzvm0@ybl
ORD2050393,MERCH005,hahtfcp@okaxis
ORD2015267,MERCH009,bank_acct_0575****0575
ORD2045158,MERCH018,prvaxup@okaxis
ORD2004692,MERCH006,bank_acct_9382****3031
ORD2052661,MERCH011,bank_acct_0299****1631
ORD2050942,MERCH003,bank_acct_1124****5506
ORD2032252,MERCH008,bank_acct_1075****8924
ORD2021002,MERCH012,bank_acct_8264****6216
ORD2019370,MERCH008,bank_acct_2319****3526
ORD2003737,MERCH010,bank_acct_1766****1441
ORD2056701,MERCH014,bank_acct_0747****4439
ORD2035882,MERCH011,famux7b@okhdfcbank
ORD2057426,MERCH012,qipyams@okaxis
ORD2040566,MERCH009,bank_acct_1019****2355
ORD2000769,MERCH019,bank_acct_4639****9642
ORD2053964,MERCH010,p6kfwgp@okhdfcbank
ORD2012468,MERCH015,bank_acct_4890****0297
ORD2015521,MERCH004,3iktpjn@oksbi
ORD2018902,MERCH016,bank_acct_0742****2794
ORD2049686,MERCH002,z2oalfw@okhdfcbank
ORD2021441,MERCH017,bank_acct_5013****5422
ORD2045709,MERCH016,eubia2z@oksbi
ORD2049473,MERCH007,bank_acct_6260****0106
ORD2022949,MERCH017,bank_acct_8360****3185
ORD2026363,MERCH004,bank_acct_6536****7724
ORD2043938,MERCH013,lnbdqpa@okicici
ORD2015513,MERCH017,blso2yh@okicici
ORD2044594,MERCH010,3ii1wt2@okicici
ORD2021175,MERCH014,n2jfdr0@ybl
ORD2055217,MERCH002,2c9cugi@ybl
ORD2058229,MERCH005,bank_acct_4129****4437
ORD2055204,MERCH005,auhlalm@okicici
ORD2056126,MERCH007,oyfj01j@okicici
ORD2044247,MERCH011,hqhrw2h@okaxis
ORD2047939,MERCH014,rhhuybc@okhdfcbank
ORD2054143,MERCH019,bank_acct_6029****4986
ORD2000892,MERCH015,bank_acct_3851****6929
ORD2013752,MERCH005,bank_acct_7182****4540
ORD2047179,MERCH011,p9qdua9@okhdfcbank
ORD2022476,MERCH006,pimsrh7@okicici
ORD2056157,MERCH003,bank_acct_8031****2108
ORD2038445,MERCH016,bank_acct_8986****4439
ORD2053047,MERCH011,96348oo@ybl
ORD2014684,MERCH006,bzfsp7q@okaxis
ORD2005189,MERCH011,bank_acct_1382****8795
ORD2015176,MERCH002,fcjtcur@ybl
ORD2017639,MERCH001,bank_acct_5858****6168
ORD2043737,MERCH015,kxiggm9@oksbi
ORD2015709,MERCH009,blg04tu@okicici
ORD2030540,MERCH007,bank_acct_8053****5873
ORD2012346,MERCH006,bank_acct_3131****8449
ORD2016224,MERCH019,juriael@okaxis
ORD2003937,MERCH006,bank_acct_6583****4520
ORD2028284,MERCH016,bank_acct_5989****3639
ORD2045933,MERCH003,yzqxrnw@okaxis
ORD2043123,MERCH005,bank_acct_7965****4418
ORD2040269,MERCH020,azktoam@okhdfcbank
ORD2012920,MERCH014,ofrurm6@okaxis
ORD2035395,MERCH014,6x8el4h@oksbi
ORD2009215,MERCH013,pbbkyui@okaxis
ORD2019453,MERCH014,bank_acct_6791****1785
ORD2041283,MERCH016,xs4ypqd@oksbi
ORD2055226,MERCH013,bank_acct_2929****6264
ORD2051087,MERCH001,bank_acct_4669****0836
ORD2021003,MERCH002,r9merpm@okicici
ORD2023751,MERCH018,bank_acct_5877****4052
ORD2032915,MERCH007,wukuv1u@ybl
ORD2032398,MERCH012,ervjvgg@okaxis
ORD2003338,MERCH001,f0qhju6@okhdfcbank
ORD2050428,MERCH011,bank_acct_8454****1353
ORD2051689,MERCH017,bank_acct_0996****5940
ORD2018369,MERCH007,bank_acct_3111****8511
ORD2007864,MERCH001,ergzna2@oksbi
ORD2042364,MERCH001,7ex1lim@oksbi
ORD2048411,MERCH017,bank_acct_5232****5668
ORD2034408,MERCH008,2nx3qg0@okicici
ORD2007899,MERCH012,bank_acct_0305****2609
ORD2002451,MERCH010,vajvmp3@oksbi
ORD2004342,MERCH005,vkseloc@oksbi
ORD2051343,MERCH004,gfdvfdn@okicici
ORD2023097,MERCH013,bank_acct_0930****0045
ORD2055397,MERCH017,gfsrvcq@okhdfcbank
ORD2010595,MERCH019,jiavjjk@okicici
ORD2049890,MERCH010,yckzeq0@okhdfcbank
ORD2029011,MERCH006,bank_acct_5135****3942
ORD2053762,MERCH003,bank_acct_3354****6548
ORD2056289,MERCH006,bank_acct_6008****0880
ORD2053462,MERCH010,bank_acct_4705****5126
ORD2001184,MERCH010,6gnks7g@okicici
ORD2046012,MERCH015,bank_acct_0859****7494
ORD2037007,MERCH017,tthpuni@okicici
ORD2019104,MERCH020,bank_acct_1167****2206
ORD2057621,MERCH017,bank_acct_1993****2875
ORD2007020,MERCH011,a58xdtf@oksbi
ORD2053025,MERCH014,2gosspd@okaxis
ORD2038307,MERCH005,eejerok@okicici
ORD2054122,MERCH011,sofffm9@okaxis
ORD2044431,MERCH016,1adcskq@okaxis
ORD2031246,MERCH012,ytbph5v@okhdfcbank
ORD2043041,MERCH007,ff3zsvj@okaxis
ORD2058118,MERCH006,bank_acct_7035****3020
ORD2025011,MERCH003,vcoedgj@okhdfcbank
ORD2054058,MERCH001,bank_acct_2051****9991
ORD2039875,MERCH008,imruoze@okaxis
ORD2039280,MERCH008,bank_acct_1478****9097
ORD2023250,MERCH005,xonarkc@ybl
ORD2002080,MERCH007,ejagsnj@okicici
ORD2048268,MERCH001,bank_acct_1114****4997
ORD2057979,MERCH019,bank_acct_5503****5045
ORD2011380,MERCH017,0fc35r8@oksbi
ORD2056582,MERCH006,bank_acct_9874****5958
ORD2017273,MERCH004,bank_acct_7239****0278
ORD2056938,MERCH012,bank_acct_4307****1470
ORD2042924,MERCH002,nezezep@ybl
ORD2008038,MERCH013,bank_acct_6679****5679
ORD2024992,MERCH009,vqzklkl@ybl
ORD2035475,MERCH018,bank_acct_4470****8154
ORD2020769,MERCH020,hw7ujss@okicici
ORD2006636,MERCH002,bank_acct_2170****8220
ORD2025021,MERCH020,ltrkgnz@okicici
ORD2046206,MERCH002,bank_acct_4458****9498
ORD2036978,MERCH004,bank_acct_4722****8038
ORD2037237,MERCH017,bank_acct_5232****5668
ORD2043940,MERCH002,9k7z5b6@okaxis
ORD2058286,MERCH004,kzy8iqv@okaxis
ORD2029132,MERCH014,bank_acct_2210****9281
ORD2022387,MERCH015,bank_acct_9909****2478
ORD2044101,MERCH013,zdkdvpp@okhdfcbank
ORD2013414,MERCH004,bjbopqz@okaxis
ORD2051138,MERCH018,7320m33@ybl
ORD2057061,MERCH009,bank_acct_0292****9036
ORD2014387,MERCH016,bank_acct_3593****3600
ORD2004815,MERCH005,bank_acct_6835****2919
ORD2036450,MERCH007,ye38owz@okhdfcbank
ORD2020268,MERCH001,bank_acct_8646****7490
ORD2010593,MERCH010,xfyjmuj@ybl
ORD2014225,MERCH014,g5rzjkp@okicici
ORD2030637,MERCH004,jvkmrdc@okaxis
ORD2031052,MERCH017,uf27doy@okaxis
ORD2007696,MERCH009,pfcmngx@oksbi
ORD2006547,MERCH020,k2xvgzl@ybl
ORD2022761,MERCH010,euykdp3@okaxis
ORD2029219,MERCH005,3fw53lo@okicici
ORD2050520,MERCH014,bank_acct_8633****5259
ORD2013247,MERCH004,bank_acct_4151****3802
ORD2027321,MERCH017,bank_acct_5408****5671
ORD2032349,MERCH020,bank_acct_7154****7655
ORD2034628,MERCH004,bank_acct_5154****9269
ORD2026400,MERCH010,bank_acct_9470****3234
ORD2045378,MERCH004,iwb5nx7@okhdfcbank
ORD2031324,MERCH004,bank_acct_3673****5589
ORD2042160,MERCH016,bank_acct_1522****9294
ORD2044660,MERCH007,mhcmbh2@ybl
ORD2009398,MERCH020,oah6vgp@ybl
ORD2043063,MERCH007,bank_acct_4050****9332
ORD2026842,MERCH002,2urdfpr@oksbi
ORD2055260,MERCH017,bank_acct_7698****7440
ORD2045862,MERCH018,mkdbk6n@okhdfcbank
ORD2025723,MERCH014,d96awtz@okhdfcbank
ORD2041842,MERCH010,bank_acct_0080****9947
ORD2040810,MERCH006,7incfjo@okaxis
ORD2045305,MERCH002,bank_acct_7685****4868
ORD2016347,MERCH018,bank_acct_7687****1053
ORD2038784,MERCH016,jyp4al7@okaxis
ORD2035899,MERCH007,bank_acct_6713****4381
ORD2023799,MERCH016,tjbornq@okhdfcbank
ORD2040907,MERCH011,tgiwncw@ybl
ORD2031274,MERCH008,bank_acct_5744****3775
ORD2001440,MERCH001,bank_acct_3582****6760
ORD2054608,MERCH001,bank_acct_9215****5936
ORD2045383,MERCH003,7kty5rw@okhdfcbank
ORD2035782,MERCH004,bank_acct_5606****1497
ORD2056353,MERCH019,bank_acct_5396****9136
ORD2003987,MERCH016,bank_acct_2244****1926
ORD2056982,MERCH005,bank_acct_1167****7061
ORD2022875,MERCH003,wiiwnmf@ybl
ORD2010419,MERCH017,6qpba8y@okicici
ORD2032194,MERCH003,bank_acct_6497****6851
ORD2028200,MERCH003,sdmemmq@oksbi
ORD2000819,MERCH004,zk76x44@okicici
ORD2003767,MERCH009,bank_acct_0830****7819
ORD2049545,MERCH008,oe4ymfb@okicici
ORD2023529,MERCH015,ji4ucdc@okhdfcbank
ORD2013403,MERCH010,bank_acct_1644****1857
ORD2011291,MERCH009,h5poee1@okaxis
ORD2020873,MERCH015,bank_acct_5838****4783
ORD2008613,MERCH002,hljuauq@okaxis
ORD2038133,MERCH004,bank_acct_6724****2133
ORD2048788,MERCH006,bank_acct_3558****8348
ORD2006670,MERCH002,f7vbvgx@okaxis
ORD2046164,MERCH010,t5rxiqi@ybl
ORD2051108,MERCH012,mudvcq3@ybl
ORD2003572,MERCH011,cns0jtp@okicici
ORD2041340,MERCH014,bank_acct_8226****5864
ORD2007448,MERCH004,bank_acct_4035****3879
ORD2005312,MERCH004,monidgv@okhdfcbank
ORD2006522,MERCH002,bank_acct_9867****9044
ORD2022243,MERCH017,bank_acct_5315****3249
ORD2050058,MERCH006,dqyqko4@okhdfcbank
ORD2020517,MERCH011,bank_acct_0001****7155
ORD2031576,MERCH012,bank_acct_9860****7315
ORD2013387,MERCH015,bank_acct_6489****5803
ORD2004579,MERCH020,7zbsf0h@okhdfcbank
ORD2006781,MERCH002,bank_acct_8222****3104
ORD2015083,MERCH003,syxm9ae@okhdfcbank
ORD2029863,MERCH012,jmocqf6@okhdfcbank
ORD2058398,MERCH011,bank_acct_3964****6025
ORD2013072,MERCH006,bank_acct_9113****7341
ORD2057643,MERCH004,gzxfjc9@ybl
ORD2042341,MERCH013,hca54y7@okhdfcbank
ORD2015767,MERCH013,nzqfzbu@oksbi
ORD2023754,MERCH015,bank_acct_7021****4297
ORD2040466,MERCH009,bank_acct_0562****6048
ORD2057138,MERCH016,bank_acct_6008****0880
ORD2019505,MERCH016,6qpl34e@oksbi
ORD2036351,MERCH014,bank_acct_0088****3788
ORD2054796,MERCH006,efzgkd0@okicici
ORD2041281,MERCH004,bank_acct_0013****8914
ORD2025886,MERCH005,hm7nleo@ybl
ORD2023521,MERCH002,bank_acct_1410****4265
ORD2034099,MERCH006,wfffami@oksbi
ORD2000127,MERCH004,bank_acct_4637****9345
ORD2039941,MERCH014,wq3hvon@okicici
ORD2035981,MERCH019,b18hleu@okhdfcbank
ORD2017007,MERCH016,abehzk4@okicici
ORD2004969,MERCH019,tix9eff@okhdfcbank
ORD2004318,MERCH015,xvmxbhl@oksbi
ORD2004200,MERCH006,bank_acct_7004****6125
ORD2001207,MERCH020,oh6tstq@okhdfcbank
ORD2050081,MERCH013,bank_acct_3536****9036
ORD2049390,MERCH012,bank_acct_2785****2108
ORD2054526,MERCH020,bank_acct_0707****8230
ORD2059683,MERCH001,n9mngcw@oksbi
ORD2028640,MERCH005,vfjtf2k@okhdfcbank
ORD2056661,MERCH016,zodmzf7@okicici
ORD2009663,MERCH016,bank_acct_1163****8131
ORD2037907,MERCH004,vwqd1d2@oksbi
ORD2002571,MERCH014,hmtw7io@okaxis
ORD2044704,MERCH015,bank_acct_4178****3683
ORD2021432,MERCH002,bank_acct_2463****1735
ORD2026387,MERCH005,bank_acct_2337****9067
ORD2023775,MERCH011,bank_acct_4298****1931
ORD2001993,MERCH001,be4feud@okicici
ORD2018793,MERCH017,bank_acct_6712****8182
ORD2038793,MERCH019,bank_acct_3316****2741
ORD2003852,MERCH019,sjfltco@okhdfcbank
ORD2000702,MERCH008,nc68uze@okicici
ORD2043566,MERCH011,bank_acct_8954****6425
ORD2015906,MERCH017,y0ngd8e@oksbi
ORD2025015,MERCH017,fuheoab@ybl
ORD2006897,MERCH020,biqm2py@okicici
ORD2030913,MERCH004,bank_acct_1188****1320
ORD2024332,MERCH014,bank_acct_7012****9407
ORD2049933,MERCH008,bank_acct_8940****2386
ORD2042860,MERCH016,bank_acct_4303****0790
ORD2021793,MERCH012,wt7yc2j@ybl
ORD2033689,MERCH013,bank_acct_8235****5334
ORD2003486,MERCH005,gaytinn@okhdfcbank
ORD2002513,MERCH018,ahh3nuu@okhdfcbank
ORD2038398,MERCH020,j3ppupd@okhdfcbank
ORD2046797,MERCH002,bank_acct_4149****0910
ORD2028455,MERCH001,bank_acct_1123****7076
ORD2006106,MERCH006,hh5owch@ybl
ORD2040446,MERCH017,u76y1nl@okhdfcbank
ORD2004544,MERCH016,zciuldo@okhdfcbank
ORD2042421,MERCH016,px8rtsp@okhdfcbank
ORD2050788,MERCH006,bank_acct_4119****8895
ORD2054524,MERCH003,b9zgijk@okaxis
ORD2008401,MERCH016,zfvz0kr@oksbi
ORD2016171,MERCH011,bank_acct_9828****6335
ORD2049852,MERCH008,vneuq6i@okaxis
ORD2047305,MERCH011,glte0bf@okicici
ORD2029624,MERCH009,bank_acct_9485****6310
ORD2033036,MERCH002,bank_acct_6396****4156
ORD2043626,MERCH017,mktgiqa@okhdfcbank
ORD2052734,MERCH008,bank_acct_2084****0517
ORD2016775,MERCH018,t3jtnml@okaxis
ORD2000126,MERCH013,bank_acct_1854****1738
ORD2059297,MERCH013,bank_acct_6258****2665
ORD2055640,MERCH008,tafsaii@okhdfcbank
ORD2024287,MERCH003,qa5gfic@oksbi
ORD2043621,MERCH015,bank_acct_3816****8074
ORD2022223,MERCH015,vpdcpag@ybl
ORD2045724,MERCH019,bank_acct_0024****8335
ORD2019269,MERCH015,bank_acct_9538****9705
ORD2030208,MERCH003,ydymh2c@ybl
ORD2045611,MERCH016,bank_acct_3503****0701
ORD2009959,MERCH015,bank_acct_3592****0564
ORD2021314,MERCH011,bank_acct_9019****6583
ORD2027720,MERCH004,bank_acct_1317****1496
ORD2027880,MERCH016,aintlch@ybl
ORD2035023,MERCH001,yl01gdm@oksbi
ORD2055528,MERCH004,bank_acct_5534****2343
ORD2040617,MERCH013,bank_acct_8386****4492
ORD2028412,MERCH014,bank_acct_1852****0882
ORD2023424,MERCH002,bank_acct_8457****4726
ORD2026857,MERCH018,xcpc1db@okaxis
ORD2047531,MERCH018,zaynqfd@okhdfcbank
ORD2020538,MERCH001,bank_acct_0064****4178
ORD2008648,MERCH003,bank_acct_3143****2273
ORD2010094,MERCH020,bq29dza@okaxis
ORD2033011,MERCH020,fjttsxn@ybl
ORD2001388,MERCH010,bank_acct_5655****1358
ORD2059610,MERCH017,3tfthgo@okicici
ORD2025859,MERCH018,bank_acct_8650****2267
ORD2007598,MERCH007,bank_acct_9208****2409
ORD2004639,MERCH015,6to39fz@oksbi
ORD2000940,MERCH003,bank_acct_0818****3793
ORD2016838,MERCH002,qb333rf@okaxis
ORD2021907,MERCH008,bank_acct_1694****4654
ORD2053135,MERCH015,bank_acct_8730****2518
ORD2030375,MERCH011,3evdmmf@oksbi
ORD2040332,MERCH018,00z5zdh@okicici
ORD2024995,MERCH020,bank_acct_4548****5719
ORD2002314,MERCH020,bank_acct_5860****0814
ORD2037855,MERCH016,bank_acct_7174****9187
ORD2032437,MERCH012,grzbbig@oksbi
ORD2005169,MERCH015,3uv0fgd@okaxis
ORD2034840,MERCH004,bank_acct_6518****6134
ORD2033568,MERCH004,bank_acct_2731****8555
ORD2043262,MERCH008,bank_acct_5824****3113
ORD2054467,MERCH001,foleqhn@okaxis
ORD2010830,MERCH011,bank_acct_2885****9664
ORD2031122,MERCH012,lbjlbr6@ybl
ORD2016251,MERCH010,wcl1lzh@oksbi
ORD2055857,MERCH018,bank_acct_8093****8707
ORD2026682,MERCH017,bank_acct_8609****8671
ORD2030045,MERCH012,u9ip4ti@okhdfcbank
ORD2037760,MERCH004,bank_acct_4275****8500
ORD2025534,MERCH002,bank_acct_4527****4603
ORD2049799,MERCH006,bank_acct_9858****8690
ORD2057658,MERCH016,bank_acct_3612****5985
ORD2031886,MERCH005,bank_acct_6746****6750
ORD2024783,MERCH014,bank_acct_9827****0458
ORD2016072,MERCH004,bank_acct_4573****3849
ORD2004076,MERCH009,bank_acct_6684****0079
ORD2048063,MERCH020,iboeg44@oksbi
ORD2048548,MERCH008,mkdbk6n@okhdfcbank
ORD2031445,MERCH004,bank_acct_6083****8744
ORD2022379,MERCH013,vltqda8@okhdfcbank
ORD2026603,MERCH007,bank_acct_9174****3272
ORD2013663,MERCH015,bank_acct_4564****9856
ORD2058955,MERCH007,bank_acct_2619****9484
ORD2006189,MERCH011,vnimdhl@ybl
ORD2021707,MERCH004,bank_acct_4536****3833
ORD2025042,MERCH014,h20uh3g@oksbi
ORD2002609,MERCH002,bank_acct_4458****8496
ORD2024177,MERCH019,azjbthk@oksbi
ORD2039071,MERCH004,en6nmqi@oksbi
ORD2052470,MERCH015,7vfupx2@okaxis
ORD2045122,MERCH019,bank_acct_6254****4968
ORD2011840,MERCH016,bank_acct_8902****7039
ORD2027888,MERCH001,bank_acct_1549****3921
ORD2045061,MERCH017,bank_acct_2264****8430
ORD2059138,MERCH002,pfb4l6h@okaxis
ORD2025293,MERCH018,yvcru10@ybl
ORD2012280,MERCH014,bank_acct_5680****8076
ORD2038498,MERCH019,bank_acct_8813****4377
ORD2053526,MERCH016,zkb51rm@okhdfcbank
ORD2058910,MERCH017,bank_acct_0171****4198
ORD2000253,MERCH006,nwy6s3f@okhdfcbank
ORD2036031,MERCH019,bank_acct_1721****0850
ORD2040505,MERCH006,uo1b26t@okhdfcbank
ORD2040136,MERCH002,sdmemmq@oksbi
ORD2038468,MERCH004,pnhtucn@oksbi
ORD2039777,MERCH013,bank_acct_0490****8053
ORD2010446,MERCH020,bank_acct_4809****6180
ORD2046882,MERCH003,euykdp3@okaxis
ORD2048013,MERCH017,bank_acct_6002****5550
ORD2056071,MERCH013,bank_acct_8202****0875
ORD2017909,MERCH014,bank_acct_0233****0125
ORD2054474,MERCH020,tgzzrfb@okaxis
ORD2003524,MERCH008,bank_acct_4781****8533
ORD2010111,MERCH009,wray0hi@okaxis
ORD2046182,MERCH013,aqyc35r@okhdfcbank
ORD2024191,MERCH011,bank_acct_4617****0406
ORD2040126,MERCH010,piesdt3@okaxis
ORD2011956,MERCH015,bank_acct_5632****5363
ORD2020877,MERCH005,bank_acct_4635****6310
ORD2012897,MERCH005,d8spgyr@okaxis
ORD2023642,MERCH014,hp7f6dp@ybl
ORD2039526,MERCH020,bank_acct_8199****0267
ORD2048675,MERCH017,bank_acct_0557****6059
ORD2036199,MERCH004,qtpcoir@oksbi
ORD2038031,MERCH018,bank_acct_7289****2438
ORD2031396,MERCH011,kxsvew7@ybl
ORD2020841,MERCH018,xxntiv1@okaxis
ORD2051637,MERCH007,2r4b1l2@okhdfcbank
ORD2036479,MERCH007,bank_acct_4428****5375
ORD2049212,MERCH007,mwsmifx@okaxis
ORD2015131,MERCH020,bank_acct_3499****1243
ORD2015595,MERCH010,qvafytc@ybl
ORD2047115,MERCH012,pngreoc@ybl
ORD2016799,MERCH005,bank_acct_5661****6099
ORD2026946,MERCH006,gc9m2oa@ybl
ORD2032665,MERCH017,bank_acct_4101****6781
ORD2010320,MERCH018,buffb5v@okaxis
ORD2038696,MERCH011,ti79wsw@okhdfcbank
ORD2057294,MERCH004,c7xdyjw@okhdfcbank
ORD2004961,MERCH012,danlsna@oksbi
ORD2059464,MERCH018,bank_acct_1883****8746
ORD2039890,MERCH016,bank_acct_1821****0489
ORD2004118,MERCH019,bank_acct_3280****4821
ORD2010844,MERCH019,bank_acct_8193****3449
ORD2019465,MERCH014,bank_acct_6244****8881
ORD2022745,MERCH018,bank_acct_7426****1315
ORD2018609,MERCH010,bank_acct_3711****6609
ORD2052658,MERCH014,bank_acct_8710****5533
ORD2043688,MERCH001,yotqy4f@okaxis
ORD2007101,MERCH002,boqikqk@oksbi
ORD2019760,MERCH001,bank_acct_4096****8917
ORD2052274,MERCH013,wlcn6j7@oksbi
ORD2003316,MERCH005,bank_acct_1215****2134
ORD2004651,MERCH002,8iaxd1f@oksbi
ORD2003541,MERCH002,nadzbtn@ybl
ORD2043850,MERCH007,zxe2axc@ybl
ORD2034899,MERCH009,bank_acct_8852****4949
ORD2010275,MERCH006,bank_acct_4901****4516
ORD2059012,MERCH010,bank_acct_0094****4800
ORD2040902,MERCH009,ntzpaax@oksbi
ORD2014079,MERCH005,bank_acct_8600****3066
ORD2011139,MERCH002,bank_acct_1065****4318
ORD2039243,MERCH010,bank_acct_6507****0229
ORD2030698,MERCH007,bank_acct_4638****7083
ORD2003247,MERCH018,bank_acct_2973****0922
ORD2051110,MERCH002,3ydpwee@oksbi
ORD2041561,MERCH012,bank_acct_9213****0410
ORD2002994,MERCH015,bank_acct_8706****0214
ORD2053002,MERCH004,tpmxgek@okicici
ORD2035310,MERCH020,bank_acct_3060****2006
ORD2016055,MERCH018,bank_acct_3742****4039
ORD2019289,MERCH008,g5xxfyi@ybl
ORD2055008,MERCH018,bank_acct_2856****7407
ORD2044928,MERCH013,bank_acct_3518****4433
ORD2040923,MERCH008,05radzs@okaxis
ORD2033456,MERCH017,hyj9mra@oksbi
ORD2042732,MERCH010,mr0yrfh@okicici
ORD2022098,MERCH002,bank_acct_5645****2168
ORD2038096,MERCH013,bank_acct_1348****9045
ORD2057506,MERCH019,bvguo68@oksbi
ORD2058792,MERCH011,bank_acct_1974****6823
ORD2028744,MERCH018,bank_acct_7440****0840
ORD2043361,MERCH002,bank_acct_0340****8857
ORD2005950,MERCH001,bank_acct_1138****1248
ORD2048914,MERCH009,qdyc5te@okicici
ORD2059054,MERCH007,3mfnm4z@okaxis
ORD2036864,MERCH020,bank_acct_0819****1921
ORD2039885,MERCH015,yi1fso9@okhdfcbank
ORD2044223,MERCH008,bank_acct_4346****3483
ORD2035606,MERCH012,yh2de2e@oksbi
ORD2006448,MERCH006,2urdfpr@oksbi
ORD2010643,MERCH018,bank_acct_2072****0504
ORD2024825,MERCH020,scb4dxk@okhdfcbank
ORD2004812,MERCH007,ccpbzce@ybl
ORD2042576,MERCH007,atagjgf@okicici
ORD2032911,MERCH010,bank_acct_8076****0060
ORD2001764,MERCH015,bank_acct_1755****6603
ORD2055181,MERCH006,zyv2a19@oksbi
ORD2046972,MERCH003,bank_acct_3523****9858
ORD2011154,MERCH006,bank_acct_0765****0467
ORD2043342,MERCH006,bank_acct_6114****7882
ORD2039260,MERCH017,lwgk4ts@ybl
ORD2034290,MERCH004,uawv0tz@ybl
ORD2015413,MERCH013,bank_acct_7309****4362
ORD2026098,MERCH002,bank_acct_6340****9922
ORD2009047,MERCH016,iqrozy9@okicici
ORD2028364,MERCH018,s01irfv@ybl
ORD2052873,MERCH009,bank_acct_2288****1598
ORD2055893,MERCH005,goopgfo@okhdfcbank
ORD2014078,MERCH006,os4pw4w@okicici
ORD2030776,MERCH019,bank_acct_7918****0400
ORD2022553,MERCH009,bank_acct_7352****2754
ORD2005828,MERCH001,54vjgmo@ybl
ORD2038912,MERCH011,c3wsnzm@okaxis
ORD2002417,MERCH019,bank_acct_6254****4968
ORD2009566,MERCH002,bank_acct_0053****5045
ORD2059125,MERCH005,m8korbd@okhdfcbank
ORD2022734,MERCH011,sujddxq@ybl
ORD2039895,MERCH020,bank_acct_4029****5530
ORD2036015,MERCH002,bank_acct_2495****5486
ORD2051763,MERCH020,bank_acct_2917****2554
ORD2038379,MERCH010,xxzjad1@okaxis
ORD2040515,MERCH016,y4ewx85@okaxis
ORD2038147,MERCH019,bank_acct_0760****6643
ORD2003741,MERCH018,bank_acct_9466****0393
ORD2010315,MERCH012,bank_acct_6864****5514
ORD2000518,MERCH003,bank_acct_7671****5549
ORD2059077,MERCH011,bet5lut@oksbi
ORD2046271,MERCH017,bank_acct_8312****2259
ORD2040217,MERCH008,gfaerau@okhdfcbank
ORD2001320,MERCH006,bank_acct_7873****8092
ORD2011825,MERCH017,fsin1k2@okaxis
ORD2013372,MERCH003,bank_acct_2159****7184
ORD2051800,MERCH017,bank_acct_0791****6972
ORD2003351,MERCH006,bank_acct_9849****4901
ORD2019744,MERCH014,jopvvai@okicici
ORD2058666,MERCH018,lznb0gj@okaxis
ORD2053402,MERCH018,pdugfg4@oksbi
ORD2017275,MERCH013,bank_acct_6218****9461
ORD2039293,MERCH003,bank_acct_7728****2617
ORD2007099,MERCH012,64boend@okicici
ORD2039608,MERCH008,bank_acct_4859****6867
ORD2040522,MERCH007,pmxyncj@okhdfcbank
ORD2027191,MERCH011,tv6ralv@okaxis
ORD2058587,MERCH011,slhgqpc@ybl
ORD2036751,MERCH012,matrncx@okicici
ORD2000371,MERCH010,bank_acct_8285****9507
ORD2030437,MERCH007,bank_acct_4937****5905
ORD2013135,MERCH020,bank_acct_0109****3630
ORD2042921,MERCH013,boqikqk@oksbi
ORD2053165,MERCH018,bank_acct_0380****0802
ORD2042724,MERCH001,pzggnyv@okaxis
ORD2046907,MERCH004,bank_acct_9449****6959
ORD2033798,MERCH012,vxcfzz4@okaxis
ORD2024922,MERCH015,bank_acct_2384****9134
ORD2002565,MERCH008,cq5rksz@oksbi
ORD2057766,MERCH009,1ygjobg@okhdfcbank
ORD2032258,MERCH002,bank_acct_8500****5755
ORD2005291,MERCH011,bank_acct_6465****5391
ORD2034731,MERCH013,ybppiaq@okaxis
ORD2000498,MERCH004,wghik2r@okaxis
ORD2013695,MERCH013,gxfb73u@okhdfcbank
ORD2028417,MERCH002,bank_acct_8222****3104
ORD2022686,MERCH008,sdmemmq@oksbi
ORD2001802,MERCH001,bank_acct_0493****4230
ORD2034355,MERCH017,bank_acct_3151****6434
ORD2037999,MERCH012,zcqpyxi@okhdfcbank
ORD2024820,MERCH017,bank_acct_7786****4878
ORD2040180,MERCH005,otxrntz@oksbi
ORD2040464,MERCH016,a8jcnpm@okaxis
ORD2033282,MERCH002,mbysuxg@oksbi
ORD2047703,MERCH004,qtpcoir@oksbi
ORD2056549,MERCH007,ylgwnvh@oksbi
ORD2013391,MERCH011,6pqch8p@okicici
ORD2056515,MERCH002,boqikqk@oksbi
ORD2016679,MERCH004,mtmz1bx@okhdfcbank
ORD2032760,MERCH006,7zmtals@okaxis
ORD2017607,MERCH018,bank_acct_1329****9840
ORD2053971,MERCH018,pdw7vsw@okicici
ORD2044366,MERCH001,kafps5x@okicici
ORD2057799,MERCH003,cybrdue@oksbi
ORD2014961,MERCH007,bank_acct_1367****7931
ORD2045263,MERCH007,8mnal9p@ybl
ORD2045768,MERCH014,bank_acct_9356****7339
ORD2021414,MERCH004,rsg4lbz@okhdfcbank
ORD2014579,MERCH007,grnidlw@ybl
ORD2025418,MERCH018,thhbfy8@okaxis
ORD2006506,MERCH014,bank_acct_6741****9012
ORD2009206,MERCH003,zp5ls4d@okhdfcbank
ORD2001056,MERCH005,bank_acct_0331****0249
ORD2026142,MERCH001,bank_acct_3133****7477
ORD2004629,MERCH015,bank_acct_8666****4487
ORD2004117,MERCH011,bank_acct_9967****0593
ORD2041953,MERCH020,bank_acct_6432****1606
ORD2013965,MERCH003,tpaasfr@ybl
ORD2008515,MERCH002,dhs813w@ybl
ORD2021803,MERCH006,d4vpzly@oksbi
ORD2022746,MERCH009,bank_acct_2374****5111
ORD2028817,MERCH018,tez2obd@okhdfcbank
ORD2057278,MERCH003,bank_acct_2513****4585
ORD2051944,MERCH019,mji9g2t@okhdfcbank
ORD2000187,MERCH008,bank_acct_9262****2601
ORD2045513,MERCH009,bank_acct_1543****9226
ORD2014842,MERCH014,hqehtsr@okicici
ORD2010629,MERCH013,va5jlgm@okhdfcbank
ORD2008380,MERCH015,bank_acct_0415****0216
ORD2011361,MERCH013,j04gtqv@okhdfcbank
ORD2040163,MERCH014,fvfsxko@okicici
ORD2013507,MERCH011,nz9g2ts@okaxis
ORD2042497,MERCH001,bank_acct_5979****7598
ORD2001364,MERCH013,tznnzpm@okhdfcbank
ORD2040969,MERCH004,uak9eqi@okhdfcbank
ORD2010278,MERCH018,wpr9ucn@okaxis
ORD2031334,MERCH001,emfnxzy@ybl
ORD2010960,MERCH020,6y40qob@oksbi
ORD2047365,MERCH003,wd6ulx6@okicici
ORD2004796,MERCH019,bank_acct_5413****4855
ORD2045622,MERCH002,s4hpixp@oksbi
ORD2056724,MERCH003,bank_acct_7351****7854
ORD2025137,MERCH012,uhh3ywz@okhdfcbank
ORD2027360,MERCH017,bank_acct_1124****8020
ORD2035436,MERCH004,gjfrem6@okhdfcbank
ORD2014065,MERCH010,cqimbtg@oksbi
ORD2003836,MERCH005,otxrntz@oksbi
ORD2016459,MERCH020,bank_acct_0102****6243
ORD2033610,MERCH003,bank_acct_0032****6127
ORD2003473,MERCH010,l0yv6st@ybl
ORD2019705,MERCH015,bank_acct_5491****6356
ORD2037156,MERCH013,bank_acct_8009****6629
ORD2004930,MERCH013,bank_acct_5505****2844
ORD2026567,MERCH001,bank_acct_2801****0642
ORD2052338,MERCH016,wbx8l61@okhdfcbank
ORD2008977,MERCH006,bank_acct_4762****4320
ORD2050353,MERCH018,wroyeyj@okhdfcbank
ORD2018097,MERCH008,bank_acct_5275****5423
ORD2026050,MERCH005,bank_acct_2835****8981
ORD2018871,MERCH013,obxf4sk@ybl
ORD2037207,MERCH018,gafmty9@okicici
ORD2024263,MERCH010,taxzq0n@oksbi
ORD2032710,MERCH017,bank_acct_5232****5668
ORD2032909,MERCH010,fdvkexg@ybl
ORD2000802,MERCH012,kbf7jzb@oksbi
ORD2013858,MERCH001,skefqfn@okhdfcbank
ORD2008282,MERCH018,e41dxkf@okaxis
ORD2020439,MERCH018,bank_acct_3978****9296
ORD2034694,MERCH005,bank_acct_4630****0453
ORD2009198,MERCH004,xv4zmcq@okaxis
ORD2039156,MERCH002,bank_acct_0631****2183
ORD2053731,MERCH001,bank_acct_7041****8582
ORD2053157,MERCH019,bank_acct_4429****8155
ORD2051231,MERCH020,bank_acct_5126****6214
ORD2041252,MERCH013,bank_acct_3699****7974
ORD2049503,MERCH018,kgxrgvc@okhdfcbank
ORD2010361,MERCH017,bank_acct_1986****8076
ORD2027634,MERCH010,9bouqqq@okaxis
ORD2012608,MERCH007,bank_acct_1417****7408
ORD2026389,MERCH012,bank_acct_1589****5036
ORD2046833,MERCH007,bank_acct_5150****8815
ORD2029830,MERCH014,bank_acct_0601****8651
ORD2012114,MERCH017,rugckx0@okhdfcbank
ORD2011452,MERCH005,bank_acct_6770****0399
ORD2055568,MERCH006,9fdwa3m@ybl
ORD2047091,MERCH006,bank_acct_6404****7225
ORD2023890,MERCH008,loqw0oi@okhdfcbank
ORD2025302,MERCH020,h9bb8js@ybl
ORD2016655,MERCH009,z5v7dsx@okicici
ORD2003150,MERCH007,bank_acct_9160****1389
ORD2037235,MERCH004,d02xcul@okicici
ORD2004220,MERCH006,bank_acct_7292****0961
ORD2025007,MERCH019,bank_acct_6047****3264
ORD2014599,MERCH002,gk6mj6t@okaxis
ORD2058206,MERCH018,n1l8qei@ybl
ORD2024066,MERCH015,u97frjh@ybl
ORD2023006,MERCH018,bank_acct_3511****8394
ORD2038922,MERCH003,bank_acct_6707****3926
ORD2007557,MERCH010,bank_acct_0691****7063
ORD2031346,MERCH003,bank_acct_9805****3067
ORD2023095,MERCH009,hsjdyx6@ybl
ORD2017710,MERCH004,bank_acct_5035****2864
ORD2029771,MERCH007,enlfitp@oksbi
ORD2033731,MERCH019,bank_acct_8334****8990
ORD2003545,MERCH016,bank_acct_1326****6791
ORD2024080,MERCH011,fv3loee@ybl
ORD2028632,MERCH012,lfw3lpr@ybl
ORD2037644,MERCH005,bank_acct_8770****4229
ORD2030426,MERCH008,aeda7el@okaxis
ORD2043332,MERCH004,bank_acct_8085****6663
ORD2020587,MERCH010,sqaz8pc@okhdfcbank
ORD2026335,MERCH020,s9qxj1b@ybl
ORD2052727,MERCH007,bank_acct_2337****9067
ORD2033373,MERCH011,bank_acct_1277****4262
ORD2003385,MERCH016,gptzi8y@okhdfcbank
ORD2036418,MERCH015,voshijn@okhdfcbank
ORD2053308,MERCH011,xbivaxp@oksbi
ORD2032283,MERCH020,bank_acct_0177****9076
ORD2045598,MERCH010,cmufyca@okhdfcbank
ORD2022623,MERCH010,bank_acct_8017****6034
ORD2056143,MERCH019,muuhn7r@okhdfcbank
ORD2016595,MERCH019,ledgqfh@oksbi
ORD2021546,MERCH012,8eigdry@okaxis
ORD2040507,MERCH011,l9s6gfi@okhdfcbank
ORD2054282,MERCH014,bank_acct_6132****1746
ORD2015265,MERCH006,bank_acct_5434****7106
ORD2058228,MERCH001,kvarzpn@ybl
ORD2054019,MERCH011,bank_acct_5452****2016
ORD2044739,MERCH008,bank_acct_7523****6917
ORD2034380,MERCH008,kki5mbj@okhdfcbank
ORD2047408,MERCH014,c6yoxmx@okicici
ORD2055285,MERCH009,1n1usqe@ybl
ORD2001235,MERCH012,85f2b2i@ybl
ORD2047876,MERCH005,a9azozj@ybl
ORD2037475,MERCH011,bank_acct_7916****6080
ORD2043867,MERCH016,bank_acct_4989****2913
ORD2018816,MERCH015,bank_acct_7016****3910
ORD2026476,MERCH015,kelvp7b@okicici
ORD2050506,MERCH012,qx9lcgh@okhdfcbank
ORD2013412,MERCH010,ahgkv6c@okicici
ORD2056599,MERCH016,xmkr1qw@oksbi
ORD2004703,MERCH018,bank_acct_2940****5272
ORD2041472,MERCH004,amv0tha@okhdfcbank
ORD2032091,MERCH006,jcrifui@oksbi
ORD2056223,MERCH020,bank_acct_7621****4398
ORD2004752,MERCH003,bank_acct_3975****1334
ORD2050218,MERCH009,sflxwmo@ybl
ORD2011512,MERCH005,bank_acct_9540****2634
ORD2043697,MERCH018,mnvzqxy@okicici
ORD2009223,MERCH018,mkdbk6n@okhdfcbank
ORD2009013,MERCH003,bank_acct_4697****6182
ORD2007955,MERCH003,kdghwtb@ybl
ORD2023542,MERCH001,bank_acct_8246****0785
ORD2020904,MERCH017,bank_acct_0515****2238
ORD2042993,MERCH001,db6xuu0@ybl
ORD2042758,MERCH019,clmv3oq@oksbi
ORD2023655,MERCH019,bank_acct_2159****1553
ORD2030435,MERCH013,kto1qwf@ybl
ORD2057843,MERCH006,2urdfpr@oksbi
ORD2041083,MERCH007,cahh0yu@ybl
ORD2036519,MERCH002,bank_acct_0965****9413
ORD2001398,MERCH018,vw271dh@okhdfcbank
ORD2040181,MERCH009,2crqpq6@okhdfcbank
ORD2008108,MERCH018,cywymah@oksbi
ORD2009425,MERCH001,1ygjobg@okhdfcbank
ORD2007563,MERCH005,ig8crd0@okaxis
ORD2015303,MERCH012,3r7a6sh@ybl
ORD2049989,MERCH013,bank_acct_5880****0869
ORD2019387,MERCH008,bank_acct_4661****7281
ORD2020056,MERCH019,o0psvtf@okaxis
ORD2037290,MERCH010,bank_acct_9404****7036
ORD2047591,MERCH005,5nwrjof@okhdfcbank
ORD2054378,MERCH015,bank_acct_4748****2723
ORD2005445,MERCH017,rbflzpt@okaxis
ORD2058777,MERCH017,cn8zwjn@ybl
ORD2044697,MERCH003,bank_acct_6692****1789
ORD2056466,MERCH013,waftus6@okhdfcbank
ORD2012448,MERCH012,ulsfqkt@ybl
ORD2005913,MERCH017,bank_acct_6268****6608
ORD2007212,MERCH001,bank_acct_7863****3676
ORD2005350,MERCH008,v6vdvig@okaxis
ORD2054968,MERCH020,bank_acct_0242****9065
ORD2029815,MERCH006,bank_acct_1906****4423
ORD2049943,MERCH017,ujsgxet@okaxis
ORD2028075,MERCH005,bank_acct_6834****3151
ORD2047663,MERCH015,bank_acct_7608****5218
ORD2049966,MERCH006,bank_acct_1862****3674
ORD2023254,MERCH006,bank_acct_9670****3324
ORD2052959,MERCH019,gni9g15@oksbi
ORD2045188,MERCH019,1ylejjp@ybl
ORD2023552,MERCH005,bank_acct_9989****5986
ORD2043098,MERCH016,zpbtar3@oksbi
ORD2013876,MERCH012,fvwaozc@okicici
ORD2001123,MERCH002,fl3hgwb@okhdfcbank
ORD2008316,MERCH008,bank_acct_8528****7614
ORD2015276,MERCH016,bank_acct_9915****5780
ORD2055671,MERCH008,bank_acct_8149****6822
ORD2044911,MERCH003,msgrgsf@okaxis
ORD2044271,MERCH009,bank_acct_1885****0702
ORD2051585,MERCH012,dz0vspf@oksbi
ORD2004080,MERCH008,fcvoxmj@oksbi
ORD2043532,MERCH002,bank_acct_9860****4354
ORD2017596,MERCH007,bank_acct_3552****4153
ORD2058714,MERCH017,zeiatg7@ybl
ORD2046035,MERCH012,bank_acct_0814****2311
ORD2041180,MERCH013,bank_acct_1526****7160
ORD2056711,MERCH016,bank_acct_2669****1776
ORD2024777,MERCH015,bank_acct_1605****3753
ORD2021890,MERCH002,mnv2t5p@okicici
ORD2026110,MERCH002,gzaz0iv@oksbi
ORD2007689,MERCH007,bank_acct_5232****5668
ORD2016214,MERCH004,zjrq5mg@okaxis
ORD2011424,MERCH017,bank_acct_9093****6330
ORD2050075,MERCH009,v3ji3bz@oksbi
ORD2027354,MERCH009,u63w3ei@okicici
ORD2011740,MERCH019,lz4xvbs@okaxis
ORD2019180,MERCH018,bank_acct_3034****1349
ORD2053223,MERCH019,bank_acct_9657****8753
ORD2057553,MERCH006,r03dclc@oksbi
ORD2026723,MERCH013,bank_acct_4447****7140
ORD2052228,MERCH013,oi36fst@okhdfcbank
ORD2035251,MERCH012,bank_acct_0193****2515
ORD2007640,MERCH019,stgxczm@ybl
ORD2017093,MERCH003,bank_acct_8820****6852
ORD2012720,MERCH017,vowwewp@oksbi
ORD2057772,MERCH009,bank_acct_8565****9519
ORD2036448,MERCH013,bank_acct_0438****4119
ORD2035142,MERCH008,emta0gw@ybl
ORD2040800,MERCH017,bank_acct_4697****9796
ORD2033663,MERCH013,bank_acct_1475****6221
ORD2041978,MERCH012,ftoqwwc@okhdfcbank
ORD2052536,MERCH012,bank_acct_0812****6661
ORD2023327,MERCH016,vhw7ybc@ybl
ORD2034949,MERCH016,bank_acct_8126****4781
ORD2058927,MERCH020,jakjjsu@okhdfcbank
ORD2022351,MERCH001,bank_acct_4224****9426
ORD2044848,MERCH017,bank_acct_7332****7671
ORD2028926,MERCH005,hsh5ewc@okhdfcbank
ORD2035750,MERCH015,mkkyzim@okicici
ORD2000619,MERCH006,bank_acct_6932****9945
ORD2011908,MERCH008,hf84zmg@okicici
ORD2036025,MERCH003,qla4osd@okhdfcbank
ORD2018341,MERCH017,bank_acct_4332****1194
ORD2048186,MERCH009,um1fg4e@ybl
ORD2043607,MERCH007,bank_acct_9942****3239
ORD2010702,MERCH005,bank_acct_8561****3629
ORD2024943,MERCH006,bank_acct_3165****1650
ORD2027326,MERCH006,ce1bsmy@ybl
ORD2051794,MERCH012,bank_acct_9943****6192
ORD2004975,MERCH020,nlrkdrg@okhdfcbank
ORD2016258,MERCH004,vyaxfzg@ybl
ORD2052709,MERCH008,wdfezdl@okaxis
ORD2009393,MERCH014,bank_acct_4973****0949
ORD2021001,MERCH011,bank_acct_3548****0293
ORD2048599,MERCH004,bgg4uxs@ybl
ORD2010131,MERCH016,bank_acct_5060****0628
ORD2048508,MERCH016,u5jj8p9@ybl
ORD2055431,MERCH016,bank_acct_9058****5191
ORD2057206,MERCH007,zuwijgb@oksbi
ORD2010389,MERCH019,gwbwqjj@okhdfcbank
ORD2028658,MERCH006,bank_acct_0128****9802
ORD2011058,MERCH014,5f837k5@okaxis
ORD2026631,MERCH001,bank_acct_3913****0306
ORD2035039,MERCH008,bintngr@ybl
ORD2039319,MERCH002,wk8idko@okicici
ORD2004095,MERCH005,bank_acct_2042****5589
ORD2023906,MERCH019,dxr5noi@okaxis
ORD2001135,MERCH019,bank_acct_2348****1287
ORD2037089,MERCH006,bank_acct_8953****5181
ORD2010780,MERCH005,mopiibi@okicici
ORD2007446,MERCH017,rod722r@okhdfcbank
ORD2059623,MERCH002,sspjmym@ybl
ORD2029385,MERCH019,0zyo1c5@okicici
ORD2024682,MERCH005,4jedtit@okaxis
ORD2023069,MERCH002,bank_acct_6871****0858
ORD2048259,MERCH006,u7f5lfs@okicici
ORD2024776,MERCH009,bank_acct_7769****4190
ORD2040229,MERCH006,bank_acct_3883****5882
ORD2047209,MERCH017,bank_acct_6154****3321
ORD2007230,MERCH013,gjps1r0@okicici
ORD2003240,MERCH020,pyuj3du@okicici
ORD2006235,MERCH019,bank_acct_6758****5188
ORD2029466,MERCH001,bank_acct_7366****9827
ORD2027126,MERCH010,i2x2f9k@okicici
ORD2056881,MERCH003,bank_acct_0454****3870
ORD2022544,MERCH007,bank_acct_4426****0613
ORD2031943,MERCH015,clfwtl5@ybl
ORD2011542,MERCH020,bank_acct_5642****2326
ORD2020843,MERCH016,bank_acct_1105****1209
ORD2014791,MERCH016,4a84hme@okaxis
ORD2004379,MERCH006,bank_acct_4744****8794
ORD2009558,MERCH008,bank_acct_4389****1206
ORD2038449,MERCH014,bank_acct_5777****8504
ORD2032132,MERCH020,0dswzke@okaxis
ORD2046106,MERCH005,y2owoyw@oksbi
ORD2020106,MERCH019,bank_acct_0516****1671
ORD2008241,MERCH006,bank_acct_3383****6372
ORD2019909,MERCH020,lgexv0h@okicici
ORD2004139,MERCH017,hmbghtq@okaxis
ORD2019664,MERCH013,bank_acct_8222****3104
ORD2039613,MERCH011,bank_acct_2145****2660
ORD2031999,MERCH015,pducoxw@okaxis
ORD2051527,MERCH020,uz5ret9@okicici
ORD2003140,MERCH019,hd4vzop@okicici
ORD2011061,MERCH003,bank_acct_4599****9131
ORD2031266,MERCH008,bank_acct_0870****3536
ORD2020470,MERCH019,bvguo68@oksbi
ORD2053474,MERCH005,76ymrlh@okicici
ORD2047438,MERCH004,bank_acct_6365****9522
ORD2058120,MERCH001,bank_acct_2611****2777
ORD2059479,MERCH007,bank_acct_1391****6624
ORD2042192,MERCH017,bank_acct_9199****5157
ORD2011129,MERCH017,bank_acct_7894****0512
ORD2022741,MERCH014,bank_acct_1473****9258
ORD2015976,MERCH005,bank_acct_5793****7450
ORD2040602,MERCH020,bank_acct_2318****3741
ORD2007145,MERCH004,ccw03gc@oksbi
ORD2017946,MERCH006,bank_acct_5828****1942
ORD2046534,MERCH016,pygulnv@oksbi
ORD2028685,MERCH020,fio6ha5@ybl
ORD2030911,MERCH020,yhcptes@ybl
ORD2002778,MERCH002,bank_acct_3359****3069
ORD2039090,MERCH018,bank_acct_4165****8776
ORD2022784,MERCH017,bank_acct_0463****0391
ORD2035234,MERCH004,ua6kthd@ybl
ORD2025518,MERCH003,bank_acct_9812****2888
ORD2006789,MERCH016,bank_acct_2740****8764
ORD2002545,MERCH005,bank_acct_3096****9471
ORD2020993,MERCH020,tp5pe5u@ybl
ORD2017474,MERCH018,bmh42uh@okicici
ORD2009303,MERCH006,bank_acct_6008****0880
ORD2022615,MERCH014,bank_acct_7679****1819
ORD2054724,MERCH017,bank_acct_1904****1392
ORD2013980,MERCH014,zjvkdbg@oksbi
ORD2001046,MERCH012,zbsurgm@oksbi
ORD2036587,MERCH002,bank_acct_4109****6631
ORD2025530,MERCH017,to4vwjs@okaxis
ORD2047066,MERCH014,kiw7rfw@okicici
ORD2009138,MERCH008,zoyshx9@okicici
ORD2035066,MERCH016,uaxk65e@okhdfcbank
ORD2018268,MERCH013,bank_acct_5998****9546
ORD2016461,MERCH012,bank_acct_8458****5992
ORD2049920,MERCH019,whzir33@okicici
ORD2058727,MERCH019,bank_acct_5452****7692
ORD2008469,MERCH004,ahn1wdo@okhdfcbank
ORD2031649,MERCH014,sbdd5d4@okhdfcbank
ORD2026680,MERCH005,kpt3jif@okhdfcbank
ORD2037747,MERCH009,bank_acct_5020****9483
ORD2000001,MERCH016,bank_acct_6859****1812
ORD2023218,MERCH008,bank_acct_1443****3070
ORD2010417,MERCH003,bank_acct_7348****5718
ORD2041299,MERCH010,bank_acct_5846****8284
ORD2045014,MERCH020,rae14dp@okhdfcbank
ORD2002717,MERCH018,bank_acct_0083****3338
ORD2048387,MERCH014,bank_acct_7940****3830
ORD2010075,MERCH009,bank_acct_5915****9180
ORD2053338,MERCH007,bank_acct_0345****9134
ORD2020254,MERCH001,qx3emrp@okaxis
ORD2033479,MERCH001,bank_acct_5071****2679
ORD2041825,MERCH019,3jbgmgj@ybl
ORD2055809,MERCH017,bank_acct_4124****0985
ORD2016552,MERCH004,knylajg@okaxis
ORD2011086,MERCH017,bank_acct_2554****6446
ORD2030809,MERCH001,bank_acct_8167****0321
ORD2011780,MERCH013,bank_acct_3984****6920
ORD2036270,MERCH007,ijmdtoh@okhdfcbank
ORD2049257,MERCH011,bank_acct_0337****6342
ORD2011099,MERCH014,bank_acct_0794****1117
ORD2006661,MERCH012,phoux8v@okaxis
ORD2042259,MERCH004,bank_acct_0804****3336
ORD2023070,MERCH005,bank_acct_9386****3121
ORD2033894,MERCH014,1udkado@okhdfcbank
ORD2032240,MERCH019,bank_acct_3816****5242
ORD2030326,MERCH009,bank_acct_5807****5422
ORD2047366,MERCH009,8fyqdmq@okicici
ORD2011011,MERCH018,rfeugq7@okaxis
ORD2022788,MERCH014,bank_acct_1683****9884
ORD2031433,MERCH019,bank_acct_8703****4963
ORD2028472,MERCH012,bank_acct_4239****7750
ORD2033340,MERCH020,bank_acct_8710****7910
ORD2055146,MERCH009,bank_acct_1788****3309
ORD2023944,MERCH013,sgeguoh@okicici
ORD2008756,MERCH007,bank_acct_9858****2217
ORD2017901,MERCH014,g9wrpwp@okaxis
ORD2029445,MERCH018,bank_acct_2697****1109
ORD2008541,MERCH018,bank_acct_0797****6718
ORD2007341,MERCH016,adiaoxo@okhdfcbank
ORD2035041,MERCH006,bank_acct_1009****0621
ORD2035085,MERCH012,yndad81@oksbi
ORD2018159,MERCH018,7k5kqxj@ybl
ORD2045946,MERCH018,bank_acct_8164****7407
ORD2001839,MERCH016,bank_acct_8969****2092
ORD2057081,MERCH009,bank_acct_1413****3190
ORD2056523,MERCH010,bank_acct_6329****3448
ORD2041319,MERCH019,bank_acct_5202****9603
ORD2019367,MERCH012,qdtigg0@okaxis
ORD2008286,MERCH013,ydhrese@okicici
ORD2055456,MERCH005,rz3c1g1@oksbi
ORD2058160,MERCH004,2v6goka@ybl
ORD2022933,MERCH008,bank_acct_2343****6764
ORD2009707,MERCH015,rjabtm7@okhdfcbank
ORD2050025,MERCH006,bank_acct_4881****1399
ORD2015165,MERCH004,bank_acct_7397****4137
ORD2059300,MERCH010,mkdbk6n@okhdfcbank
ORD2058572,MERCH011,bank_acct_1949****7411
ORD2024054,MERCH018,bank_acct_3563****8590
ORD2059536,MERCH020,xvp1e2c@oksbi
ORD2015310,MERCH010,bank_acct_8017****6034
ORD2052394,MERCH006,uqkhjlr@okaxis
ORD2012902,MERCH013,ljywhua@ybl
ORD2036921,MERCH001,q5o92gg@okaxis
ORD2048425,MERCH003,qvsjash@ybl
ORD2059613,MERCH005,y6gbtqf@okhdfcbank
ORD2035528,MERCH016,mkl3nbi@oksbi
ORD2026381,MERCH020,f0kqc4y@okhdfcbank
ORD2020531,MERCH014,vqyh63n@okhdfcbank
ORD2003686,MERCH003,giatw8x@okicici
ORD2043793,MERCH003,yoplaev@oksbi
ORD2028242,MERCH009,58mwhcu@okaxis
ORD2031200,MERCH008,d0ss31a@ybl
ORD2019378,MERCH012,dsf93sl@okhdfcbank
ORD2004497,MERCH003,6ollewg@okaxis
ORD2012949,MERCH020,bank_acct_2789****3277
ORD2011701,MERCH002,nojg5on@ybl
ORD2043300,MERCH013,bank_acct_5361****6226
ORD2001897,MERCH013,wwnltzd@okhdfcbank
ORD2002157,MERCH020,cfcuw2d@ybl
ORD2011543,MERCH017,wtmzw7e@okicici
ORD2059905,MERCH010,hblshdd@okhdfcbank
ORD2015825,MERCH020,bank_acct_9784****8707
ORD2013157,MERCH002,bank_acct_9501****7176
ORD2003696,MERCH006,jex3apm@okaxis
ORD2059314,MERCH016,bank_acct_9265****5141
ORD2047696,MERCH015,ogw8ek3@okicici
ORD2045203,MERCH001,bank_acct_4830****5009
ORD2048187,MERCH007,4vkmu2x@ybl
ORD2042870,MERCH017,dkqmmna@ybl
ORD2043953,MERCH016,qtpcoir@oksbi
ORD2023851,MERCH002,bank_acct_9629****7503
ORD2025641,MERCH020,bank_acct_4904****9387
ORD2034335,MERCH017,yvhe8zs@oksbi
ORD2027846,MERCH017,bank_acct_9478****7495
ORD2004506,MERCH008,iybzg5h@okhdfcbank
ORD2001362,MERCH020,bank_acct_6928****6849
ORD2052587,MERCH006,bank_acct_3839****5954
ORD2030131,MERCH002,6ycaejd@oksbi
ORD2027089,MERCH012,efzbkfl@okhdfcbank
ORD2036151,MERCH008,qqlca9q@oksbi
ORD2041593,MERCH001,ct82afj@oksbi
ORD2034702,MERCH006,zak80ge@okhdfcbank
ORD2016824,MERCH003,kefl7xz@okicici
ORD2009239,MERCH009,lxm5x5i@okicici
ORD2001678,MERCH013,zubxtph@oksbi
ORD2047082,MERCH012,jorpd00@okhdfcbank
ORD2026069,MERCH013,tvqtveh@okicici
ORD2013508,MERCH013,bank_acct_1785****2320
ORD2030788,MERCH019,bank_acct_7466****2932
ORD2035282,MERCH007,bank_acct_1178****4557
ORD2053736,MERCH017,3ettyxm@okaxis
ORD2049109,MERCH001,uwlcidt@okhdfcbank
ORD2017689,MERCH003,oum9xba@ybl
ORD2026801,MERCH003,1ilx7ph@okhdfcbank
ORD2043893,MERCH018,p4mg3z4@okicici
ORD2045885,MERCH010,3zffypg@okicici
ORD2012585,MERCH018,bank_acct_0033****7871
ORD2013944,MERCH019,sobdcib@okhdfcbank
ORD2020896,MERCH012,bank_acct_6803****9015
ORD2055318,MERCH012,xwagwzh@okaxis
ORD2059449,MERCH009,bank_acct_5447****5968
ORD2021242,MERCH008,le8xppd@ybl
ORD2019978,MERCH009,euykdp3@okaxis
ORD2035533,MERCH015,3bp3lan@ybl
ORD2048207,MERCH013,hlamzkf@okhdfcbank
ORD2050077,MERCH019,kobkk3x@okaxis
ORD2023162,MERCH001,d4pthrj@okicici
ORD2055486,MERCH009,bank_acct_1459****3296
ORD2000916,MERCH008,ftdx31l@okicici
ORD2032354,MERCH002,boqikqk@oksbi
ORD2053073,MERCH018,bank_acct_9546****4521
ORD2008389,MERCH003,bank_acct_1919****7976
ORD2006700,MERCH017,bank_acct_1727****9460
ORD2030196,MERCH010,bank_acct_4993****5696
ORD2053584,MERCH016,bank_acct_0818****3793
ORD2046140,MERCH017,cphzzpd@okhdfcbank
ORD2007001,MERCH009,bank_acct_4322****0001
ORD2023553,MERCH018,ldxs8ua@okaxis
ORD2051548,MERCH019,bank_acct_3549****3254
ORD2002226,MERCH009,ai2gjoi@oksbi
ORD2053311,MERCH015,bank_acct_2278****2811
ORD2035501,MERCH013,oqpon8t@oksbi
ORD2051401,MERCH019,bank_acct_8752****8785
ORD2052254,MERCH016,bbkt1hk@okaxis
ORD2037685,MERCH008,bank_acct_6111****6856
ORD2049245,MERCH011,bank_acct_2835****7881
ORD2034911,MERCH015,bank_acct_3076****4683
ORD2017138,MERCH015,rqnxqfo@okhdfcbank
ORD2038061,MERCH019,bank_acct_5275****1615
ORD2033736,MERCH001,8y1p82f@okhdfcbank
ORD2001622,MERCH016,yzw6iay@okhdfcbank
ORD2007052,MERCH004,rtynf06@okicici
ORD2009252,MERCH009,bank_acct_0269****1651
ORD2009018,MERCH003,bank_acct_4435****1024
ORD2057167,MERCH013,bank_acct_0125****2237
ORD2028714,MERCH008,zbrzcgz@okaxis
ORD2006197,MERCH008,bank_acct_4552****0634
ORD2012199,MERCH011,fgdgrai@ybl
ORD2004147,MERCH014,bank_acct_9067****9846
ORD2025649,MERCH012,ywfqtfz@oksbi
ORD2016280,MERCH017,mpr2axg@ybl
ORD2007504,MERCH018,bank_acct_6845****4533
ORD2049312,MERCH001,5u8fnl0@okhdfcbank
ORD2051787,MERCH009,tnmadt7@okhdfcbank
ORD2045529,MERCH008,nrnjym6@okicici
ORD2048059,MERCH010,bank_acct_0142****4294
ORD2040854,MERCH003,bank_acct_0432****5202
ORD2006784,MERCH013,bank_acct_3340****1249
ORD2000904,MERCH011,falp2nd@okhdfcbank
ORD2016475,MERCH003,bank_acct_6335****2025
ORD2059802,MERCH018,f0pdsyd@okicici
ORD2048092,MERCH006,bank_acct_3926****3375
ORD2053906,MERCH016,bank_acct_7439****7740
ORD2010485,MERCH011,bank_acct_1045****1555
ORD2045073,MERCH012,bank_acct_0068****2617
ORD2037159,MERCH007,yj2yobk@okicici
ORD2035652,MERCH004,1ygjobg@okhdfcbank
ORD2046641,MERCH006,bank_acct_4959****6090
ORD2019611,MERCH007,ymsdxbc@okicici
ORD2017996,MERCH016,b9wo0tc@okhdfcbank
ORD2053788,MERCH007,sireaki@okaxis
ORD2051278,MERCH008,bank_acct_4970****8039
ORD2001372,MERCH008,bank_acct_3156****7237
ORD2058873,MERCH009,vlekctl@oksbi
ORD2044107,MERCH007,qnohtzj@ybl
ORD2035845,MERCH008,rjdvqbp@okhdfcbank
ORD2047684,MERCH007,bank_acct_4911****0487
ORD2052182,MERCH008,bank_acct_9229****8942
ORD2033005,MERCH020,pl3jkdz@okicici
ORD2045212,MERCH012,cokhauf@ybl
ORD2005493,MERCH005,bank_acct_0992****1397
ORD2019094,MERCH004,bank_acct_9530****8301
ORD2036944,MERCH004,71fsrkx@okaxis
ORD2010109,MERCH003,bank_acct_2790****4185
ORD2037208,MERCH016,bank_acct_8034****5480
ORD2042214,MERCH020,bank_acct_6758****7034
ORD2020467,MERCH001,n56l5bi@okaxis
ORD2041555,MERCH018,2ou402e@okhdfcbank
ORD2055197,MERCH002,bank_acct_8081****0127
ORD2017910,MERCH016,bank_acct_0940****7705
ORD2017979,MERCH012,edkw40a@okhdfcbank
ORD2028940,MERCH020,bank_acct_6947****1693
ORD2022133,MERCH011,3fvv2yo@ybl
ORD2028033,MERCH016,bank_acct_1017****5854
ORD2039981,MERCH004,1ygjobg@okhdfcbank
ORD2050643,MERCH016,x3t5r8g@ybl
ORD2000614,MERCH006,bank_acct_7682****9881
ORD2004145,MERCH017,exvw2mx@oksbi
ORD2050849,MERCH009,bank_acct_3373****1038
ORD2032422,MERCH013,bvguo68@oksbi
ORD2002248,MERCH019,ccfwm9m@ybl
ORD2055313,MERCH005,nvegfeb@okicici
ORD2043067,MERCH006,bank_acct_6432****1606
ORD2021473,MERCH016,ydb8ijq@okaxis
ORD2005134,MERCH017,bank_acct_1986****8076
ORD2045852,MERCH017,5zuj8ig@ybl
ORD2026189,MERCH011,bank_acct_0256****3450
ORD2059558,MERCH006,bank_acct_0816****5111
ORD2043313,MERCH015,xyqobiz@oksbi
ORD2023022,MERCH004,bank_acct_1526****3182
ORD2005135,MERCH017,bank_acct_1520****8956
ORD2042621,MERCH015,bank_acct_6766****9824
ORD2045655,MERCH011,bank_acct_6044****1371
ORD2050523,MERCH001,bank_acct_2879****5446
ORD2034093,MERCH001,bank_acct_8271****1802
ORD2022491,MERCH007,7aoems5@okicici
ORD2049553,MERCH013,nsaet3t@okhdfcbank
ORD2009849,MERCH019,kaydum0@okaxis
ORD2058569,MERCH004,nedckrm@oksbi
ORD2057711,MERCH003,bank_acct_0818****3793
ORD2007695,MERCH020,qi5g2b4@okicici
ORD2059904,MERCH009,bank_acct_8284****7425
ORD2024925,MERCH006,bank_acct_1375****9452
ORD2030717,MERCH018,i6j16fa@okhdfcbank
ORD2004252,MERCH009,83b8wwq@okaxis
ORD2012047,MERCH008,bank_acct_1770****5195
ORD2056003,MERCH009,bank_acct_3650****0069
ORD2051885,MERCH016,bank_acct_2960****0051
ORD2004114,MERCH020,hh7gvyq@okaxis
ORD2030116,MERCH011,bank_acct_2426****2352
ORD2052137,MERCH012,bank_acct_4031****0962
ORD2017310,MERCH006,bank_acct_4220****0431
ORD2032633,MERCH016,8n7aipk@okicici
ORD2033560,MERCH014,bank_acct_1530****0297
ORD2046939,MERCH007,sgazdwx@ybl
ORD2051267,MERCH014,orglta4@oksbi
ORD2043042,MERCH012,bank_acct_0599****4574
ORD2041296,MERCH012,fsxkevj@okicici
ORD2055999,MERCH013,bank_acct_3192****7568
ORD2042944,MERCH009,bank_acct_7508****2137
ORD2003664,MERCH015,wivrceb@okicici
ORD2049861,MERCH006,mwocqnn@oksbi
ORD2057674,MERCH019,sucbxbn@okicici
ORD2009358,MERCH005,bank_acct_1157****1377
ORD2055309,MERCH019,bank_acct_2824****6567
ORD2010393,MERCH008,nmyqxjl@ybl
ORD2049968,MERCH004,bank_acct_9499****3185
ORD2049550,MERCH009,bank_acct_9013****0954
ORD2016042,MERCH008,bank_acct_0319****0043
ORD2026729,MERCH018,bank_acct_3213****0080
ORD2050585,MERCH014,hwt11wg@okhdfcbank
ORD2057870,MERCH013,8gph1il@okaxis
ORD2016197,MERCH008,mkdbk6n@okhdfcbank
ORD2046123,MERCH005,bank_acct_0366****5911
ORD2014483,MERCH016,voime72@oksbi
ORD2034718,MERCH001,pfs0qoh@oksbi
ORD2053771,MERCH006,bank_acct_2659****4227
ORD2029982,MERCH014,obf2muv@okaxis
ORD2037751,MERCH016,bank_acct_1480****3812
ORD2023574,MERCH005,bjxrnmv@oksbi
ORD2024843,MERCH017,v5rasg0@okhdfcbank
ORD2003823,MERCH018,tqwxrsk@okaxis
ORD2035535,MERCH011,bank_acct_1150****6628
ORD2055453,MERCH016,bank_acct_4456****1597
ORD2006383,MERCH010,bank_acct_8600****9387
ORD2027163,MERCH009,tra7a4i@ybl
ORD2006736,MERCH018,57fuuwx@okhdfcbank
ORD2043295,MERCH019,bank_acct_2259****2569
ORD2004243,MERCH002,bank_acct_3596****8635
ORD2020702,MERCH013,bank_acct_4300****9566
ORD2054296,MERCH004,bank_acct_5906****1543
ORD2011499,MERCH006,bank_acct_4922****6288
ORD2028984,MERCH002,bank_acct_7456****8649
ORD2050852,MERCH007,bank_acct_1203****1166
ORD2047440,MERCH009,bank_acct_1444****0918
ORD2035517,MERCH016,ziukmyt@ybl
ORD2041098,MERCH004,shx0tfb@ybl
ORD2018730,MERCH015,bank_acct_6598****3135
ORD2033163,MERCH011,zs3qb5e@okaxis
ORD2002388,MERCH009,bank_acct_1840****7543
ORD2031035,MERCH012,wsr5p9u@okicici
ORD2048221,MERCH012,7yhnbpc@okaxis
ORD2057720,MERCH018,bank_acct_1170****7380
ORD2004030,MERCH018,f7fcufj@ybl
ORD2006116,MERCH009,bank_acct_8955****6246
ORD2041323,MERCH012,bank_acct_5917****7532
ORD2016623,MERCH019,bank_acct_5315****3249
ORD2020717,MERCH004,l72lods@okaxis
ORD2021809,MERCH012,zacpvcd@ybl
ORD2002728,MERCH020,bvukfrn@okhdfcbank
ORD2039592,MERCH007,bank_acct_3371****2176
ORD2019136,MERCH019,2peqqek@ybl
ORD2035942,MERCH019,cubopab@okicici
ORD2053942,MERCH018,bank_acct_4135****7511
ORD2042608,MERCH006,bank_acct_1748****3734
ORD2034880,MERCH010,5z5g93z@okicici
ORD2050950,MERCH012,ncpgzr3@ybl
ORD2013905,MERCH011,zmmp3kr@okicici
ORD2022622,MERCH017,auy6uu8@ybl
ORD2051950,MERCH016,bank_acct_3213****0130
ORD2029529,MERCH015,bank_acct_5410****2110
ORD2043719,MERCH003,bank_acct_7620****7809
ORD2024209,MERCH014,bvguo68@oksbi
ORD2024087,MERCH010,bank_acct_3956****7270
ORD2009370,MERCH015,bank_acct_3924****8117
ORD2025720,MERCH005,ufzcw7i@oksbi
ORD2013804,MERCH006,bank_acct_8771****5930
ORD2026980,MERCH011,ylac0q9@oksbi
ORD2051186,MERCH014,rq4dk0z@oksbi
ORD2037834,MERCH020,bank_acct_5028****8744
ORD2007346,MERCH019,bank_acct_5166****5204
ORD2053778,MERCH013,ayeaw2v@oksbi
ORD2045130,MERCH003,dyyu9fz@oksbi
ORD2031113,MERCH003,bank_acct_0227****6550
ORD2054783,MERCH006,tzsgmf5@okicici
ORD2023907,MERCH011,bank_acct_4008****3117
ORD2010234,MERCH008,ugcxjuv@ybl
ORD2004993,MERCH011,bank_acct_2745****3394
ORD2013741,MERCH011,o8ovsoj@ybl
ORD2059361,MERCH010,bank_acct_3200****2719
ORD2030182,MERCH009,bay4hmd@okhdfcbank
ORD2045660,MERCH020,sdysnrz@okhdfcbank
ORD2027133,MERCH013,bank_acct_0082****1880
ORD2050793,MERCH009,lq7obqf@ybl
ORD2006852,MERCH015,qoiv99q@okhdfcbank
ORD2025196,MERCH012,bank_acct_5901****7210
ORD2056826,MERCH003,sdmemmq@oksbi
ORD2012537,MERCH017,bank_acct_7669****5656
ORD2009651,MERCH015,09lqhz7@okhdfcbank
ORD2033366,MERCH014,bank_acct_0139****7893
ORD2049668,MERCH006,osmpter@oksbi
ORD2036712,MERCH014,ftdx31l@okicici
ORD2056558,MERCH019,bank_acct_7453****6752
ORD2039957,MERCH009,bank_acct_4539****3528
ORD2014170,MERCH003,dncbcfp@oksbi
ORD2039992,MERCH007,bank_acct_4115****2685
ORD2035874,MERCH006,wtvywgu@okaxis
ORD2000227,MERCH013,eokcjmz@okhdfcbank
ORD2013478,MERCH004,spstb8k@okicici
ORD2018973,MERCH004,tlmfq3c@oksbi
ORD2044664,MERCH014,bank_acct_2337****9067
ORD2030869,MERCH018,bank_acct_7868****1594
ORD2014824,MERCH002,d9zibqf@okaxis
ORD2010326,MERCH001,4eiuvrx@oksbi
ORD2045971,MERCH013,bank_acct_1131****2047
ORD2001533,MERCH017,7hqtfre@okhdfcbank
ORD2056585,MERCH003,pbpfnse@okhdfcbank
ORD2015526,MERCH004,3t03csc@okhdfcbank
ORD2049481,MERCH009,euykdp3@okaxis
ORD2011273,MERCH003,mg5hpbt@okicici
ORD2055533,MERCH013,bank_acct_1575****8411
ORD2058696,MERCH010,d6gzule@oksbi
ORD2056643,MERCH008,voynvro@okaxis
ORD2026245,MERCH008,bank_acct_7442****2440
ORD2014754,MERCH008,sdmemmq@oksbi
ORD2036525,MERCH015,bank_acct_3934****9613
ORD2002471,MERCH005,bank_acct_5539****7201
ORD2019712,MERCH005,dxcx8hd@oksbi
ORD2034635,MERCH017,hy5aaf8@okhdfcbank
ORD2032944,MERCH006,yqcgyxi@okicici
ORD2056671,MERCH001,nevtifl@okicici
ORD2057496,MERCH002,bank_acct_1305****2723
ORD2032745,MERCH012,bank_acct_2636****4243
ORD2030751,MERCH011,8uutuiq@okhdfcbank
ORD2005127,MERCH016,gmslexb@okaxis
ORD2039381,MERCH015,bank_acct_7543****6874
ORD2037199,MERCH018,bank_acct_6465****0678
ORD2047194,MERCH009,vsjg5mr@okicici
ORD2050600,MERCH018,bank_acct_2264****5464
ORD2003091,MERCH015,bank_acct_3731****4052
ORD2054447,MERCH005,bank_acct_3474****3001
ORD2019232,MERCH018,iue1wbr@okicici
ORD2012741,MERCH006,zxal2sb@okicici
ORD2013650,MERCH019,bank_acct_5336****0358
ORD2000636,MERCH020,syqdukq@okhdfcbank
ORD2021396,MERCH015,bank_acct_7548****2385
ORD2017430,MERCH019,bank_acct_4625****9501
ORD2011181,MERCH016,iqrozy9@okicici
ORD2032661,MERCH012,buam3wm@oksbi
ORD2057330,MERCH016,tr4bq4z@okicici
ORD2051589,MERCH018,gznnikd@ybl
ORD2046629,MERCH008,y1ckk3b@oksbi
ORD2043344,MERCH003,u1buzhn@ybl
ORD2049977,MERCH015,bank_acct_6246****0443
ORD2038920,MERCH010,bank_acct_1785****6118
ORD2020239,MERCH012,bank_acct_6070****1917
ORD2020855,MERCH014,q8hkkxp@okaxis
ORD2050479,MERCH009,qt4w5le@oksbi
ORD2011880,MERCH005,luak3bt@oksbi
ORD2051177,MERCH010,0efetft@okicici
ORD2020006,MERCH001,bank_acct_2797****2494
ORD2018203,MERCH001,fc19hit@okaxis
ORD2050622,MERCH017,pwpcosu@okicici
ORD2017684,MERCH005,bank_acct_0918****9441
ORD2043112,MERCH012,riedvor@oksbi
ORD2053247,MERCH010,bank_acct_9049****0268
ORD2023691,MERCH016,fubaxh8@okhdfcbank
ORD2003101,MERCH018,jtz1oub@okicici
ORD2056221,MERCH001,sk6cgmn@ybl
ORD2019424,MERCH016,m1i5hst@okicici
ORD2010476,MERCH016,bank_acct_4180****8495
ORD2055412,MERCH010,bank_acct_5559****6122
ORD2018913,MERCH001,bank_acct_5480****6830
ORD2002723,MERCH014,upz8qvk@okhdfcbank
ORD2026483,MERCH010,bank_acct_8445****6012
ORD2008895,MERCH020,bank_acct_2128****4781
ORD2021068,MERCH008,bank_acct_1131****8492
ORD2006822,MERCH001,myrc29k@ybl
ORD2024277,MERCH018,bank_acct_7651****0646
ORD2002198,MERCH012,zdue99x@okaxis
ORD2010355,MERCH007,bank_acct_2916****2631
ORD2031269,MERCH014,vbkxt8q@okicici
ORD2050974,MERCH018,q1fwkpy@oksbi
ORD2048931,MERCH014,noyiqhn@okhdfcbank
ORD2057123,MERCH013,bank_acct_4756****9986
ORD2005646,MERCH008,bank_acct_5203****4816
ORD2052556,MERCH006,bank_acct_6750****7406
ORD2035783,MERCH013,bank_acct_9099****3581
ORD2048005,MERCH013,bank_acct_9568****7789
ORD2047582,MERCH008,zqmgnqf@okaxis
ORD2010648,MERCH009,bank_acct_3797****7700
ORD2033289,MERCH003,bank_acct_5410****0617
ORD2014178,MERCH014,cjl7z9l@okaxis
ORD2040494,MERCH008,wllibtf@okaxis
ORD2024529,MERCH017,bank_acct_1653****8708
ORD2019615,MERCH020,bank_acct_5942****8293
ORD2005045,MERCH009,bank_acct_9188****6801
ORD2042911,MERCH010,bank_acct_6128****6468
ORD2029034,MERCH018,kznqgr6@okicici
ORD2033015,MERCH009,sq5hdr5@ybl
ORD2043150,MERCH014,xofpjjy@oksbi
ORD2022156,MERCH007,bank_acct_3151****5905
ORD2055094,MERCH003,fhnz4dw@oksbi
ORD2050665,MERCH006,bank_acct_5941****4514
ORD2018001,MERCH005,uctoxef@oksbi
ORD2008494,MERCH010,bank_acct_5094****0358
ORD2038084,MERCH004,7i0oasw@okhdfcbank
ORD2031806,MERCH015,rjpjtdd@okhdfcbank
ORD2012161,MERCH020,vcueq1s@okicici
ORD2007471,MERCH015,9vgxags@okicici
ORD2008191,MERCH009,tssfevf@okhdfcbank
ORD2020305,MERCH020,pddhxwk@okaxis
ORD2029794,MERCH016,bank_acct_9475****8858
ORD2058490,MERCH007,hkbbzx2@okhdfcbank
ORD2026506,MERCH011,hhctfis@ybl
ORD2046832,MERCH001,ynwzi16@oksbi
ORD2036197,MERCH005,v1bw9a9@okhdfcbank
ORD2036961,MERCH002,sbvcoxy@okaxis
ORD2006376,MERCH018,bank_acct_9328****8605
ORD2057632,MERCH001,bank_acct_1796****9374
ORD2051962,MERCH006,tmv0v1r@okhdfcbank
ORD2013922,MERCH004,bfgvafs@oksbi
ORD2054160,MERCH010,bank_acct_3406****5162
ORD2001565,MERCH009,bank_acct_9355****6155
ORD2052725,MERCH005,bank_acct_3874****5507
ORD2039653,MERCH015,udjybly@okaxis
ORD2028397,MERCH001,conlk00@okicici
ORD2037279,MERCH008,bank_acct_7417****6005
ORD2043384,MERCH003,3aytynq@okicici
ORD2023472,MERCH005,bzxz2g0@okaxis
ORD2020417,MERCH001,bank_acct_6245****7680
ORD2049522,MERCH016,q4ypv0s@okhdfcbank
ORD2011439,MERCH007,ikbscqq@ybl
ORD2022527,MERCH011,bank_acct_5123****9478
ORD2026635,MERCH014,siv9v5e@oksbi
ORD2007944,MERCH010,nucnllc@okhdfcbank
ORD2023156,MERCH016,9pyaipr@okhdfcbank
ORD2034226,MERCH012,q6fyb5g@okhdfcbank
ORD2020576,MERCH015,tz9bzbd@okhdfcbank
ORD2005605,MERCH002,jllwnzs@oksbi
ORD2041798,MERCH011,bank_acct_1348****8364
ORD2024138,MERCH007,bank_acct_2337****9067
ORD2056614,MERCH002,ovvwibe@okaxis
ORD2041166,MERCH009,bank_acct_8093****8504
ORD2052472,MERCH013,vkzta9c@okicici
ORD2055937,MERCH003,ed7tuv0@oksbi
ORD2027076,MERCH018,qbubfaf@okicici
ORD2046001,MERCH016,bank_acct_5190****4166
ORD2045963,MERCH006,x5r08by@okicici
ORD2037243,MERCH007,bank_acct_7298****0119
ORD2021758,MERCH009,bank_acct_1776****5291
ORD2021361,MERCH013,bjh0gsc@okicici
ORD2027923,MERCH001,bank_acct_2906****5267
ORD2030567,MERCH004,bank_acct_4056****0109
ORD2051819,MERCH008,bank_acct_2999****5002
ORD2048586,MERCH019,bvguo68@oksbi
ORD2024412,MERCH010,bank_acct_8224****6318
ORD2001767,MERCH007,ysyjpe4@ybl
ORD2046553,MERCH015,bank_acct_1507****3358
ORD2004912,MERCH004,7ik4bex@okicici
ORD2037983,MERCH017,tmfqp9z@okicici
ORD2024516,MERCH007,aompcex@okicici
ORD2050407,MERCH007,bank_acct_9696****3727
ORD2049219,MERCH010,ra3hhlg@oksbi
ORD2029702,MERCH011,bank_acct_6394****6756
ORD2025174,MERCH006,07x12hz@okhdfcbank
ORD2035281,MERCH002,bank_acct_5310****3801
ORD2056264,MERCH018,bank_acct_9472****3932
ORD2008932,MERCH017,bank_acct_9609****2032
ORD2053144,MERCH004,hzi4r1m@okicici
ORD2025463,MERCH009,iwklby6@okaxis
ORD2037163,MERCH016,vmpwazb@ybl
ORD2024364,MERCH010,h1ifobb@okaxis
ORD2015007,MERCH007,dvveu1j@oksbi
ORD2004909,MERCH012,dkdfqi0@okicici
ORD2006091,MERCH002,jfjs5px@okaxis
ORD2012083,MERCH007,e7sayyt@okaxis
ORD2018573,MERCH004,lz80sb6@okhdfcbank
ORD2026713,MERCH008,dc1i0ix@ybl
ORD2032307,MERCH014,klvhime@okaxis
ORD2010961,MERCH011,bank_acct_3327****5721
ORD2007838,MERCH001,bank_acct_2792****5489
ORD2018080,MERCH006,bank_acct_0477****8052
ORD2043462,MERCH009,bank_acct_3055****4513
ORD2022254,MERCH019,bank_acct_1495****9370
ORD2005495,MERCH004,bank_acct_7371****6322
ORD2041844,MERCH013,bank_acct_0264****6427
ORD2050106,MERCH008,bank_acct_7670****0373
ORD2042975,MERCH001,ytpfqqs@okaxis
ORD2003669,MERCH002,bank_acct_6455****3695
ORD2033233,MERCH019,bank_acct_1460****4845
ORD2045150,MERCH016,69kgdhi@okaxis
ORD2027823,MERCH020,nt6m0fk@ybl
ORD2041947,MERCH005,irhkft3@okhdfcbank
ORD2053505,MERCH012,c5wxa7g@okhdfcbank
ORD2054202,MERCH003,xxgeeyh@okicici
ORD2017247,MERCH008,aurluyk@oksbi
ORD2040215,MERCH006,flzdo8m@okicici
ORD2002960,MERCH016,bank_acct_8066****3580
ORD2008272,MERCH003,bank_acct_4500****1473
ORD2021343,MERCH020,bank_acct_7441****6893
ORD2031226,MERCH011,bank_acct_2449****8411
ORD2024870,MERCH002,luivrqp@okicici
ORD2022270,MERCH002,p2meij3@ybl
ORD2053610,MERCH012,bank_acct_8071****2961
ORD2024272,MERCH005,ltxcjup@okhdfcbank
ORD2049666,MERCH018,bank_acct_0411****4414
ORD2054987,MERCH004,s83qh4u@okaxis
ORD2043442,MERCH013,bank_acct_7453****6752
ORD2004499,MERCH008,evdshsl@okicici
ORD2055668,MERCH011,pb6lcbj@okicici
ORD2016143,MERCH018,bank_acct_2949****7190
ORD2006953,MERCH012,bank_acct_0937****6649
ORD2034000,MERCH015,hggytz9@okicici
ORD2024451,MERCH007,cnvjhbz@okhdfcbank
ORD2015502,MERCH001,bank_acct_1003****5613
ORD2038169,MERCH013,zakcoms@ybl
ORD2018754,MERCH012,kg5bbkw@okicici
ORD2004590,MERCH005,bank_acct_3169****6437
ORD2040472,MERCH009,hyefyis@okhdfcbank
ORD2027100,MERCH002,bank_acct_5629****2809
ORD2049335,MERCH016,bank_acct_4248****1570
ORD2052990,MERCH015,bank_acct_5574****7372
ORD2048241,MERCH018,cgjzbse@okhdfcbank
ORD2028135,MERCH010,bank_acct_5663****4971
ORD2025705,MERCH018,bank_acct_9475****8234
ORD2009861,MERCH016,bank_acct_1758****5287
ORD2053399,MERCH007,bank_acct_4812****9192
ORD2021013,MERCH019,bank_acct_2156****9459
ORD2003346,MERCH006,bank_acct_0643****7409
ORD2034549,MERCH018,bank_acct_1010****6169
ORD2058412,MERCH012,9u12axg@okaxis
ORD2049294,MERCH011,bank_acct_1803****1580
ORD2056317,MERCH015,ektgni0@okhdfcbank
ORD2036616,MERCH009,wqk8urh@okicici
ORD2016359,MERCH020,bank_acct_9307****5892
ORD2002439,MERCH018,lnfzgwc@oksbi
ORD2000994,MERCH006,2gvkxgd@oksbi
ORD2032635,MERCH003,f5okcbb@okhdfcbank
ORD2048680,MERCH017,bank_acct_0606****8016
ORD2020269,MERCH005,6temflt@oksbi
ORD2009801,MERCH015,bank_acct_9477****3342
ORD2028574,MERCH010,qywvdtn@oksbi
ORD2010756,MERCH009,ue4obvo@okaxis
ORD2025827,MERCH018,7uagco7@okaxis
ORD2037474,MERCH012,bank_acct_5100****7433
ORD2039405,MERCH015,pcxgaiq@oksbi
ORD2006813,MERCH001,bank_acct_8289****3806
ORD2030143,MERCH017,bank_acct_8008****1373
ORD2057150,MERCH013,bank_acct_0867****0840
ORD2041502,MERCH002,sdmemmq@oksbi
ORD2007408,MERCH001,g9udt1s@okicici
ORD2002861,MERCH020,bank_acct_7471****3740
ORD2013155,MERCH012,bank_acct_3075****6718
ORD2046468,MERCH020,qibve2f@ybl
ORD2015987,MERCH008,bank_acct_8452****7355
ORD2036364,MERCH011,xybcjee@okhdfcbank
ORD2057516,MERCH003,bank_acct_4331****7090
ORD2056551,MERCH018,bgwm45j@ybl
ORD2028748,MERCH013,bank_acct_6193****2692
ORD2024545,MERCH007,bank_acct_9745****9820
ORD2048554,MERCH017,bank_acct_2873****5399
ORD2055093,MERCH016,k33yizc@okicici
ORD2018820,MERCH018,3ykcubq@okicici
ORD2050698,MERCH005,bank_acct_4421****3537
ORD2038550,MERCH020,ojbm5fr@okhdfcbank
ORD2050204,MERCH010,bh0ggkv@ybl
ORD2028869,MERCH011,bank_acct_7594****9202
ORD2058503,MERCH014,bank_acct_5383****1773
ORD2021214,MERCH011,bank_acct_5926****7385
ORD2026364,MERCH004,aky8gpb@oksbi
ORD2032380,MERCH004,tx3rqc3@ybl
ORD2016355,MERCH017,648gdou@oksbi
ORD2048180,MERCH003,bfwkwxq@oksbi
ORD2037078,MERCH002,ts2i0mj@okicici
ORD2051456,MERCH005,92e8jvi@oksbi
ORD2005435,MERCH006,pxfvdkb@okaxis
ORD2016714,MERCH002,wa1klhy@okhdfcbank
ORD2004032,MERCH007,xmplynm@ybl
ORD2055250,MERCH004,bank_acct_5626****2679
ORD2034048,MERCH016,bank_acct_6928****9157
ORD2018950,MERCH007,sqttixs@oksbi
ORD2055869,MERCH004,bank_acct_2915****8623
ORD2015104,MERCH002,cydzs0q@okicici
ORD2019960,MERCH019,bank_acct_8417****3248
ORD2015025,MERCH013,5edfajp@oksbi
ORD2008229,MERCH011,bank_acct_5227****1685
ORD2038109,MERCH013,boqikqk@oksbi
ORD2059484,MERCH002,bank_acct_1575****5487
ORD2036599,MERCH012,xjvswbp@okicici
ORD2026666,MERCH008,bank_acct_2995****4761
ORD2019314,MERCH020,bank_acct_1083****7905
ORD2030664,MERCH003,ehedh88@okicici
ORD2031123,MERCH001,lo76cbj@ybl
ORD2019204,MERCH007,bank_acct_1705****1647
ORD2050198,MERCH016,bank_acct_9604****9197
ORD2001378,MERCH003,mkctncp@okhdfcbank
ORD2048838,MERCH015,gzwilpm@okicici
ORD2043425,MERCH002,hmwctes@okhdfcbank
ORD2056471,MERCH012,bcueq4q@ybl
ORD2005242,MERCH018,djudlrr@oksbi
ORD2016240,MERCH014,ncbndbf@ybl
ORD2042579,MERCH012,bank_acct_1836****3096
ORD2037807,MERCH002,smtxowe@oksbi
ORD2015594,MERCH020,bank_acct_9556****4429
ORD2015759,MERCH009,vdp80of@okhdfcbank
ORD2019726,MERCH017,bank_acct_0732****4823
ORD2036671,MERCH002,bank_acct_6319****9297
ORD2010139,MERCH003,uemsljr@okaxis
ORD2057381,MERCH010,bank_acct_2270****2979
ORD2016620,MERCH003,ysj01ad@ybl
ORD2044662,MERCH007,jlxqdel@ybl
ORD2051807,MERCH002,boqikqk@oksbi
ORD2052817,MERCH004,bank_acct_9893****3533
ORD2026262,MERCH008,bank_acct_5740****0034
ORD2006767,MERCH018,bank_acct_1676****3804
ORD2001156,MERCH013,bank_acct_8694****4028
ORD2012527,MERCH007,bank_acct_1422****6837
ORD2054721,MERCH007,nnhdaw8@ybl
ORD2030461,MERCH017,enbnvne@ybl
ORD2012327,MERCH008,bank_acct_2932****0878
ORD2030670,MERCH019,swp1a4z@okaxis
ORD2054369,MERCH006,dyowvl9@ybl
ORD2006677,MERCH018,bank_acct_9477****0661
ORD2008859,MERCH018,nrgnqdg@okaxis
ORD2000051,MERCH018,iqrozy9@okicici
ORD2000538,MERCH019,etbwcoi@okicici
ORD2048783,MERCH012,bank_acct_5278****0368
ORD2035889,MERCH015,h830suh@okhdfcbank
ORD2044304,MERCH014,glwm9pm@oksbi
ORD2039427,MERCH004,8lfg2g9@oksbi
ORD2042812,MERCH006,bank_acct_6209****2084
ORD2017244,MERCH006,bcvsdza@okaxis
ORD2034106,MERCH018,kh6h3uf@okhdfcbank
ORD2024175,MERCH013,7anx8lv@okicici
ORD2052295,MERCH017,bank_acct_1357****6143
ORD2034012,MERCH011,bank_acct_8656****5445
ORD2028048,MERCH006,zzyxf77@oksbi
ORD2039333,MERCH018,bank_acct_9224****6651
ORD2055577,MERCH020,bank_acct_9481****5351
ORD2026126,MERCH015,bank_acct_6244****1281
ORD2008009,MERCH012,bank_acct_9926****8658
ORD2003216,MERCH011,bank_acct_6622****8180
ORD2005231,MERCH018,yzsfpps@oksbi
ORD2016200,MERCH011,nlzgivt@oksbi
ORD2033965,MERCH012,bank_acct_6485****1360
ORD2025044,MERCH014,bank_acct_5891****9224
ORD2000270,MERCH014,bank_acct_9471****4124
ORD2028916,MERCH011,ift3sbo@okicici
ORD2002289,MERCH020,bwmksrf@okicici
ORD2050504,MERCH008,bank_acct_3296****5180
ORD2036713,MERCH019,bank_acct_1125****1210
ORD2020356,MERCH014,bank_acct_1986****8076
ORD2056406,MERCH013,bank_acct_5239****8019
ORD2007960,MERCH018,bank_acct_0376****1506
ORD2034535,MERCH009,uynqrsz@oksbi
ORD2057082,MERCH012,bank_acct_1175****1546
ORD2026527,MERCH015,bank_acct_3849****9529
ORD2056191,MERCH015,4rgpcte@okhdfcbank
ORD2003422,MERCH013,pk96tzh@okhdfcbank
ORD2006266,MERCH001,4aivyss@okhdfcbank
ORD2019826,MERCH002,bank_acct_0038****5389
ORD2033735,MERCH004,qtpcoir@oksbi
ORD2038942,MERCH001,oe5mrqb@oksbi
ORD2005181,MERCH017,jyujlbs@okicici
ORD2019062,MERCH005,hccxkhr@okicici
ORD2045495,MERCH010,0cqio2o@okaxis
ORD2025640,MERCH001,ij6eaeg@oksbi
ORD2012558,MERCH010,xths27r@okhdfcbank
ORD2020712,MERCH010,bank_acct_8224****6318
ORD2006869,MERCH011,bank_acct_8503****3932
ORD2030617,MERCH001,grhsenf@oksbi
ORD2040129,MERCH009,bank_acct_2660****6707
ORD2047458,MERCH018,bank_acct_5761****6002
ORD2057920,MERCH017,bank_acct_9040****1083
ORD2046301,MERCH018,bank_acct_0727****1316
ORD2045034,MERCH018,bank_acct_0558****1523
ORD2031342,MERCH004,czjuahm@ybl
ORD2029309,MERCH006,bank_acct_6432****1606
ORD2028858,MERCH012,bwytcle@oksbi
ORD2043125,MERCH005,bank_acct_5438****5562
ORD2040302,MERCH005,bank_acct_7601****3237
ORD2055241,MERCH009,bank_acct_8903****9511
ORD2050060,MERCH012,bank_acct_5908****0972
ORD2057301,MERCH019,ua4vmui@okhdfcbank
ORD2033229,MERCH008,dy1o3ip@okhdfcbank
ORD2059080,MERCH008,syg9itq@okaxis
ORD2032296,MERCH009,bank_acct_8094****5051
ORD2011097,MERCH010,yiqekov@okicici
ORD2056139,MERCH003,8dafcen@ybl
ORD2009141,MERCH019,bank_acct_6452****2526
ORD2021885,MERCH013,ydb2sp2@okicici
ORD2040314,MERCH019,bank_acct_2246****8113
ORD2029736,MERCH007,bank_acct_5642****7989
ORD2030824,MERCH003,ucuccdl@okhdfcbank
ORD2020339,MERCH011,bank_acct_2603****0105
ORD2042729,MERCH016,bank_acct_0616****5863
ORD2030470,MERCH006,bank_acct_8325****1384
ORD2033878,MERCH016,zcite3n@oksbi
ORD2014243,MERCH019,bank_acct_4259****7834
ORD2018890,MERCH004,bank_acct_6839****6530
ORD2046240,MERCH020,5lvibjg@okaxis
ORD2039227,MERCH010,vgyxnxn@okaxis
ORD2042779,MERCH002,bank_acct_2648****8682
ORD2018412,MERCH019,qai0i5e@okhdfcbank
ORD2035686,MERCH013,bank_acct_1977****0595
ORD2018794,MERCH003,bank_acct_9712****9149
ORD2052262,MERCH002,bank_acct_3370****3907
ORD2008783,MERCH011,bank_acct_2215****3516
ORD2035630,MERCH012,l4kvkli@okhdfcbank
ORD2020823,MERCH014,rcafptl@ybl
ORD2059325,MERCH014,bank_acct_7288****5407
ORD2058003,MERCH004,bank_acct_4804****9097
ORD2053068,MERCH008,swu3yun@okhdfcbank
ORD2047139,MERCH020,bank_acct_4454****3069
ORD2037450,MERCH001,bank_acct_6701****4875
ORD2015686,MERCH013,furi2ku@okhdfcbank
ORD2049739,MERCH002,ta2tu5m@okaxis
ORD2028890,MERCH010,ssxran1@okicici
ORD2023264,MERCH017,ezmr5is@ybl
ORD2022985,MERCH002,bank_acct_2584****6068
ORD2056766,MERCH011,kpvd6r8@okhdfcbank
ORD2006442,MERCH018,bank_acct_5840****0018
ORD2027776,MERCH018,bank_acct_0558****1523
ORD2048139,MERCH011,ny9ondl@okaxis
ORD2032158,MERCH017,l0qtttt@okicici
ORD2013103,MERCH008,bank_acct_8588****7246
ORD2008260,MERCH005,njsqttp@okaxis
ORD2024379,MERCH002,bank_acct_2047****0480
ORD2007337,MERCH013,bank_acct_8423****4846
ORD2059996,MERCH015,zy6bimi@okicici
ORD2033441,MERCH020,bank_acct_8663****2180
ORD2008377,MERCH019,p8vbp8r@okhdfcbank
ORD2056721,MERCH017,pifh2ep@okicici
ORD2055718,MERCH003,rig6edd@ybl
ORD2030492,MERCH008,bank_acct_7756****9061
ORD2011088,MERCH014,bank_acct_0333****2990
ORD2008520,MERCH010,l9benyd@okicici
ORD2016551,MERCH013,hoypxdg@oksbi
ORD2053063,MERCH005,wxrp5hn@okaxis
ORD2011697,MERCH005,f4bh1q6@oksbi
ORD2005349,MERCH011,bank_acct_8128****4749
ORD2040287,MERCH003,bbvoes7@okaxis
ORD2054930,MERCH016,bank_acct_2235****8603
ORD2014314,MERCH019,bank_acct_1106****1381
ORD2040856,MERCH002,ivgjhgr@okhdfcbank
ORD2005139,MERCH018,ehdmk6i@okhdfcbank
ORD2030360,MERCH013,4b4zwzp@ybl
ORD2056213,MERCH009,sit5c9x@okicici
ORD2023039,MERCH003,bank_acct_6488****4886
ORD2048194,MERCH013,bank_acct_9326****5971
ORD2035843,MERCH017,bukckap@ybl
ORD2000706,MERCH014,bank_acct_3257****0593
ORD2023587,MERCH005,fyrm1mr@okaxis
ORD2059831,MERCH005,bank_acct_6699****7190
ORD2023576,MERCH016,bank_acct_1570****2874
ORD2041186,MERCH018,bank_acct_3047****1726
ORD2041082,MERCH007,bank_acct_5377****0555
ORD2051213,MERCH016,t85ffks@oksbi
ORD2059913,MERCH013,xcslago@ybl
ORD2004053,MERCH019,o9hxzze@okaxis
ORD2031385,MERCH007,bank_acct_5799****7621
ORD2013084,MERCH014,bank_acct_1986****8076
ORD2025426,MERCH008,bwu8hxa@oksbi
ORD2039723,MERCH003,iaa60ki@oksbi
ORD2053333,MERCH009,vucjqxr@okaxis
ORD2049935,MERCH014,q9n2d4z@oksbi
ORD2030388,MERCH017,bank_acct_0818****3793
ORD2003670,MERCH019,u1dyjuy@okaxis
ORD2024740,MERCH003,bank_acct_0436****6354
ORD2050516,MERCH004,rcmuqyf@ybl
ORD2046866,MERCH014,0njhicj@ybl
ORD2014541,MERCH014,bank_acct_3868****5105
ORD2013766,MERCH012,bank_acct_2137****5644
ORD2019761,MERCH012,bank_acct_7312****8321
ORD2029521,MERCH007,bank_acct_6645****7434
ORD2045802,MERCH011,bank_acct_6221****3002
ORD2019190,MERCH012,bank_acct_2200****0286
ORD2007807,MERCH020,bank_acct_9694****0721
ORD2007159,MERCH017,bank_acct_5232****5668
ORD2012886,MERCH010,bank_acct_3075****4747
ORD2016866,MERCH006,mxtyh4j@oksbi
ORD2055516,MERCH012,zliy1he@okhdfcbank
ORD2057121,MERCH020,7z9ggqc@okhdfcbank
ORD2057063,MERCH015,d5nynds@oksbi
ORD2037168,MERCH020,hwwes3v@okhdfcbank
ORD2036460,MERCH005,1suwimb@okhdfcbank
ORD2052502,MERCH015,q2jdmrf@okhdfcbank
ORD2020758,MERCH002,bank_acct_1046****1125
ORD2015830,MERCH009,vcoedgj@okhdfcbank
ORD2056465,MERCH007,xtgwhpf@okhdfcbank
ORD2051038,MERCH012,bank_acct_9167****2227
ORD2019339,MERCH005,bank_acct_2664****5695
ORD2041107,MERCH003,hk2ccfb@ybl
ORD2003257,MERCH004,dfhrvfh@oksbi
ORD2022212,MERCH002,bank_acct_9494****5955
ORD2001025,MERCH008,bank_acct_4785****6854
ORD2040232,MERCH020,bank_acct_2836****7944
ORD2047529,MERCH005,bank_acct_8161****1544
ORD2031320,MERCH010,bank_acct_1603****1286
ORD2046071,MERCH001,37vuppo@oksbi
ORD2009790,MERCH011,ampd9ir@ybl
ORD2042394,MERCH004,oq9ash4@ybl
ORD2027557,MERCH010,bank_acct_1498****9806
ORD2042199,MERCH015,bank_acct_8866****2417
ORD2023249,MERCH016,wkfyyde@okhdfcbank
ORD2058779,MERCH001,sfoueyu@okhdfcbank
ORD2033073,MERCH011,bank_acct_5008****7546
ORD2006876,MERCH007,bank_acct_9357****9768
ORD2040384,MERCH018,jg5x1ov@ybl
ORD2035242,MERCH007,h7haadn@oksbi
ORD2051148,MERCH007,hqoh778@oksbi
ORD2033515,MERCH018,kllmtig@okaxis
ORD2040784,MERCH017,bank_acct_0965****5813
ORD2009390,MERCH009,bank_acct_1194****7047
ORD2004924,MERCH018,5cdj3ib@okaxis
ORD2020735,MERCH016,bank_acct_7032****5605
ORD2037447,MERCH020,jxdfrx8@okicici
ORD2015511,MERCH005,bank_acct_3673****9768
ORD2051215,MERCH001,ffdj4xl@ybl
ORD2050008,MERCH013,25iagvs@oksbi
ORD2030700,MERCH019,wym0p7d@okicici
ORD2043241,MERCH017,bank_acct_3924****0043
ORD2056628,MERCH002,wgrlc1u@okicici
ORD2014816,MERCH009,ec4nfar@okhdfcbank
ORD2011479,MERCH006,1uxwxlr@okhdfcbank
ORD2013699,MERCH002,kony47r@ybl
ORD2032442,MERCH016,qtpcoir@oksbi
ORD2051993,MERCH020,3xzteho@okhdfcbank
ORD2034149,MERCH009,bank_acct_1570****8834
ORD2048635,MERCH002,ppgeceg@okhdfcbank
ORD2024644,MERCH015,bank_acct_8410****8840
ORD2009329,MERCH001,bank_acct_2358****5456
ORD2001044,MERCH014,bank_acct_2337****9067
ORD2014467,MERCH011,bank_acct_5227****1685
ORD2008446,MERCH013,bank_acct_5227****1685
ORD2034586,MERCH012,gnavcpn@okaxis
ORD2009360,MERCH004,f907uif@okicici
ORD2044479,MERCH001,2k9xwyp@okaxis
ORD2001580,MERCH010,h1726zj@okhdfcbank
ORD2052263,MERCH013,bank_acct_7870****7197
ORD2035858,MERCH008,rdjr6p7@okicici
ORD2048584,MERCH013,bnzueyd@oksbi
ORD2057335,MERCH017,iffsejq@okicici
ORD2041787,MERCH004,isbbr6o@ybl
ORD2022375,MERCH011,rxyqrwa@oksbi
ORD2022112,MERCH009,bank_acct_9696****3727
ORD2019192,MERCH006,iywbyfg@okhdfcbank
ORD2059355,MERCH007,sd3zbod@okicici
ORD2059949,MERCH017,liola3k@ybl
ORD2051653,MERCH015,abpha7y@oksbi
ORD2025681,MERCH018,bank_acct_2321****2272
ORD2028496,MERCH001,fbt1vyx@ybl
ORD2033989,MERCH002,nkrgyti@okicici
ORD2014901,MERCH007,bank_acct_8224****6318
ORD2054361,MERCH011,2fxfprg@okicici
ORD2021197,MERCH016,urbwayn@okhdfcbank
ORD2003505,MERCH013,yxanlz4@okhdfcbank
ORD2057565,MERCH002,sdmemmq@oksbi
ORD2039120,MERCH001,bank_acct_3862****2736
ORD2046354,MERCH012,umzdaei@okaxis
ORD2053166,MERCH011,bank_acct_5227****1685
ORD2005118,MERCH012,bank_acct_8509****6175
ORD2013872,MERCH010,bank_acct_5529****2657
ORD2024359,MERCH007,bank_acct_8224****6318
ORD2051668,MERCH002,bank_acct_7500****0580
ORD2051900,MERCH009,bank_acct_5077****7524
ORD2040076,MERCH013,bank_acct_4079****1348
ORD2016831,MERCH001,cmmvgcx@okicici
ORD2005696,MERCH018,fokzhlc@okhdfcbank
ORD2026866,MERCH009,bank_acct_0389****9273
ORD2023803,MERCH008,bank_acct_9960****2638
ORD2042086,MERCH005,bank_acct_0542****6032
ORD2031344,MERCH011,mmzfmuz@ybl
ORD2033451,MERCH013,olwduqs@ybl
ORD2013045,MERCH005,bank_acct_1023****0325
ORD2008868,MERCH003,bank_acct_9442****2953
ORD2053493,MERCH013,e0rs8po@okaxis
ORD2026019,MERCH017,bfbohzx@oksbi
ORD2036297,MERCH020,8clc5de@okicici
ORD2029107,MERCH008,arndavy@okicici
ORD2034588,MERCH014,uqztqob@okaxis
ORD2054382,MERCH008,bank_acct_7073****3102
ORD2009378,MERCH019,ncsilb4@okhdfcbank
ORD2027412,MERCH005,fz570cr@okaxis
ORD2049709,MERCH014,3ujitcw@okhdfcbank
ORD2055923,MERCH010,bank_acct_8343****6785
ORD2055978,MERCH020,bank_acct_2352****8376
ORD2002769,MERCH011,bank_acct_6206****4044
ORD2056777,MERCH015,1d3d0bk@okhdfcbank
ORD2039894,MERCH018,gi2olox@okaxis
ORD2027428,MERCH005,rsbuaph@oksbi
ORD2016420,MERCH007,vwdw3mi@okicici
ORD2016566,MERCH005,bank_acct_9827****6791
ORD2038961,MERCH019,bank_acct_7257****9476
ORD2042967,MERCH018,ozlmdf0@okhdfcbank
ORD2013957,MERCH007,qwf2dst@oksbi
ORD2025833,MERCH005,jjmxk53@okaxis
ORD2010108,MERCH010,qlm5dvp@oksbi
ORD2053904,MERCH017,bank_acct_7262****7354
ORD2024229,MERCH005,ajfyohr@okicici
ORD2003046,MERCH014,bank_acct_7916****9047
ORD2053934,MERCH005,gpk95x2@oksbi
ORD2015071,MERCH019,bank_acct_0736****7289
ORD2023942,MERCH009,vcoedgj@okhdfcbank
ORD2041781,MERCH011,bank_acct_6398****1234
ORD2044635,MERCH003,ysdycqj@okaxis
ORD2004492,MERCH018,bank_acct_3630****4464
ORD2031463,MERCH018,fhnkqzt@okicici
ORD2029438,MERCH004,pccdg9z@okhdfcbank
ORD2057568,MERCH006,bank_acct_0796****0928
ORD2006046,MERCH011,bank_acct_3017****5863
ORD2005559,MERCH005,3sxfbb2@okaxis
ORD2015089,MERCH001,bank_acct_8837****4239
ORD2023636,MERCH011,zsagas5@ybl
ORD2022029,MERCH014,gv95tjx@okicici
ORD2043228,MERCH014,kperjek@oksbi
ORD2005453,MERCH010,bxdhowb@okhdfcbank
ORD2006332,MERCH015,bank_acct_4040****5226
ORD2020487,MERCH009,7waoqjb@okhdfcbank
ORD2011323,MERCH005,xxkczrk@oksbi
ORD2032534,MERCH007,ehfqzpe@okaxis
ORD2019947,MERCH004,bank_acct_9151****6310
ORD2055375,MERCH005,bank_acct_1979****9723
ORD2022347,MERCH006,gtklizi@oksbi
ORD2057712,MERCH001,jmdju3q@oksbi
ORD2025278,MERCH020,n96fcge@okhdfcbank
ORD2037854,MERCH020,bank_acct_4792****5118
ORD2038162,MERCH009,5yevj8i@okhdfcbank
ORD2012713,MERCH020,kimyoi0@okhdfcbank
ORD2044394,MERCH019,moyycuj@oksbi
ORD2038497,MERCH009,euykdp3@okaxis
ORD2053787,MERCH009,euykdp3@okaxis
ORD2005125,MERCH008,bank_acct_2856****4642
ORD2040066,MERCH001,bank_acct_0764****6776
ORD2048659,MERCH012,wgfjc9z@okhdfcbank
ORD2035651,MERCH003,9mgkdvq@okhdfcbank
ORD2042776,MERCH016,bank_acct_4967****6426
ORD2023878,MERCH005,5jvwlcb@okicici
ORD2005062,MERCH017,m0le3p9@okicici
ORD2020745,MERCH020,4ygrkbw@oksbi
ORD2039014,MERCH016,kdsq9tl@okaxis
ORD2006848,MERCH012,bank_acct_0213****3354
ORD2002365,MERCH006,bank_acct_6841****0751
ORD2013382,MERCH013,cbl76ec@okicici
ORD2031478,MERCH016,bank_acct_4912****6488
ORD2014808,MERCH016,eoytxwp@ybl
ORD2036708,MERCH005,bank_acct_6905****4240
ORD2023436,MERCH006,bank_acct_7597****7413
ORD2020797,MERCH007,8s1ficz@okicici
ORD2035661,MERCH008,bank_acct_2985****1484
ORD2030042,MERCH002,bank_acct_9438****2208
ORD2002870,MERCH014,bank_acct_5494****5999
ORD2001356,MERCH001,bank_acct_9894****5543
ORD2013967,MERCH009,tcvhboh@okhdfcbank
ORD2047902,MERCH014,14pycey@okicici
ORD2059430,MERCH008,cae3hby@okaxis
ORD2008893,MERCH007,lwaqvaw@okicici
ORD2021563,MERCH015,2urdfpr@oksbi
ORD2049359,MERCH003,bank_acct_7748****3706
ORD2016154,MERCH006,asvqdti@okaxis
ORD2058458,MERCH015,bank_acct_5801****0360
ORD2052565,MERCH020,bank_acct_3935****4605
ORD2049004,MERCH016,bank_acct_0276****3647
ORD2031486,MERCH011,olglwqm@ybl
ORD2006545,MERCH015,d6akstd@ybl
ORD2000843,MERCH008,wm7bswd@okicici
ORD2006707,MERCH014,9nhghhb@okaxis
ORD2056535,MERCH013,bank_acct_9355****1495
ORD2055565,MERCH002,urtvjxg@ybl
ORD2052226,MERCH020,3bvlibx@okicici
ORD2051351,MERCH013,bank_acct_5127****8540
ORD2022415,MERCH011,3olfd38@okicici
ORD2002767,MERCH013,uao5nsj@ybl
ORD2016989,MERCH010,euykdp3@okaxis
ORD2013226,MERCH019,bank_acct_5902****2525
ORD2052098,MERCH020,tkztaeb@okhdfcbank
ORD2031834,MERCH018,bank_acct_6686****9051
ORD2045920,MERCH017,bank_acct_6544****4779
ORD2046530,MERCH002,bank_acct_2566****7009
ORD2051532,MERCH017,bank_acct_4304****8993
ORD2047405,MERCH004,xxwvtuo@ybl
ORD2021248,MERCH003,bank_acct_6254****4968
ORD2025145,MERCH002,qks540u@oksbi
ORD2044447,MERCH008,hvxvg7a@okaxis
ORD2020668,MERCH017,e4ertdx@okicici
ORD2052750,MERCH018,rcck3er@ybl
ORD2058824,MERCH013,bank_acct_8842****6932
ORD2046081,MERCH002,bank_acct_4521****9201
ORD2027577,MERCH018,bank_acct_0820****5198
ORD2008145,MERCH013,nfupbif@ybl
ORD2051602,MERCH002,boqikqk@oksbi
ORD2036824,MERCH007,bank_acct_5483****4865
ORD2002734,MERCH010,bank_acct_6936****6250
ORD2032893,MERCH015,bank_acct_6544****2581
ORD2022423,MERCH013,mh1mf9q@okicici
ORD2001524,MERCH010,bank_acct_6826****9266
ORD2037359,MERCH010,jpiu67b@okhdfcbank
ORD2003757,MERCH015,bank_acct_7891****4813
ORD2002267,MERCH006,wjxijob@oksbi
ORD2023637,MERCH014,bank_acct_6945****7307
ORD2054360,MERCH010,2zxiwj8@okicici
ORD2053921,MERCH009,euykdp3@okaxis
ORD2052494,MERCH017,iidl5de@okhdfcbank
ORD2058399,MERCH005,bank_acct_8364****5852
ORD2020307,MERCH015,bank_acct_6026****9566
ORD2002324,MERCH015,ayrdr6y@okicici
ORD2044844,MERCH003,tgddlye@oksbi
ORD2042336,MERCH017,6km3myk@okaxis
ORD2037577,MERCH004,bank_acct_8970****4558
ORD2048441,MERCH006,bank_acct_5503****1724
ORD2009909,MERCH019,bank_acct_8988****6805
ORD2011347,MERCH018,bank_acct_5302****2764
ORD2051388,MERCH005,c8vum1c@okhdfcbank
ORD2035321,MERCH013,phpl9x0@okicici
ORD2036845,MERCH014,bank_acct_2258****9262
ORD2019584,MERCH011,bank_acct_1554****7303
ORD2052288,MERCH015,gryzvry@okaxis
ORD2044323,MERCH001,bank_acct_7851****2672
ORD2035484,MERCH006,v8e6c3j@okicici
ORD2030443,MERCH015,uuwqdv3@okicici
ORD2049691,MERCH019,7rhzq3d@okicici
ORD2037927,MERCH007,bank_acct_9277****8942
ORD2003902,MERCH015,bank_acct_3334****5374
ORD2005206,MERCH003,bank_acct_4096****3911
ORD2017536,MERCH009,mvsspsf@okaxis
ORD2008530,MERCH011,urgwjpl@okaxis
ORD2045080,MERCH006,j6rnr5h@okaxis
ORD2023217,MERCH004,zmxhboq@okaxis
ORD2034555,MERCH003,rhsh7bi@oksbi
ORD2006727,MERCH004,bank_acct_1561****6541
ORD2048973,MERCH015,awucyon@okicici
ORD2016559,MERCH012,t1klo3i@okhdfcbank
ORD2001257,MERCH015,bank_acct_2337****9067
ORD2004559,MERCH013,y1gdckv@okaxis
ORD2043966,MERCH017,bheloda@okicici
ORD2041985,MERCH020,sqhwlye@okhdfcbank
ORD2007548,MERCH006,bank_acct_2881****3885
ORD2022672,MERCH013,c4xkfyq@oksbi
ORD2013955,MERCH018,374phm0@okaxis
ORD2038664,MERCH013,bank_acct_1837****1082
ORD2011014,MERCH002,bank_acct_0985****9699
ORD2010402,MERCH006,bank_acct_5345****9735
ORD2030108,MERCH011,j9at4zi@oksbi
ORD2008029,MERCH019,lz66pfo@okaxis
ORD2015279,MERCH005,bank_acct_4705****7611
ORD2046892,MERCH006,bank_acct_0909****8892
ORD2015561,MERCH005,wz21pyq@oksbi
ORD2026949,MERCH006,2eln8lv@oksbi
ORD2046944,MERCH002,xkd2vtv@ybl
ORD2031600,MERCH014,ngninqz@okhdfcbank
ORD2036938,MERCH010,wlajszy@okhdfcbank
ORD2028346,MERCH010,bank_acct_5859****7746
ORD2012807,MERCH015,bank_acct_9659****9683
ORD2052526,MERCH010,bank_acct_2275****2139
ORD2013099,MERCH006,akivhii@okicici
ORD2055720,MERCH004,bank_acct_0480****3729
ORD2009365,MERCH005,o10fart@okhdfcbank
ORD2025035,MERCH007,bank_acct_8711****8044
ORD2013823,MERCH001,bank_acct_6556****0329
ORD2013646,MERCH020,bank_acct_0320****5133
ORD2036117,MERCH009,n3fwpab@okhdfcbank
ORD2012508,MERCH019,bank_acct_5315****3249
ORD2052967,MERCH016,qdbghbd@oksbi
ORD2026754,MERCH016,0vw6t7r@okicici
ORD2013534,MERCH018,gov1esa@okicici
ORD2004055,MERCH001,bank_acct_9257****2875
ORD2036374,MERCH020,6gsn7t2@ybl
ORD2019113,MERCH016,bank_acct_7859****6946
ORD2056122,MERCH008,5j1shoi@ybl
ORD2018087,MERCH007,g7deazk@ybl
ORD2010471,MERCH019,bank_acct_1081****2305
ORD2001795,MERCH016,eafdqx8@okicici
ORD2054356,MERCH015,xbx1zl0@okaxis
ORD2007144,MERCH014,czbenur@okhdfcbank
ORD2009785,MERCH015,bank_acct_0604****3196
ORD2006173,MERCH003,bank_acct_6477****5598
ORD2028127,MERCH020,q8sxg6a@okaxis
ORD2048185,MERCH020,bank_acct_6028****0998
ORD2013990,MERCH001,dzzkuo5@ybl
ORD2059869,MERCH007,bank_acct_8224****6318
ORD2023920,MERCH010,euykdp3@okaxis
ORD2012189,MERCH018,bank_acct_9934****2252
ORD2037229,MERCH007,bank_acct_1734****7729
ORD2028334,MERCH002,bwwmvfj@okaxis
ORD2012401,MERCH006,mlgqebj@ybl
ORD2022278,MERCH019,bank_acct_7453****6752
ORD2004794,MERCH012,88ajyws@oksbi
ORD2023287,MERCH002,bank_acct_6234****4217
ORD2033300,MERCH005,bank_acct_8161****8302
ORD2032225,MERCH002,gwxhjic@okhdfcbank
ORD2045313,MERCH019,bank_acct_5470****5524
ORD2018314,MERCH020,bank_acct_5194****4523
ORD2048246,MERCH010,zwuoytq@oksbi
ORD2044794,MERCH011,d56awif@okicici
ORD2008058,MERCH003,bank_acct_2935****4193
ORD2038238,MERCH002,bank_acct_2951****1239
ORD2003151,MERCH004,dqhrkue@okicici
ORD2017969,MERCH014,bank_acct_4511****4917
ORD2024714,MERCH006,6egxthk@ybl
ORD2008752,MERCH006,gqnetsb@oksbi
ORD2010946,MERCH010,bank_acct_0005****8589
ORD2016179,MERCH020,usr1rzk@oksbi
ORD2035906,MERCH020,bank_acct_5875****3340
ORD2025362,MERCH019,bank_acct_5750****5337
ORD2025419,MERCH018,qdnalx2@okhdfcbank
ORD2046039,MERCH006,ffxjm4w@okaxis
ORD2004713,MERCH015,yujhhhp@okhdfcbank
ORD2001239,MERCH019,qqztoxq@oksbi
ORD2021217,MERCH012,bank_acct_4503****3502
ORD2035884,MERCH002,e4nfxh1@ybl
ORD2007766,MERCH003,bank_acct_3783****5834
ORD2032185,MERCH010,oh8h6fe@okicici
ORD2053882,MERCH011,ugenlkr@okaxis
ORD2032312,MERCH012,bank_acct_6729****2232
ORD2046890,MERCH013,bank_acct_3594****8136
ORD2042453,MERCH003,rirggky@okaxis
ORD2042937,MERCH014,bank_acct_4055****2870
ORD2045764,MERCH018,bank_acct_7561****5064
ORD2047292,MERCH003,ds66hcv@okicici
ORD2028807,MERCH010,bank_acct_1241****6910
ORD2053980,MERCH016,bank_acct_5275****5224
ORD2001933,MERCH005,79ugdof@okicici
ORD2006310,MERCH004,vszcicw@okhdfcbank
ORD2048969,MERCH009,bank_acct_0491****6557
ORD2052756,MERCH011,bank_acct_4570****8765
ORD2045647,MERCH017,xbugxki@oksbi
ORD2022515,MERCH014,bank_acct_8442****2106
ORD2047989,MERCH017,bank_acct_8009****8445
ORD2030160,MERCH007,bank_acct_3953****9393
ORD2001793,MERCH007,ule4jlw@okhdfcbank
ORD2045054,MERCH020,4vtmmjw@okicici
ORD2011999,MERCH002,m2fhfv0@okicici
ORD2015620,MERCH004,bank_acct_3084****2006
ORD2024426,MERCH019,yxzmisj@okhdfcbank
ORD2000381,MERCH017,bank_acct_6653****6709
ORD2044759,MERCH003,bank_acct_7991****2878
ORD2009405,MERCH016,bank_acct_6261****0832
ORD2005591,MERCH020,bank_acct_7072****0395
ORD2027131,MERCH010,bank_acct_2287****4479
ORD2052180,MERCH014,bank_acct_7891****5891
ORD2037742,MERCH020,rlbopwl@okicici
ORD2039122,MERCH011,jaztoio@okaxis
ORD2036463,MERCH009,bank_acct_9211****4368
ORD2009297,MERCH017,wh67l0f@okhdfcbank
ORD2010911,MERCH019,uwwwuxm@oksbi
ORD2008513,MERCH020,xxftcsn@oksbi
ORD2030967,MERCH012,bank_acct_4530****9259
ORD2019936,MERCH005,5ciiqbm@okaxis
ORD2057823,MERCH020,g6lsigz@oksbi
ORD2012340,MERCH019,bank_acct_5911****3334
ORD2008482,MERCH016,plskmbz@oksbi
ORD2032297,MERCH017,bank_acct_3473****1514
ORD2046894,MERCH016,bank_acct_5127****8409
ORD2025592,MERCH016,eshuj6h@okhdfcbank
ORD2056286,MERCH006,ci6xcfb@oksbi
ORD2016918,MERCH020,bank_acct_7382****7941
ORD2048912,MERCH008,qfm5fxy@ybl
ORD2044843,MERCH010,z0fbk49@okhdfcbank
ORD2042603,MERCH007,c7yubj9@ybl
ORD2028923,MERCH001,an3lg2m@okaxis
ORD2037587,MERCH004,bank_acct_5778****9133
ORD2040366,MERCH001,hcopsoq@ybl
ORD2047389,MERCH015,med3o0z@oksbi
ORD2007962,MERCH004,bank_acct_4672****9518
ORD2014514,MERCH007,e46i4dk@ybl
ORD2038407,MERCH020,bank_acct_5095****0705
ORD2055286,MERCH014,bank_acct_8450****1557
ORD2020148,MERCH014,pv6tpar@oksbi
ORD2006790,MERCH002,bank_acct_7315****4634
ORD2035789,MERCH011,4tjo7g8@oksbi
ORD2022969,MERCH012,mc17mpg@okaxis
ORD2023044,MERCH018,kmmsm5o@ybl
ORD2030996,MERCH007,bank_acct_5759****7465
ORD2004608,MERCH001,bank_acct_8223****8663
ORD2042468,MERCH007,bank_acct_6422****9224
ORD2027989,MERCH010,qckrugh@ybl
ORD2048470,MERCH009,bank_acct_0432****1905
ORD2000746,MERCH003,4naor57@okaxis
ORD2006275,MERCH010,thbfqe3@okaxis
ORD2055991,MERCH010,bank_acct_2700****8368
ORD2057139,MERCH017,bank_acct_7660****7439
ORD2036058,MERCH018,gkkxozt@okicici
ORD2003071,MERCH011,bank_acct_4303****1686
ORD2007682,MERCH001,bank_acct_2119****2733
ORD2049196,MERCH004,wrgemlp@okhdfcbank
ORD2022620,MERCH011,bank_acct_8331****1097
ORD2007710,MERCH011,0rhw7ga@oksbi
ORD2035579,MERCH013,r1wmi4g@okicici
ORD2059690,MERCH019,bank_acct_1514****3360
ORD2044455,MERCH020,bank_acct_9241****3030
ORD2023347,MERCH001,bank_acct_0336****1344
ORD2013440,MERCH006,bank_acct_0932****0131
ORD2025707,MERCH007,bank_acct_6078****0343
ORD2034231,MERCH011,bank_acct_3397****1367
ORD2020224,MERCH011,xh0mlpk@oksbi
ORD2043542,MERCH016,hx7v1vf@okhdfcbank
ORD2030731,MERCH003,vcoedgj@okhdfcbank
ORD2046870,MERCH002,bank_acct_8996****3563
ORD2038605,MERCH005,we4img5@oksbi
ORD2056388,MERCH016,bank_acct_6818****3845
ORD2056625,MERCH005,bank_acct_5213****1951
ORD2052638,MERCH015,chxu3v4@okicici
ORD2045775,MERCH018,bank_acct_6525****1170
ORD2021070,MERCH011,gs8eatq@ybl
ORD2051886,MERCH003,bank_acct_6254****4968
ORD2042946,MERCH002,bank_acct_5387****1425
ORD2036908,MERCH017,iaz28rd@okicici
ORD2040860,MERCH010,bank_acct_7511****5546
ORD2044079,MERCH019,5oz9xdp@okicici
ORD2012973,MERCH011,bsqpagg@ybl
ORD2018306,MERCH018,66cujax@okaxis
ORD2004730,MERCH018,ozllvo2@okaxis
ORD2049610,MERCH001,bank_acct_4899****6348
ORD2042985,MERCH007,bank_acct_1871****0308
ORD2012851,MERCH019,bank_acct_7881****4932
ORD2055580,MERCH011,fitggbe@oksbi
ORD2035712,MERCH012,bank_acct_9587****5486
ORD2025157,MERCH003,bank_acct_4796****1887
ORD2016840,MERCH005,ffsudis@okicici
ORD2005274,MERCH009,yd4hjui@okaxis
ORD2057322,MERCH001,ybrvnal@okaxis
ORD2050781,MERCH011,bank_acct_7786****9467
ORD2005568,MERCH014,bvguo68@oksbi
ORD2022519,MERCH018,bank_acct_8062****8473
ORD2037326,MERCH006,cjfiyxi@okhdfcbank
ORD2053405,MERCH020,bank_acct_0558****1523
ORD2025437,MERCH006,9ztfnxl@oksbi
ORD2024854,MERCH020,m7fbtf3@okicici
ORD2015522,MERCH004,bank_acct_6131****4005
ORD2032455,MERCH010,8darcxi@okicici
ORD2011925,MERCH011,hfatqec@ybl
ORD2041172,MERCH010,bank_acct_8017****6034
ORD2026649,MERCH009,akejwrx@okicici
ORD2026349,MERCH014,t2j4use@oksbi
ORD2041142,MERCH003,bank_acct_4367****4685
ORD2042803,MERCH016,bank_acct_2826****8395
ORD2017498,MERCH008,bank_acct_1098****7174
ORD2000928,MERCH012,2gfgndz@ybl
ORD2053489,MERCH015,bank_acct_2351****0678
ORD2006561,MERCH010,khifbwe@ybl
ORD2023924,MERCH007,jlsbluj@oksbi
ORD2026239,MERCH017,zsgtecv@okhdfcbank
ORD2046443,MERCH010,bank_acct_7039****5869
ORD2059849,MERCH014,ftdx31l@okicici
ORD2033802,MERCH012,bank_acct_2291****6829
ORD2019027,MERCH002,bank_acct_6494****8222
ORD2026523,MERCH007,bank_acct_7648****5996
ORD2053738,MERCH003,frs6lg0@okhdfcbank
ORD2031375,MERCH015,bank_acct_8503****8618
ORD2020743,MERCH002,boqikqk@oksbi
ORD2033627,MERCH016,vlo1pbm@okicici
ORD2017162,MERCH017,4fnmy5l@okhdfcbank
ORD2000897,MERCH005,0febhaj@ybl
ORD2043684,MERCH007,oaoceis@okicici
ORD2049047,MERCH011,bank_acct_3693****3526
ORD2042022,MERCH016,bank_acct_0561****2320
ORD2059611,MERCH017,oz5bgtu@ybl
ORD2048593,MERCH013,qtpcoir@oksbi
ORD2005799,MERCH005,rmtgazh@okhdfcbank
ORD2050925,MERCH004,bank_acct_5034****2419
ORD2025846,MERCH017,bank_acct_9227****0479
ORD2012213,MERCH005,hlr0sev@okaxis
ORD2040719,MERCH007,bank_acct_4907****7407
ORD2059546,MERCH002,piqglgc@okhdfcbank
ORD2002335,MERCH015,s1letho@okicici
ORD2030807,MERCH013,bank_acct_8447****2644
ORD2015842,MERCH017,fgsdsiz@okaxis
ORD2024458,MERCH004,wjntt1i@oksbi
ORD2019410,MERCH001,bank_acct_5964****2518
ORD2055960,MERCH010,3bypzog@okaxis
ORD2049535,MERCH002,bank_acct_3735****8322
ORD2041344,MERCH020,1wrszkx@okaxis
ORD2003335,MERCH003,bank_acct_0525****9353
ORD2028407,MERCH011,4rrqvjn@okhdfcbank
ORD2055816,MERCH015,ph908bf@oksbi
ORD2033797,MERCH002,tdqudrv@okicici
ORD2038644,MERCH004,yo2itiq@ybl
ORD2022789,MERCH017,4wqtwnp@ybl
ORD2014405,MERCH010,bank_acct_7461****9719
ORD2036627,MERCH001,l8hq3a2@okicici
ORD2014336,MERCH019,bank_acct_6239****0238
ORD2035681,MERCH010,bank_acct_7918****0551
ORD2036457,MERCH017,bank_acct_5232****5668
ORD2052247,MERCH011,bank_acct_2344****8379
ORD2058670,MERCH007,bank_acct_2687****6252
ORD2007190,MERCH007,bank_acct_2088****9854
ORD2001228,MERCH010,bank_acct_6446****2310
ORD2058649,MERCH009,bank_acct_4335****4592
ORD2055262,MERCH018,bank_acct_3284****0394
ORD2040823,MERCH011,j6uqvya@okaxis
ORD2059049,MERCH015,bank_acct_9412****4356
ORD2054536,MERCH004,96r4pjd@ybl
ORD2033545,MERCH009,yhhsdwf@okhdfcbank
ORD2030604,MERCH005,dk0qtti@oksbi
ORD2044208,MERCH006,mebckym@okhdfcbank
ORD2012300,MERCH009,bank_acct_3976****5220
ORD2040648,MERCH004,6vlzb1a@okaxis
ORD2038172,MERCH001,amkhhmu@okaxis
ORD2029358,MERCH020,bank_acct_6090****4228
ORD2028132,MERCH018,bank_acct_2154****6384
ORD2055202,MERCH017,bank_acct_4861****3362
ORD2050696,MERCH004,bank_acct_4444****6221
ORD2020288,MERCH007,pmyssaq@okhdfcbank
ORD2015571,MERCH018,bank_acct_9530****4568
ORD2006241,MERCH011,bank_acct_0256****3450
ORD2010020,MERCH009,bank_acct_8789****9831
ORD2012766,MERCH005,bank_acct_9902****7889
ORD2021663,MERCH010,bank_acct_3661****0565
ORD2022559,MERCH019,fcw0uqq@okicici
ORD2006709,MERCH008,bank_acct_5935****9246
ORD2035559,MERCH006,bank_acct_2471****0120
ORD2043918,MERCH003,zh1d3jt@okhdfcbank
ORD2048947,MERCH010,bank_acct_6775****4615
ORD2003813,MERCH020,bank_acct_1943****0344
ORD2018424,MERCH011,bank_acct_7900****9891
ORD2055488,MERCH018,jl0l2fl@oksbi
ORD2031210,MERCH015,i1wqbmy@ybl
ORD2015503,MERCH020,bank_acct_6432****1606
ORD2024345,MERCH001,hytlti7@ybl
ORD2033400,MERCH016,ooq8nrc@ybl
ORD2058080,MERCH002,bank_acct_4055****0118
ORD2008983,MERCH004,8a39aju@okaxis
ORD2009607,MERCH013,bank_acct_7150****5630
ORD2008771,MERCH002,bank_acct_6019****8510
ORD2029185,MERCH003,bank_acct_1516****0280
ORD2007534,MERCH003,iqrozy9@okicici
ORD2013151,MERCH006,bank_acct_0690****7892
ORD2015544,MERCH020,i6tn1ch@ybl
ORD2043138,MERCH019,eufcaqv@okicici
ORD2005421,MERCH015,htudqr8@oksbi
ORD2059912,MERCH020,ece97gs@okaxis
ORD2046803,MERCH012,bank_acct_3372****2036
ORD2050404,MERCH010,bank_acct_8451****2340
ORD2046254,MERCH011,bank_acct_1051****9431
ORD2018011,MERCH007,bank_acct_8898****9964
ORD2004654,MERCH018,bank_acct_0196****7994
ORD2003159,MERCH003,bank_acct_8176****2875
ORD2028234,MERCH015,gztupzw@oksbi
ORD2011389,MERCH019,bl1s52f@okaxis
ORD2041860,MERCH005,v4aasae@okicici
ORD2043253,MERCH003,bank_acct_7793****9130
ORD2017321,MERCH015,gpqkqje@ybl
ORD2028362,MERCH004,bank_acct_6097****1223
ORD2016256,MERCH015,pcpl9vb@okicici
ORD2001386,MERCH010,mbv7bqe@okhdfcbank
ORD2018546,MERCH015,nmygaze@oksbi
ORD2047297,MERCH016,warsqkd@ybl
ORD2048877,MERCH008,bank_acct_6086****8275
ORD2011079,MERCH008,rzavvlc@oksbi
ORD2004603,MERCH005,bank_acct_1888****0596
ORD2047084,MERCH020,09zmid8@okicici
ORD2044776,MERCH009,bank_acct_3561****8451
ORD2051935,MERCH012,bank_acct_5479****1263
ORD2046246,MERCH013,xaqbidt@ybl
ORD2010983,MERCH006,ydqyo5d@okhdfcbank
ORD2023984,MERCH011,tnm94og@ybl
ORD2053281,MERCH011,z6amasu@okhdfcbank
ORD2057309,MERCH015,zbszrhc@okaxis
ORD2024515,MERCH016,bank_acct_0216****8601
ORD2054738,MERCH001,bank_acct_9807****6501
ORD2028488,MERCH003,uzwiuhy@okhdfcbank
ORD2045732,MERCH016,bank_acct_4971****4643
ORD2015796,MERCH004,bank_acct_4873****4874
ORD2054257,MERCH012,bank_acct_1632****5848
ORD2009625,MERCH016,bank_acct_4251****8496
ORD2001243,MERCH015,bfpkah8@oksbi
ORD2018263,MERCH006,gvt6rq6@oksbi
ORD2005952,MERCH010,bank_acct_7432****5621
ORD2037486,MERCH012,bank_acct_7982****1533
ORD2031738,MERCH020,zyui0qp@okicici
ORD2054214,MERCH019,bank_acct_9387****2720
ORD2025942,MERCH005,m7nypbc@okhdfcbank
ORD2043643,MERCH017,wqzk140@okicici
ORD2049802,MERCH004,rtdn93n@okaxis
ORD2000158,MERCH013,pysttmz@okhdfcbank
ORD2053082,MERCH004,bank_acct_8704****8371
ORD2010893,MERCH011,nvwcnkn@oksbi
ORD2023484,MERCH018,8zhylfd@ybl
ORD2047756,MERCH003,bank_acct_0965****0806
ORD2009011,MERCH010,gfvhdkk@ybl
ORD2059968,MERCH018,rcbstxs@okaxis
ORD2043702,MERCH003,bank_acct_6254****4968
ORD2005807,MERCH019,ilhqjda@ybl
ORD2006501,MERCH014,j0lbytf@okaxis
ORD2059908,MERCH008,bank_acct_1011****1744
ORD2053245,MERCH020,bank_acct_0983****9040
ORD2049997,MERCH008,0su0imo@okicici
ORD2043787,MERCH018,b0yiyju@ybl
ORD2042947,MERCH006,bank_acct_0054****6530
ORD2053710,MERCH016,bank_acct_5125****1802
ORD2039112,MERCH013,0v489ja@okhdfcbank
ORD2024472,MERCH003,bank_acct_3497****1558
ORD2046581,MERCH011,917kxhn@okaxis
ORD2058526,MERCH007,grfeyeo@okhdfcbank
ORD2008336,MERCH019,bank_acct_3113****8194
ORD2027352,MERCH014,biwarlf@okicici
ORD2018481,MERCH014,0ymmb7w@oksbi
ORD2053490,MERCH019,bank_acct_1679****2707
ORD2006282,MERCH011,fz4m6ct@oksbi
ORD2004275,MERCH018,wl2pppx@okhdfcbank
ORD2037670,MERCH008,bank_acct_2463****8896
ORD2007781,MERCH006,xl4ug6m@okhdfcbank
ORD2027646,MERCH003,xcdu7nc@ybl
ORD2029428,MERCH019,ykmnvqh@okhdfcbank
ORD2047665,MERCH016,bank_acct_1178****1456
ORD2042050,MERCH004,hhcithy@okaxis
ORD2022096,MERCH020,bank_acct_0558****1523
ORD2000809,MERCH011,bank_acct_6879****8586
ORD2006433,MERCH018,bank_acct_0146****1461
ORD2050834,MERCH004,sssl70c@okicici
ORD2035547,MERCH015,dzihu5r@okaxis
ORD2024052,MERCH006,qhcp4bg@oksbi
ORD2018757,MERCH010,bank_acct_9938****4852
ORD2028119,MERCH013,mcltytq@okhdfcbank
ORD2016030,MERCH003,bank_acct_9309****5365
ORD2037013,MERCH020,hsmf276@okaxis
ORD2015807,MERCH004,gra9eru@oksbi
ORD2017705,MERCH020,bank_acct_1573****8700
ORD2019899,MERCH013,bank_acct_9631****4676
ORD2041154,MERCH011,bank_acct_2440****6475
ORD2053691,MERCH016,xwr6lan@ybl
ORD2027524,MERCH002,bank_acct_0909****8476
ORD2005502,MERCH003,bank_acct_7583****2668
ORD2040749,MERCH007,bank_acct_9780****7395
ORD2048088,MERCH005,bank_acct_0108****5714
ORD2050555,MERCH019,iabhekx@oksbi
ORD2050609,MERCH001,l6d2cnf@okicici
ORD2032930,MERCH005,dm7iduw@oksbi
ORD2049453,MERCH005,bank_acct_4670****6939
ORD2050724,MERCH015,bank_acct_1964****6153
ORD2052717,MERCH018,ubrvy5v@okaxis
ORD2021384,MERCH013,qtpcoir@oksbi
ORD2035267,MERCH020,kfgr3an@okhdfcbank
ORD2049685,MERCH019,kcvqhns@okhdfcbank
ORD2024733,MERCH015,bank_acct_2381****2160
ORD2016281,MERCH007,87kevyq@okhdfcbank
ORD2009151,MERCH007,7tnivus@okhdfcbank
ORD2005458,MERCH011,bank_acct_2371****4472
ORD2007452,MERCH010,bank_acct_6770****3961
ORD2036728,MERCH019,bank_acct_6570****1084
ORD2004067,MERCH010,bank_acct_9379****4415
ORD2022204,MERCH014,xlqlhin@oksbi
ORD2008808,MERCH012,jdbqdi5@okicici
ORD2038231,MERCH003,bank_acct_5024****5780
ORD2043613,MERCH019,jqbfggq@okhdfcbank
ORD2009588,MERCH001,xoi7hcu@oksbi
ORD2049028,MERCH020,bank_acct_8311****1417
ORD2057374,MERCH017,bank_acct_7203****8457
ORD2019973,MERCH013,lcex8a6@okhdfcbank
ORD2048372,MERCH005,hzc1itw@okhdfcbank
ORD2033574,MERCH010,bank_acct_8094****5090
ORD2057705,MERCH002,bank_acct_8666****4492
ORD2030166,MERCH012,b7wqugh@oksbi
ORD2033790,MERCH018,em7kd7c@ybl
ORD2018261,MERCH002,ax8gtcl@okaxis
ORD2007319,MERCH001,fzcvndh@okhdfcbank
ORD2022074,MERCH018,urbmpcr@okicici
ORD2043602,MERCH012,bank_acct_0298****1978
ORD2041163,MERCH004,7hj1ttf@okhdfcbank
ORD2034664,MERCH010,bank_acct_2828****2641
ORD2057433,MERCH001,ekwl0qf@ybl
ORD2055840,MERCH008,gkaqetm@ybl
ORD2050254,MERCH014,bank_acct_9681****8597
ORD2058367,MERCH019,bank_acct_0443****2819
ORD2010550,MERCH013,bank_acct_1777****4359
ORD2027733,MERCH011,bank_acct_2405****7698
ORD2012044,MERCH013,h4c0kdc@okicici
ORD2007393,MERCH013,5xbwsgs@okhdfcbank
ORD2057487,MERCH013,bank_acct_5846****9588
ORD2031520,MERCH014,bank_acct_6964****2818
ORD2050309,MERCH018,bank_acct_7881****5181
ORD2011627,MERCH007,bank_acct_5560****6983
ORD2047787,MERCH006,bank_acct_3131****7127
ORD2032549,MERCH016,bank_acct_1197****4668
ORD2014969,MERCH005,ne7d3r3@okicici
ORD2057677,MERCH007,bank_acct_7390****0553
ORD2031325,MERCH018,bank_acct_4190****7921
ORD2059814,MERCH013,bank_acct_1302****3398
ORD2001055,MERCH012,bank_acct_0194****0920
ORD2001848,MERCH014,bank_acct_2680****4949
ORD2001866,MERCH013,bank_acct_7453****6752
ORD2019490,MERCH005,bank_acct_9995****7314
ORD2047125,MERCH005,bank_acct_3651****5841
ORD2038935,MERCH001,bank_acct_9842****4860
ORD2020263,MERCH003,bank_acct_2708****5176
ORD2052946,MERCH001,5o9d6np@okaxis
ORD2013747,MERCH005,i3jfl6y@okicici
ORD2005392,MERCH016,bank_acct_1015****0721
ORD2031094,MERCH014,bank_acct_9571****5566
ORD2003114,MERCH005,bank_acct_9396****7395
ORD2040449,MERCH003,bank_acct_0912****8081
ORD2030077,MERCH005,bank_acct_0964****9197
ORD2033225,MERCH014,cgp0gt3@okhdfcbank
ORD2000770,MERCH015,dnfbxj2@oksbi
ORD2003928,MERCH020,bank_acct_7896****6797
ORD2042787,MERCH014,bank_acct_0241****6255
ORD2031333,MERCH020,upraotk@okaxis
ORD2020591,MERCH006,bslqncb@okhdfcbank
ORD2048859,MERCH015,7f4fjie@okicici
ORD2017793,MERCH013,boqikqk@oksbi
ORD2049080,MERCH018,bank_acct_0981****4065
ORD2022518,MERCH015,z9t3w5o@okhdfcbank
ORD2029971,MERCH013,bank_acct_4049****3797
ORD2030727,MERCH012,bank_acct_8339****9365
ORD2038204,MERCH008,bank_acct_9060****2543
ORD2039255,MERCH006,bank_acct_0295****6227
ORD2022397,MERCH014,bank_acct_5798****3951
ORD2027621,MERCH020,bank_acct_0812****6536
ORD2036937,MERCH001,bank_acct_4148****2576
ORD2050818,MERCH019,bank_acct_8416****2397
ORD2056783,MERCH016,okitrrg@okicici
ORD2019165,MERCH008,rlidwzj@okaxis
ORD2046457,MERCH017,gn6shfx@okhdfcbank
ORD2033338,MERCH009,bank_acct_1368****9128
ORD2005262,MERCH014,bank_acct_8437****7688
ORD2000703,MERCH018,t9gxf7p@oksbi
ORD2022661,MERCH019,bank_acct_3444****9459
ORD2016189,MERCH012,yjxzqzp@oksbi
ORD2044955,MERCH002,qa5g978@okhdfcbank
ORD2014479,MERCH006,bank_acct_6432****1606
ORD2014246,MERCH012,bank_acct_1220****2433
ORD2015094,MERCH004,hiueetz@okicici
ORD2032447,MERCH019,xtqphob@ybl
ORD2025441,MERCH016,bank_acct_8178****3052
ORD2053090,MERCH003,bank_acct_4642****5919
ORD2038871,MERCH005,utcbu1a@okicici
ORD2009741,MERCH017,bank_acct_2012****2571
ORD2030201,MERCH009,bank_acct_7549****6820
ORD2033865,MERCH015,bank_acct_2713****1610
ORD2049651,MERCH017,nkcqg4w@okhdfcbank
ORD2045886,MERCH003,bank_acct_2836****2881
ORD2006225,MERCH017,bank_acct_6849****3430
ORD2033553,MERCH020,bank_acct_0985****2758
ORD2046467,MERCH003,uoxxgi4@ybl
ORD2039500,MERCH008,bh3giy6@okhdfcbank
ORD2023103,MERCH016,qo1vlle@okhdfcbank
ORD2054740,MERCH003,prrw41n@oksbi
ORD2042463,MERCH018,bank_acct_2009****8311
ORD2022538,MERCH019,veqogcd@oksbi
ORD2038399,MERCH010,bank_acct_9631****5919
ORD2053148,MERCH020,bank_acct_1747****6502
ORD2044878,MERCH002,bank_acct_6597****3802
ORD2011158,MERCH011,pbr6xeq@okaxis
ORD2015569,MERCH018,igknnit@okhdfcbank
ORD2028456,MERCH001,bank_acct_3775****8224
ORD2044792,MERCH016,bank_acct_5243****3103
ORD2048634,MERCH015,ekxhi6q@okaxis
ORD2036486,MERCH017,bwwmngr@okaxis
ORD2041962,MERCH016,bank_acct_2913****4044
ORD2020173,MERCH019,g0v8sed@ybl
ORD2056241,MERCH011,bank_acct_4225****1320
ORD2041616,MERCH014,pydgwmd@okhdfcbank
ORD2013753,MERCH012,yoaosrx@okicici
ORD2052676,MERCH010,bank_acct_2848****3129
ORD2006651,MERCH010,azem6tx@okicici
ORD2008187,MERCH006,bank_acct_6260****4984
ORD2019225,MERCH002,cfziavi@ybl
ORD2034094,MERCH014,bank_acct_8017****6034
ORD2059326,MERCH019,qf1k9if@okhdfcbank
ORD2021771,MERCH009,8oncbcv@okhdfcbank
ORD2056451,MERCH002,bank_acct_1230****3626
ORD2009755,MERCH016,bank_acct_5747****2933
ORD2015382,MERCH018,bank_acct_0558****1523
ORD2000868,MERCH019,bank_acct_4560****9582
ORD2039662,MERCH002,9y285no@ybl
ORD2013332,MERCH010,bank_acct_4259****9588
ORD2054443,MERCH020,0cfialh@oksbi
ORD2030610,MERCH001,besijso@okhdfcbank
ORD2046576,MERCH010,bank_acct_0319****2254
ORD2056135,MERCH016,xci6ihs@okhdfcbank
ORD2006898,MERCH003,bank_acct_3920****5189
ORD2003866,MERCH005,tc5gdba@okaxis
ORD2013281,MERCH017,bank_acct_3648****6778
ORD2005638,MERCH003,uv5c0ng@okicici
ORD2004518,MERCH009,1xfiqon@okhdfcbank
ORD2055026,MERCH009,fsl6y0t@okaxis
ORD2009100,MERCH005,6omarmg@okaxis
ORD2059179,MERCH020,qr3vz1d@okhdfcbank
ORD2019081,MERCH009,b6tthcu@oksbi
ORD2033726,MERCH009,bank_acct_5630****4739
ORD2034410,MERCH009,0zhlqig@okicici
ORD2018513,MERCH001,bank_acct_9473****5836
ORD2042445,MERCH004,qbd9s8w@oksbi
ORD2027157,MERCH020,xiwuc2w@oksbi
ORD2022689,MERCH006,lnnr7qg@okicici
ORD2017772,MERCH019,bank_acct_8493****0635
ORD2047914,MERCH005,cfql9lb@okaxis
ORD2019617,MERCH015,bank_acct_5586****3392
ORD2016185,MERCH012,bank_acct_0404****1847
ORD2036825,MERCH006,bank_acct_9600****8009
ORD2052793,MERCH009,bank_acct_4953****0330
ORD2029330,MERCH008,bank_acct_2853****3695
ORD2008078,MERCH016,hw9ekbl@ybl
ORD2009820,MERCH006,r5uvdnr@okicici
ORD2057883,MERCH017,bank_acct_1412****2923
ORD2004079,MERCH017,bank_acct_5013****5422
ORD2046314,MERCH011,cizpynl@okaxis
ORD2037896,MERCH003,bank_acct_7584****5658
ORD2043137,MERCH005,tmymp4o@okhdfcbank
ORD2041862,MERCH020,bank_acct_8061****7780
ORD2047883,MERCH005,hbi2j7c@okaxis
ORD2027628,MERCH016,gvpaeaz@okhdfcbank
ORD2037283,MERCH014,bank_acct_6809****2436
ORD2052907,MERCH013,awdcihw@okaxis
ORD2017049,MERCH008,5t9pn7g@oksbi
ORD2019311,MERCH015,291qffq@okaxis
ORD2046095,MERCH006,xa0izsl@okaxis
ORD2000252,MERCH018,mkdbk6n@okhdfcbank
ORD2044062,MERCH002,dhytbqd@okicici
ORD2024010,MERCH009,bank_acct_8123****6719
ORD2035808,MERCH004,xnecvvz@oksbi
ORD2003659,MERCH002,zqbynbu@ybl
ORD2039492,MERCH006,bank_acct_1706****1722
ORD2002358,MERCH015,2ryksow@okaxis
ORD2029970,MERCH013,k1gbqtl@okicici
ORD2013470,MERCH016,lexrzfm@okaxis
ORD2006662,MERCH010,bank_acct_9750****3010
ORD2017134,MERCH016,bank_acct_4662****0116
ORD2050086,MERCH018,bank_acct_9087****4545
ORD2053615,MERCH008,bank_acct_9092****8252
ORD2033127,MERCH013,sab0imd@ybl
ORD2038504,MERCH013,bank_acct_1085****9478
ORD2034675,MERCH016,bank_acct_0360****6808
ORD2014207,MERCH009,rgij2xg@okicici
ORD2040628,MERCH005,bank_acct_0415****0864
ORD2057492,MERCH017,bank_acct_7154****4910
ORD2028184,MERCH014,7uezmzp@okaxis
ORD2030338,MERCH001,bank_acct_7559****3135
ORD2007691,MERCH010,bank_acct_8372****8252
ORD2052543,MERCH015,bank_acct_8753****7766
ORD2010456,MERCH014,bvguo68@oksbi
ORD2048085,MERCH011,bank_acct_9006****1089
ORD2000286,MERCH017,or59ihm@okaxis
ORD2000655,MERCH002,lmabhge@okaxis
ORD2043606,MERCH004,sx5wdpm@ybl
ORD2023191,MERCH018,bank_acct_9354****4078
ORD2032088,MERCH012,c5l78tq@ybl
ORD2015473,MERCH014,xn0ljub@okaxis
ORD2024765,MERCH020,eripd6q@okicici
ORD2005884,MERCH009,bank_acct_2831****0437
ORD2032707,MERCH011,dgvpwt6@okaxis
ORD2025172,MERCH009,bank_acct_9732****6516
ORD2007892,MERCH009,bank_acct_4024****3609
ORD2025392,MERCH004,bank_acct_0678****5656
ORD2059608,MERCH009,bank_acct_2395****2099
ORD2008955,MERCH019,ifk4mlv@okaxis
ORD2013162,MERCH013,v3f0ybf@oksbi
ORD2036561,MERCH015,bank_acct_6405****8578
ORD2056193,MERCH008,bank_acct_5355****7995
ORD2018638,MERCH019,bank_acct_8717****0345
ORD2002832,MERCH007,bank_acct_0205****6823
ORD2008867,MERCH017,mntjggq@okhdfcbank
ORD2048517,MERCH011,dytt5yh@okicici
ORD2052013,MERCH006,bank_acct_5287****7744
ORD2046249,MERCH011,wiuw5rt@okhdfcbank
ORD2040552,MERCH018,q4fejvm@okaxis
ORD2055405,MERCH001,bank_acct_8832****4697
ORD2034492,MERCH001,4vkdczv@okaxis
ORD2006962,MERCH003,bank_acct_3138****6903
ORD2052001,MERCH001,bank_acct_2409****9845
ORD2012001,MERCH014,yuzqtot@ybl
ORD2038505,MERCH004,bank_acct_0236****2209
ORD2050159,MERCH017,kiqi9uz@okhdfcbank
ORD2049831,MERCH004,aalxdmg@okhdfcbank
ORD2045945,MERCH015,t865dpo@okicici
ORD2031265,MERCH012,bank_acct_7426****4492
ORD2037544,MERCH008,yp8hjsn@okicici
ORD2054643,MERCH010,nvmrqlo@ybl
ORD2003127,MERCH009,bank_acct_5283****1436
ORD2043408,MERCH007,akjrsds@okaxis
ORD2007167,MERCH002,bank_acct_1435****9576
ORD2020624,MERCH001,0rx37gi@ybl
ORD2001738,MERCH020,ddnny85@oksbi
ORD2006026,MERCH003,bank_acct_4973****7032
ORD2040622,MERCH002,bank_acct_3219****2841
ORD2009238,MERCH020,bank_acct_4465****2298
ORD2014537,MERCH007,js0d1kx@okaxis
ORD2032931,MERCH020,bank_acct_2488****4507
ORD2029607,MERCH004,bank_acct_6316****7692
ORD2052376,MERCH004,bank_acct_3214****8296
ORD2049031,MERCH003,bank_acct_2556****7089
ORD2004049,MERCH020,bank_acct_3089****3389
ORD2059250,MERCH013,bank_acct_7453****6752
ORD2008036,MERCH019,tlsargo@okaxis
ORD2029553,MERCH006,0j97zh7@ybl
ORD2030624,MERCH004,odly5yg@oksbi
ORD2051424,MERCH006,bank_acct_4009****2356
ORD2020282,MERCH009,bank_acct_9945****1458
ORD2036992,MERCH010,bank_acct_0366****5524
ORD2041282,MERCH015,bank_acct_3794****9785
ORD2022296,MERCH003,ucoow6m@okicici
ORD2049110,MERCH015,vitmxl5@okhdfcbank
ORD2029831,MERCH009,kfjc38l@okhdfcbank
ORD2005343,MERCH014,s07mj4c@okhdfcbank
ORD2010730,MERCH011,bank_acct_1221****9653
ORD2004952,MERCH009,yy1od77@ybl
ORD2031287,MERCH006,bank_acct_4139****0197
ORD2053658,MERCH003,bank_acct_9684****5338
ORD2047071,MERCH009,xfecztt@oksbi
ORD2034125,MERCH002,bank_acct_2173****0082
ORD2034208,MERCH013,bank_acct_0539****2270
ORD2054181,MERCH013,bank_acct_8500****7700
ORD2015154,MERCH011,bank_acct_2767****8215
ORD2012907,MERCH002,bank_acct_2962****4206
ORD2046994,MERCH009,bank_acct_0466****3311
ORD2004914,MERCH009,w0pnri5@okicici
ORD2010962,MERCH006,reobiql@okhdfcbank
ORD2058027,MERCH019,bank_acct_6254****4968
ORD2046683,MERCH016,bank_acct_0065****5314
ORD2053811,MERCH007,qkftxse@oksbi
ORD2047418,MERCH020,lzbwvsw@oksbi
ORD2023848,MERCH013,55sbbsu@okhdfcbank
ORD2059127,MERCH006,v9szxih@okaxis
ORD2048287,MERCH016,bank_acct_7217****0543
ORD2019735,MERCH004,u12vcsp@okhdfcbank
ORD2041759,MERCH005,dqocybc@okicici
ORD2002862,MERCH018,2vzszcm@ybl
ORD2019252,MERCH014,bank_acct_1224****8727
ORD2000975,MERCH007,bank_acct_4253****7007
ORD2011354,MERCH020,th9xxyg@okaxis
ORD2007865,MERCH004,guspcjv@oksbi
ORD2032507,MERCH015,bank_acct_7904****1836
ORD2002654,MERCH009,bank_acct_9631****9112
ORD2038532,MERCH004,6w90duz@oksbi
ORD2054664,MERCH002,bkrudfw@oksbi
ORD2033657,MERCH003,bank_acct_5125****3317
ORD2017754,MERCH003,bank_acct_7083****7005
ORD2036106,MERCH019,ntzfjaz@ybl
ORD2052144,MERCH009,bank_acct_5868****1829
ORD2011664,MERCH015,jgqqtgc@okicici
ORD2043513,MERCH001,bank_acct_9949****3976
ORD2021421,MERCH016,fni36zt@oksbi
ORD2049979,MERCH005,6rrnzfa@okaxis
ORD2022443,MERCH001,bank_acct_8155****0588
ORD2038216,MERCH002,ghiotsn@okicici
ORD2001425,MERCH013,bank_acct_4389****3912
ORD2050906,MERCH009,r23lot3@okhdfcbank
ORD2017541,MERCH005,bank_acct_1648****7480
ORD2057490,MERCH011,ridjb49@okhdfcbank
ORD2013305,MERCH013,bank_acct_1454****3791
ORD2009659,MERCH019,tqygzjv@okhdfcbank
ORD2054743,MERCH001,bank_acct_4297****9309
ORD2012516,MERCH017,bank_acct_7834****3195
ORD2052786,MERCH016,f2mkkel@oksbi
ORD2011324,MERCH016,bank_acct_1412****0934
ORD2059773,MERCH014,qxkyior@okaxis
ORD2014858,MERCH013,tt18mrt@okhdfcbank
ORD2008378,MERCH003,pib8twz@ybl
ORD2054788,MERCH018,wowb5kv@okicici
ORD2050221,MERCH008,lomfhf2@okicici
ORD2039011,MERCH001,85q4up6@oksbi
ORD2057746,MERCH013,1kwakmb@okhdfcbank
ORD2045005,MERCH016,bank_acct_6653****4720
ORD2041378,MERCH004,bank_acct_5198****9305
ORD2043770,MERCH019,bank_acct_5915****9118
ORD2045424,MERCH018,eho8g32@okhdfcbank
ORD2053228,MERCH012,nvxozvv@ybl
ORD2016272,MERCH011,bank_acct_8915****8029
ORD2039343,MERCH010,ddsrhha@oksbi
ORD2034839,MERCH013,bank_acct_0846****3870
ORD2035775,MERCH020,bank_acct_6432****1606
ORD2055886,MERCH012,oetw3a0@okaxis
ORD2012178,MERCH018,plzmr4z@okhdfcbank
ORD2010079,MERCH011,4anhfth@okaxis
ORD2049944,MERCH003,b7yjvbm@okicici
ORD2016865,MERCH015,bank_acct_6483****0478
ORD2000531,MERCH010,beuxzd9@oksbi
ORD2059302,MERCH007,bank_acct_8367****0174
ORD2015167,MERCH006,bank_acct_4509****7858
ORD2000596,MERCH018,bank_acct_5298****2897
ORD2027661,MERCH002,bank_acct_2305****4084
ORD2013751,MERCH013,bank_acct_7599****2037
ORD2018989,MERCH007,u1muzgr@okaxis
ORD2007902,MERCH010,bank_acct_0100****6948
ORD2013764,MERCH013,kmxbw98@okicici
ORD2047828,MERCH004,lhhmekh@ybl
ORD2054941,MERCH012,kh5pvuq@oksbi
ORD2016476,MERCH016,bank_acct_9892****5698
ORD2022986,MERCH003,bank_acct_6307****1078
ORD2020912,MERCH015,ztjiwgp@oksbi
ORD2033813,MERCH007,bank_acct_9039****0839
ORD2027664,MERCH005,ile7hnp@okicici
ORD2047089,MERCH002,bank_acct_3302****7216
ORD2059557,MERCH003,mkdbk6n@okhdfcbank
ORD2017640,MERCH019,bank_acct_2977****7560
ORD2028738,MERCH008,gpj5umg@okaxis
ORD2053635,MERCH016,bank_acct_7181****8125
ORD2041951,MERCH013,bank_acct_3112****6718
ORD2001745,MERCH003,cbugkvx@okicici
ORD2006496,MERCH018,5hqn6pr@okhdfcbank
ORD2013685,MERCH007,bank_acct_5232****5668
ORD2035499,MERCH016,bank_acct_0015****4062
ORD2049897,MERCH018,bank_acct_0077****3370
ORD2044288,MERCH015,bank_acct_8238****1742
ORD2003610,MERCH001,7z3y9ju@okicici
ORD2039049,MERCH002,bank_acct_0514****5023
ORD2057942,MERCH011,bank_acct_8681****8734
ORD2015021,MERCH002,bank_acct_2522****4540
ORD2054852,MERCH011,bank_acct_1886****8738
ORD2032262,MERCH002,hb8r4qo@okaxis
ORD2024646,MERCH013,wtli9re@okicici
ORD2021833,MERCH004,oiwfvdi@oksbi
ORD2004910,MERCH007,bank_acct_9945****8073
ORD2058574,MERCH017,d6ymhcg@okaxis
ORD2015112,MERCH015,bank_acct_3889****9021
ORD2059667,MERCH018,bank_acct_7563****9668
ORD2013149,MERCH005,bm0kru3@okaxis
ORD2010151,MERCH019,sclk8uu@okhdfcbank
ORD2026040,MERCH008,2zxebm6@okaxis
ORD2001418,MERCH003,duezx0b@okaxis
ORD2032291,MERCH002,bank_acct_2777****4457
ORD2018858,MERCH005,3lusukx@okhdfcbank
ORD2028664,MERCH016,bank_acct_7232****5632
ORD2031861,MERCH001,bank_acct_0843****3882
ORD2025430,MERCH016,bank_acct_8772****6099
ORD2029678,MERCH020,bank_acct_6390****3175
ORD2003376,MERCH002,bank_acct_0923****7855
ORD2031851,MERCH008,t8ylnbo@okhdfcbank
ORD2058689,MERCH005,bank_acct_8270****6425
ORD2008408,MERCH001,bank_acct_5632****1221
ORD2009488,MERCH006,bank_acct_0617****9314
ORD2056485,MERCH002,oi4lqjk@ybl
ORD2001173,MERCH010,gcbrjd4@ybl
ORD2034296,MERCH004,oywbyfn@okaxis
ORD2051622,MERCH015,bank_acct_9331****4842
ORD2044313,MERCH020,hqzj7d1@okaxis
ORD2028665,MERCH006,i1ibdoz@oksbi
ORD2024119,MERCH019,cqius3d@okaxis
ORD2005706,MERCH003,enr7p9n@okicici
ORD2059058,MERCH004,chpakbb@okhdfcbank
ORD2007977,MERCH004,bank_acct_5914****4590
ORD2036867,MERCH016,twhcwza@okhdfcbank
ORD2023381,MERCH020,yacx5b9@oksbi
ORD2005249,MERCH020,bwjhg6t@oksbi
ORD2039349,MERCH008,bank_acct_6892****8360
ORD2033041,MERCH003,bank_acct_2542****8531
ORD2051640,MERCH007,bank_acct_6512****5912
ORD2032703,MERCH014,bank_acct_2410****9057
ORD2029880,MERCH011,bank_acct_9641****9467
ORD2010869,MERCH013,9dve1cj@ybl
ORD2059697,MERCH011,bank_acct_4991****4345
ORD2052388,MERCH005,3t03csc@okhdfcbank
ORD2017233,MERCH018,bank_acct_0558****1523
ORD2035008,MERCH011,bank_acct_5075****5384
ORD2014678,MERCH007,bank_acct_1187****4751
ORD2007010,MERCH002,bank_acct_1022****7040
ORD2022352,MERCH019,bank_acct_5693****6794
ORD2034993,MERCH006,bank_acct_1341****5038
ORD2049308,MERCH011,bank_acct_9217****4790
ORD2044218,MERCH003,awuf7wr@oksbi
ORD2013517,MERCH004,bank_acct_3413****6479
ORD2003426,MERCH009,bank_acct_5288****0674
ORD2044379,MERCH013,bank_acct_7453****6752
ORD2058977,MERCH006,vos0ker@ybl
ORD2008959,MERCH012,fhru9pk@ybl
ORD2043560,MERCH018,xo5m0dq@oksbi
ORD2055282,MERCH006,bank_acct_9214****5617
ORD2055275,MERCH015,bank_acct_9551****9651
ORD2053246,MERCH008,bank_acct_4631****7740
ORD2002485,MERCH019,0yl7wx9@okaxis
ORD2002974,MERCH002,bank_acct_9848****3827
ORD2028720,MERCH005,bank_acct_5776****5077
ORD2042913,MERCH004,zgulti5@oksbi
ORD2057027,MERCH020,0xqelqd@ybl
ORD2058616,MERCH013,raxo4cu@okicici
ORD2052075,MERCH015,2urdfpr@oksbi
ORD2043377,MERCH001,bank_acct_5412****2309
ORD2041099,MERCH016,bank_acct_5452****8883
ORD2008019,MERCH003,bank_acct_9405****3602
ORD2015742,MERCH001,bank_acct_1534****9731
ORD2053810,MERCH001,fr4lqdd@okhdfcbank
ORD2015973,MERCH006,xuqw7bv@okaxis
ORD2043734,MERCH003,dgkwrko@okhdfcbank
ORD2005335,MERCH019,hoodl1p@ybl
ORD2059511,MERCH010,bank_acct_1103****8243
ORD2047437,MERCH014,bank_acct_0463****1855
ORD2055592,MERCH016,glfmsxg@okaxis
ORD2005066,MERCH005,bank_acct_6644****3478
ORD2016186,MERCH007,ibprcsy@okaxis
ORD2041610,MERCH005,jbtn4hr@oksbi
ORD2013454,MERCH009,csvm2du@okaxis
ORD2039599,MERCH017,bank_acct_3134****8873
ORD2043579,MERCH015,bank_acct_7053****4979
ORD2036548,MERCH014,bank_acct_8182****3290
ORD2030229,MERCH008,bank_acct_5872****6395
ORD2000520,MERCH006,bank_acct_8880****5364
ORD2009354,MERCH020,sur5zeo@okaxis
ORD2011638,MERCH002,6jsy2ne@okicici
ORD2041622,MERCH020,bank_acct_0666****6017
ORD2020213,MERCH006,uabelr4@okicici
ORD2039167,MERCH016,pv1mxoc@ybl
ORD2047256,MERCH020,bank_acct_2274****7239
ORD2035786,MERCH003,m8jdyui@ybl
ORD2023894,MERCH010,bank_acct_2494****8511
ORD2054768,MERCH012,j1sqgpz@ybl
ORD2058937,MERCH014,bank_acct_3008****9409
ORD2037080,MERCH001,bank_acct_3791****6520
ORD2021792,MERCH018,ojxf0lq@okaxis
ORD2011624,MERCH008,bank_acct_4140****4660
ORD2031715,MERCH007,kd4mevf@oksbi
ORD2020097,MERCH004,3oujg7k@oksbi
ORD2039302,MERCH017,bank_acct_2924****9684
ORD2039281,MERCH004,bank_acct_2166****2361
ORD2059288,MERCH020,bank_acct_9038****7277
ORD2052826,MERCH012,bank_acct_5042****9606
ORD2046303,MERCH018,bank_acct_7620****5544
ORD2053676,MERCH017,bank_acct_7306****2074
ORD2013025,MERCH008,uaywajc@okaxis
ORD2045682,MERCH015,bank_acct_4250****4875
ORD2042010,MERCH007,bank_acct_7154****9684
ORD2039089,MERCH009,bank_acct_1594****5622
ORD2055871,MERCH002,bank_acct_8711****4112
ORD2049952,MERCH007,bz7o3q0@okicici
ORD2028767,MERCH004,kqubjem@ybl
ORD2019429,MERCH005,qzobua7@ybl
ORD2027838,MERCH016,9if9g9q@okicici
ORD2008233,MERCH016,tegzt3z@okhdfcbank
ORD2030254,MERCH006,bank_acct_7449****1688
ORD2010998,MERCH006,zeoy25g@ybl
ORD2029004,MERCH002,bank_acct_5606****1633
ORD2035337,MERCH006,bank_acct_6432****1606
ORD2030097,MERCH016,qtpcoir@oksbi
ORD2044072,MERCH014,bank_acct_5507****7705
ORD2026514,MERCH009,bank_acct_0846****1804
ORD2057561,MERCH011,bank_acct_6399****1323
ORD2033060,MERCH020,bank_acct_0014****9862
ORD2027829,MERCH015,bank_acct_2105****7786
ORD2049744,MERCH002,s07hwje@oksbi
ORD2014968,MERCH004,bank_acct_3034****4330
ORD2010910,MERCH002,sdmemmq@oksbi
ORD2003875,MERCH018,bank_acct_7650****1781
ORD2023644,MERCH011,ftdx31l@okicici
ORD2051421,MERCH001,hi1pjjg@okaxis
ORD2038625,MERCH016,bank_acct_3787****2893
ORD2042339,MERCH017,bank_acct_7689****4042
ORD2015107,MERCH004,wl35ief@oksbi
ORD2008273,MERCH003,bank_acct_1187****2495
ORD2002838,MERCH008,bank_acct_7306****9448
ORD2058156,MERCH015,bank_acct_9428****7634
ORD2000041,MERCH019,wmxrnoi@okicici
ORD2050807,MERCH019,bank_acct_9715****1734
ORD2025939,MERCH011,bank_acct_8840****4469
ORD2007708,MERCH014,oty83ld@okicici
ORD2017482,MERCH007,bank_acct_3677****7818
ORD2028492,MERCH011,bank_acct_9471****0542
ORD2057137,MERCH008,e4znav8@oksbi
ORD2022466,MERCH004,z0sil0f@okaxis
ORD2021149,MERCH011,bank_acct_1907****7109
ORD2021157,MERCH008,bank_acct_8862****3822
ORD2050166,MERCH004,bank_acct_6455****2736
ORD2055435,MERCH008,bank_acct_8131****4780
ORD2036064,MERCH014,bank_acct_4079****1363
ORD2017838,MERCH007,bank_acct_0262****0085
ORD2024496,MERCH013,bank_acct_0101****4459
ORD2026883,MERCH008,h3dxaie@ybl
ORD2023005,MERCH003,bank_acct_0801****5985
ORD2006899,MERCH016,oqmfusr@okaxis
ORD2044699,MERCH019,bank_acct_3576****0088
ORD2016438,MERCH009,bank_acct_9696****3727
ORD2018704,MERCH014,xw2bak9@okicici
ORD2044526,MERCH019,bank_acct_7453****6752
ORD2022184,MERCH020,bank_acct_0413****8654
ORD2046976,MERCH015,atq5jhz@okhdfcbank
ORD2046654,MERCH006,v1bp05b@oksbi
ORD2030003,MERCH013,bank_acct_2968****9510
ORD2025862,MERCH012,bank_acct_3614****4068
ORD2019695,MERCH005,cn3zp0e@okicici
ORD2018117,MERCH015,bank_acct_4862****2748
ORD2042379,MERCH007,0xfevdm@okaxis
ORD2024521,MERCH012,7sbdbpa@okicici
ORD2025741,MERCH009,89isibv@oksbi
ORD2038934,MERCH007,bank_acct_2537****3594
ORD2056771,MERCH011,bgb7xcq@okicici
ORD2019896,MERCH005,cfijvb7@okicici
ORD2020203,MERCH002,aq1wqs8@okaxis
ORD2052250,MERCH019,g5sfdsg@ybl
ORD2031990,MERCH002,bank_acct_6139****8491
ORD2047331,MERCH009,flyklkb@okhdfcbank
ORD2034529,MERCH005,bank_acct_4909****4041
ORD2056427,MERCH004,bank_acct_5136****7283
ORD2029302,MERCH015,bank_acct_3873****5284
ORD2009712,MERCH015,bank_acct_5566****6681
ORD2040473,MERCH014,mjb3xvp@okhdfcbank
ORD2003758,MERCH005,ftdx31l@okicici
ORD2002764,MERCH008,ncjegs8@okicici
ORD2011860,MERCH010,bank_acct_5122****0904
ORD2028907,MERCH020,bank_acct_0286****6936
ORD2009428,MERCH006,maxtl4h@okaxis
ORD2051451,MERCH020,bank_acct_7241****0180
ORD2055144,MERCH006,cmf36pq@oksbi
ORD2044493,MERCH019,bank_acct_5124****4383
ORD2007197,MERCH018,bank_acct_7358****1591
ORD2000564,MERCH008,7wyy3lv@okaxis
ORD2003596,MERCH003,bank_acct_5689****6641
ORD2059451,MERCH014,bank_acct_0031****0348
ORD2010928,MERCH017,frghgys@okhdfcbank
ORD2013681,MERCH009,bank_acct_9696****3727
ORD2003038,MERCH019,bank_acct_3253****3018
ORD2052145,MERCH016,bank_acct_1377****8633
ORD2012747,MERCH015,3nleizg@okicici
ORD2004851,MERCH009,bank_acct_2600****3458
ORD2009837,MERCH001,5bvqk2o@okhdfcbank
ORD2020087,MERCH014,bank_acct_0057****4934
ORD2018361,MERCH008,bank_acct_6643****8083
ORD2038151,MERCH008,bank_acct_0682****5930
ORD2030228,MERCH011,gzzqfkv@okicici
ORD2011426,MERCH014,orst8rn@oksbi
ORD2031893,MERCH019,qyjz02f@ybl
ORD2026214,MERCH008,bank_acct_1921****5873
ORD2008404,MERCH019,bank_acct_1221****7614
ORD2033818,MERCH005,bank_acct_5589****4436
ORD2035368,MERCH019,vo216ak@ybl
ORD2023478,MERCH001,8wnupap@ybl
ORD2039607,MERCH014,ibkwimy@okaxis
ORD2019698,MERCH002,bank_acct_6649****6878
ORD2029870,MERCH002,bank_acct_4275****8448
ORD2030543,MERCH016,duihoon@okaxis
ORD2057839,MERCH017,aysaptr@okhdfcbank
ORD2006591,MERCH002,yqyroo9@okicici
ORD2011039,MERCH014,51parin@okhdfcbank
ORD2018978,MERCH017,bank_acct_2690****7375
ORD2001686,MERCH013,bank_acct_0111****8416
ORD2006259,MERCH016,bank_acct_8665****8784
ORD2050293,MERCH001,otxrntz@oksbi
ORD2014400,MERCH015,gguyety@ybl
ORD2050372,MERCH016,e4zwbxe@oksbi
ORD2059040,MERCH010,bank_acct_8224****6318
ORD2001567,MERCH018,bank_acct_5921****1779
ORD2047205,MERCH001,s9zhvay@oksbi
ORD2016096,MERCH014,bank_acct_4095****1353
ORD2013642,MERCH007,bank_acct_8137****3112
ORD2026594,MERCH005,bank_acct_6681****9402
ORD2029871,MERCH012,4jp3goe@oksbi
ORD2018453,MERCH010,ryfo69d@oksbi
ORD2055683,MERCH008,bank_acct_5246****1409
ORD2025621,MERCH003,besleic@okhdfcbank
ORD2008718,MERCH001,o8vakn8@oksbi
ORD2036745,MERCH016,iqxsrm7@okaxis
ORD2018373,MERCH010,bank_acct_3462****1912
ORD2050654,MERCH006,bank_acct_7142****3329
ORD2001881,MERCH015,bank_acct_8149****4095
ORD2035357,MERCH019,fqbkvoe@okicici
ORD2014873,MERCH019,teskuxw@okicici
ORD2002128,MERCH001,obw2e5e@okaxis
ORD2043100,MERCH015,vdx1dl8@okicici
ORD2010903,MERCH015,bank_acct_5742****0749
ORD2035134,MERCH005,jebna6i@ybl
ORD2051700,MERCH013,ke65amj@okhdfcbank
ORD2051732,MERCH006,bank_acct_3733****5164
ORD2017795,MERCH012,bank_acct_1395****5931
ORD2023794,MERCH015,bank_acct_1336****6008
ORD2010842,MERCH001,uwffbjw@oksbi
ORD2058062,MERCH003,gbg1ybv@okhdfcbank
ORD2037812,MERCH013,bank_acct_9725****5318
ORD2025057,MERCH011,i6v8k21@okicici
ORD2018880,MERCH017,bank_acct_7306****3986
ORD2023798,MERCH002,79j1qgh@oksbi
ORD2024036,MERCH010,bank_acct_9399****1678
ORD2021164,MERCH014,bank_acct_5542****8788
ORD2007049,MERCH009,eefzqop@oksbi
ORD2009352,MERCH010,bank_acct_8017****6034
ORD2010413,MERCH003,7luq75d@okaxis
ORD2001291,MERCH020,iqchmdu@okaxis
ORD2039318,MERCH011,0eqwpx1@oksbi
ORD2058631,MERCH002,ahq0jfk@okicici
ORD2058890,MERCH017,25utn4v@okhdfcbank
ORD2006457,MERCH012,bank_acct_0429****0686
ORD2002321,MERCH002,6g2iqnz@ybl
ORD2002831,MERCH004,fdj3jpt@oksbi
ORD2005318,MERCH013,bank_acct_5313****3593
ORD2007383,MERCH011,bank_acct_0256****3450
ORD2003517,MERCH020,htgrqv8@okhdfcbank
ORD2035834,MERCH002,bank_acct_5545****2568
ORD2022987,MERCH012,9l46kzx@okhdfcbank
ORD2048678,MERCH012,bfir6p2@okaxis
ORD2043972,MERCH006,o5ui3mc@ybl
ORD2051977,MERCH018,bank_acct_0828****4141
ORD2000965,MERCH003,bank_acct_5596****1198
ORD2058542,MERCH018,bank_acct_5924****2844
ORD2035702,MERCH007,bank_acct_1615****3229
ORD2056372,MERCH005,bank_acct_1721****0773
ORD2044854,MERCH011,bank_acct_3965****5114
ORD2055333,MERCH008,7htkqo2@ybl
ORD2017729,MERCH018,bank_acct_9253****6862
ORD2057363,MERCH004,bank_acct_0174****1418
ORD2026918,MERCH016,bank_acct_2209****6564
ORD2053258,MERCH019,zrrjbn1@okaxis
ORD2035003,MERCH007,bank_acct_5389****8952
ORD2055001,MERCH008,gdghnhr@okaxis
ORD2013437,MERCH011,bank_acct_2564****6803
ORD2041313,MERCH012,nozgwp7@okhdfcbank
ORD2029183,MERCH009,ya90lef@ybl
ORD2028601,MERCH017,y8aojmw@okhdfcbank
ORD2031261,MERCH014,fxeo4v6@ybl
ORD2015182,MERCH009,bank_acct_2603****6824
ORD2009957,MERCH002,yx7fewn@ybl
ORD2003033,MERCH003,bank_acct_1681****9139
ORD2054709,MERCH011,bank_acct_0256****3450
ORD2027293,MERCH015,4qvdrqi@ybl
ORD2003199,MERCH016,bank_acct_2751****0220
ORD2038803,MERCH017,ayvdgdh@oksbi
ORD2003835,MERCH017,dxpicnf@okicici
ORD2011514,MERCH004,bank_acct_6042****9731
ORD2024517,MERCH016,mdhyrjh@okhdfcbank
ORD2006073,MERCH018,izrwjhu@ybl
ORD2050477,MERCH018,huycmuw@okhdfcbank
ORD2046432,MERCH010,rfngnzf@ybl
ORD2037722,MERCH015,bank_acct_8800****4823
ORD2006180,MERCH020,dbuyfml@okaxis
ORD2028928,MERCH012,bank_acct_2165****3758
ORD2054434,MERCH003,bank_acct_0152****1684
ORD2043810,MERCH007,amlnhsj@okicici
ORD2042634,MERCH015,bank_acct_9493****6233
ORD2055885,MERCH003,4z5u7bh@okhdfcbank
ORD2000856,MERCH003,bank_acct_0884****6771
ORD2010299,MERCH013,bank_acct_1053****2822
ORD2019272,MERCH006,rrbxkha@okaxis
ORD2039550,MERCH010,bank_acct_6557****0728
ORD2041599,MERCH003,5kbprbc@okaxis
ORD2003864,MERCH004,bank_acct_5136****5942
ORD2023659,MERCH006,bank_acct_8662****3061
ORD2045914,MERCH009,5d6vdxz@okhdfcbank
ORD2051540,MERCH004,bank_acct_0323****9953
ORD2000962,MERCH005,zsvdnse@ybl
ORD2009165,MERCH016,evdubex@okaxis
ORD2018145,MERCH005,2lepmlr@okaxis
ORD2009213,MERCH007,bank_acct_3070****6553
ORD2052770,MERCH017,bank_acct_0935****2322
ORD2002202,MERCH001,bank_acct_1296****5012
ORD2001739,MERCH010,z66vcx5@oksbi
ORD2011895,MERCH014,sp2mtqr@okaxis
ORD2046308,MERCH018,bank_acct_1651****7899
ORD2059961,MERCH005,bjw20vu@okaxis
ORD2008978,MERCH016,rkekvqu@okaxis
ORD2032353,MERCH012,bank_acct_0901****8307
ORD2056605,MERCH014,edqthqt@okhdfcbank
ORD2028860,MERCH015,9ifhzhb@okaxis
ORD2029573,MERCH001,bank_acct_8820****1431
ORD2024912,MERCH010,bank_acct_8984****2716
ORD2011001,MERCH007,bank_acct_8993****1517
ORD2040380,MERCH003,bank_acct_3740****0467
ORD2050076,MERCH017,bank_acct_5315****3249
ORD2019045,MERCH017,fan6pjh@okicici
ORD2044502,MERCH011,dckkwff@oksbi
ORD2014499,MERCH014,tw1uqpe@okaxis
ORD2036922,MERCH019,9d1wdm3@okhdfcbank
ORD2018619,MERCH011,qfsocux@okhdfcbank
ORD2021274,MERCH011,jzcj1gl@okicici
ORD2044784,MERCH016,bank_acct_1063****5497
ORD2039773,MERCH019,o36gcf3@okaxis
ORD2039016,MERCH017,bank_acct_3285****6105
ORD2015235,MERCH018,d8ikccx@okhdfcbank
ORD2004560,MERCH015,gy0dwdh@okhdfcbank
ORD2033521,MERCH015,1t39yip@okicici
ORD2032884,MERCH010,ccoq8h6@ybl
ORD2045329,MERCH019,bank_acct_7839****1211
ORD2059112,MERCH005,eln40h3@ybl
ORD2001196,MERCH010,bank_acct_6830****5802
ORD2055147,MERCH005,ftdx31l@okicici
ORD2026822,MERCH008,pdpsfih@ybl
ORD2016971,MERCH016,hn22yh6@ybl
ORD2025100,MERCH012,bank_acct_2147****4439
ORD2040821,MERCH010,bank_acct_2442****9807
ORD2035668,MERCH002,szjcrlh@ybl
ORD2051422,MERCH005,74mr8fw@oksbi
ORD2051649,MERCH012,bank_acct_0546****8821
ORD2006681,MERCH010,qac2cgl@okaxis
ORD2001462,MERCH015,svqjtxp@okhdfcbank
ORD2054574,MERCH006,8asrk15@ybl
ORD2022627,MERCH020,sl2pb2u@oksbi
ORD2016352,MERCH009,vcoedgj@okhdfcbank
ORD2002591,MERCH018,opuuy4j@okaxis
ORD2058408,MERCH010,bank_acct_2512****9450
ORD2008212,MERCH006,bank_acct_8415****3365
ORD2008906,MERCH006,w1fnbxb@ybl
ORD2038683,MERCH006,bank_acct_6008****0880
ORD2043657,MERCH006,bank_acct_8459****4850
ORD2030892,MERCH008,1xsegcl@okhdfcbank
ORD2056646,MERCH004,da2l2cc@ybl
ORD2052814,MERCH002,bank_acct_4470****3299
ORD2023434,MERCH011,a0p22jc@okicici
ORD2041156,MERCH019,w9c78xc@ybl
ORD2000400,MERCH005,wcfp59y@ybl
ORD2010624,MERCH015,mljfjqg@okhdfcbank
ORD2036357,MERCH009,tbwovwo@ybl
ORD2034888,MERCH012,bu177ma@okhdfcbank
ORD2048917,MERCH006,bdpfy8x@okhdfcbank
ORD2039524,MERCH007,bank_acct_0055****9283
ORD2037590,MERCH018,lyszwt6@okaxis
ORD2028914,MERCH002,zqgmlrx@oksbi
ORD2045736,MERCH011,bank_acct_9977****8888
ORD2019887,MERCH012,bank_acct_8268****0922
ORD2035153,MERCH005,zbtoxdm@oksbi
ORD2051495,MERCH012,886mi0v@okaxis
ORD2040465,MERCH015,pnisfpl@okicici
ORD2058095,MERCH018,bank_acct_4302****7348
ORD2027177,MERCH006,bank_acct_1719****7035
ORD2054611,MERCH018,bank_acct_3791****9422
ORD2023842,MERCH010,bank_acct_2105****4841
ORD2009786,MERCH004,2dedutr@okaxis
ORD2039390,MERCH014,vcoedgj@okhdfcbank
ORD2035510,MERCH013,bank_acct_3986****8058
ORD2054707,MERCH016,bank_acct_1595****6346
ORD2031352,MERCH005,rmdm2ts@okhdfcbank
ORD2018393,MERCH015,m4r0dkm@ybl
ORD2040110,MERCH011,bank_acct_5473****6851
ORD2036024,MERCH005,kr8ute9@okicici
ORD2030859,MERCH001,bank_acct_0026****9640
ORD2030812,MERCH018,bank_acct_0377****7497
ORD2048933,MERCH017,bank_acct_8115****4535
ORD2008060,MERCH011,bank_acct_8305****3674
ORD2045252,MERCH010,bank_acct_9140****6836
ORD2030663,MERCH016,akfnkop@ybl
ORD2008696,MERCH010,bank_acct_7521****3884
ORD2047044,MERCH019,bank_acct_3211****3645
ORD2049998,MERCH005,qqzx3dp@ybl
ORD2001404,MERCH005,otxrntz@oksbi
ORD2008156,MERCH011,bank_acct_9536****2025
ORD2058386,MERCH004,bank_acct_1104****8142
ORD2022422,MERCH016,bank_acct_2578****4844
ORD2049224,MERCH002,zec3ddp@oksbi
ORD2026820,MERCH005,m8a8udd@ybl
ORD2033893,MERCH018,vfptq9v@okaxis
ORD2024548,MERCH004,ji2doom@okaxis
ORD2006581,MERCH010,bank_acct_9423****4656
ORD2002896,MERCH001,jnwsgvz@okhdfcbank
ORD2027284,MERCH013,xkcyydg@okicici
ORD2045128,MERCH020,bank_acct_1405****3763
ORD2054020,MERCH008,bank_acct_6782****4842
ORD2017437,MERCH015,absid0r@okaxis
ORD2053524,MERCH012,bank_acct_6283****4096
ORD2037789,MERCH003,bank_acct_2994****7328
ORD2021906,MERCH011,bank_acct_0517****3251
ORD2036310,MERCH002,bank_acct_1295****5367
ORD2012532,MERCH020,bank_acct_5371****6331
ORD2010705,MERCH007,bank_acct_6944****0494
ORD2025105,MERCH019,ocrk4cg@okhdfcbank
ORD2003371,MERCH017,znxalri@okicici
ORD2047273,MERCH008,a45znb4@okicici
ORD2052372,MERCH009,bank_acct_9802****6444
ORD2009916,MERCH007,bank_acct_1160****7339
ORD2028039,MERCH001,bank_acct_3883****3211
ORD2008056,MERCH003,bank_acct_3181****6162
ORD2056090,MERCH018,bank_acct_7329****3396
ORD2042849,MERCH015,j4t0jew@oksbi
ORD2032918,MERCH003,sdfixkf@ybl
ORD2034524,MERCH017,bank_acct_7932****8728
ORD2044358,MERCH013,gwkxo3c@okhdfcbank
ORD2048715,MERCH007,vvr5xwi@oksbi
ORD2044338,MERCH016,bank_acct_8259****3061
ORD2010041,MERCH011,9lhax7a@okhdfcbank
ORD2045301,MERCH020,cb4f9t6@okhdfcbank
ORD2045586,MERCH020,acp9oow@okicici
ORD2006905,MERCH017,bank_acct_2554****2270
ORD2045201,MERCH002,6suc968@okicici
ORD2036681,MERCH012,p6whuqw@okaxis
ORD2039384,MERCH013,bank_acct_7114****5250
ORD2012872,MERCH005,bank_acct_1602****2413
ORD2005870,MERCH014,bank_acct_8017****6034
ORD2045573,MERCH012,hdfe5v3@ybl
ORD2013221,MERCH013,bank_acct_9125****1551
ORD2038160,MERCH012,rpro1yr@okaxis
ORD2028532,MERCH001,bank_acct_6016****1761
ORD2036062,MERCH010,anmu7h9@okaxis
ORD2026535,MERCH012,cqmbsib@ybl
ORD2026348,MERCH012,bank_acct_1126****0215
ORD2034726,MERCH010,dhyp2i8@okhdfcbank
ORD2059410,MERCH015,wrnxeef@okhdfcbank
ORD2005618,MERCH018,cfcdfzf@oksbi
ORD2008761,MERCH003,bt6xbju@oksbi
ORD2022757,MERCH007,nn5j0pl@oksbi
ORD2059192,MERCH015,a8hkjaa@oksbi
ORD2012734,MERCH014,xwt1rbj@okaxis
ORD2006127,MERCH015,bank_acct_4633****0599
ORD2015629,MERCH010,o8aezib@okhdfcbank
ORD2026234,MERCH006,mm6b1mw@okhdfcbank
ORD2046153,MERCH014,utak85y@okicici
ORD2003066,MERCH014,bank_acct_0983****3229
ORD2015582,MERCH005,vaiev5f@okicici
ORD2037874,MERCH019,bank_acct_5742****0173
ORD2057243,MERCH020,rgyqhc6@okaxis
ORD2051476,MERCH003,eyz5tqw@okhdfcbank
ORD2026188,MERCH005,bank_acct_6218****0623
ORD2019142,MERCH007,bank_acct_6398****9848
ORD2034191,MERCH010,bank_acct_4119****0985
ORD2047813,MERCH016,bank_acct_6793****6411
ORD2057906,MERCH017,bank_acct_8405****2607
ORD2057600,MERCH011,bank_acct_6394****9638
ORD2049865,MERCH003,bank_acct_7770****1278
ORD2003704,MERCH019,bank_acct_6748****9880
ORD2000484,MERCH013,wprf7kv@oksbi
ORD2005369,MERCH003,bank_acct_9437****4027
ORD2000443,MERCH001,yr8prdb@okicici
ORD2039549,MERCH014,bank_acct_2469****5875
ORD2054932,MERCH009,99m0nxv@okaxis
ORD2005020,MERCH014,bank_acct_9674****0387
ORD2053523,MERCH006,vhnwt3f@okicici
ORD2028419,MERCH018,t9iwz02@oksbi
ORD2027209,MERCH015,sadocbs@oksbi
ORD2003179,MERCH019,21kmwjg@oksbi
ORD2005461,MERCH005,5n3bude@oksbi
ORD2006558,MERCH007,bank_acct_4312****9973
ORD2014434,MERCH008,ftdx31l@okicici
ORD2001892,MERCH010,bank_acct_2336****5013
ORD2027016,MERCH013,bank_acct_1986****8076
ORD2048884,MERCH002,bank_acct_0654****0052
ORD2021503,MERCH010,bank_acct_8626****6834
ORD2037715,MERCH019,sqhdje0@okicici
ORD2050337,MERCH010,77ybns6@ybl
ORD2021177,MERCH007,bank_acct_9696****3727
ORD2001515,MERCH008,eicma9v@okicici
ORD2013760,MERCH001,bank_acct_2523****7237
ORD2043660,MERCH001,pbs5ryr@ybl
ORD2031658,MERCH005,k8pvg9b@okhdfcbank
ORD2030384,MERCH009,bank_acct_5539****7985
ORD2005279,MERCH010,bank_acct_7332****1637
ORD2017887,MERCH007,bank_acct_5232****5668
ORD2027230,MERCH004,wzpxn2e@oksbi
ORD2054908,MERCH010,gv6crrh@okhdfcbank
ORD2046337,MERCH014,bank_acct_9111****2171
ORD2035158,MERCH006,wjigkdk@ybl
ORD2048427,MERCH016,oepo1dw@okicici
ORD2018168,MERCH008,bank_acct_5903****3052
ORD2022169,MERCH001,9m3hyw4@oksbi
ORD2023708,MERCH004,bank_acct_8389****2777
ORD2055500,MERCH002,2urdfpr@oksbi
ORD2048243,MERCH016,bank_acct_0872****0908
ORD2018446,MERCH003,fmusfbp@okhdfcbank
ORD2055280,MERCH020,bank_acct_3191****5773
ORD2011521,MERCH012,bank_acct_0691****9818
ORD2054007,MERCH019,bank_acct_6217****6075
ORD2055228,MERCH016,vmua7cc@okaxis
ORD2052929,MERCH019,bank_acct_6270****8197
ORD2003409,MERCH014,bank_acct_7647****6258
ORD2042878,MERCH009,svnnklu@oksbi
ORD2014505,MERCH016,bank_acct_5420****1410
ORD2039880,MERCH004,viujn5b@okaxis
ORD2048030,MERCH012,bank_acct_0256****3450
ORD2034688,MERCH009,bank_acct_1972****8583
ORD2047291,MERCH006,9gpmaud@ybl
ORD2022462,MERCH019,bank_acct_9756****6594
ORD2043695,MERCH002,bank_acct_8358****2426
ORD2024595,MERCH005,bank_acct_5474****8360
ORD2051217,MERCH011,5xkhhuc@ybl
ORD2048401,MERCH015,bank_acct_8881****9307
ORD2053663,MERCH009,1ygjobg@okhdfcbank
ORD2014889,MERCH012,bank_acct_4881****1844
ORD2042008,MERCH006,fsrgzdg@okicici
ORD2039222,MERCH002,hmlmkfr@okaxis
ORD2029178,MERCH009,ybxzmez@okicici
ORD2021608,MERCH012,igccnxh@oksbi
ORD2025294,MERCH014,bank_acct_8851****8864
ORD2018614,MERCH012,bank_acct_8837****0163
ORD2028237,MERCH002,efk1i8c@okhdfcbank
ORD2029719,MERCH010,bs9kgsa@okicici
ORD2016027,MERCH010,bank_acct_8822****7018
ORD2012160,MERCH002,boqikqk@oksbi
ORD2018282,MERCH017,bank_acct_9184****6489
ORD2006020,MERCH007,bank_acct_1468****5624
ORD2006331,MERCH006,bank_acct_6925****4563
ORD2055057,MERCH004,ge2ymqt@okicici
ORD2015750,MERCH020,f4tdh8x@okicici
ORD2036609,MERCH006,9gsu7nc@okhdfcbank
ORD2050495,MERCH019,bank_acct_1986****8076
ORD2014634,MERCH011,bank_acct_8077****0028
ORD2007275,MERCH010,bank_acct_6368****1998
ORD2017470,MERCH009,5ri1uxa@ybl
ORD2026638,MERCH012,j3pzbqu@okhdfcbank
ORD2040697,MERCH004,9aso38l@okicici
ORD2017078,MERCH018,u13e9gr@okaxis
ORD2006042,MERCH019,9xvb6qq@ybl
ORD2023363,MERCH012,nkemakm@okhdfcbank
ORD2036749,MERCH005,m371qzu@ybl
ORD2059498,MERCH001,ipzs706@okhdfcbank
ORD2059730,MERCH005,2o1qykl@oksbi
ORD2000933,MERCH017,prcegta@okicici
ORD2046578,MERCH010,bank_acct_6744****9900
ORD2030819,MERCH012,bank_acct_4647****2299
ORD2041243,MERCH016,bank_acct_9778****2541
ORD2038928,MERCH014,zqbsc7h@okhdfcbank
ORD2051570,MERCH011,bank_acct_4583****7558
ORD2022102,MERCH006,bank_acct_3579****4444
ORD2035836,MERCH004,bank_acct_5887****7012
ORD2057810,MERCH007,puvcz8s@ybl
ORD2057856,MERCH005,24zhmlr@okicici
ORD2011399,MERCH017,pdt8stm@ybl
ORD2053086,MERCH008,bank_acct_4180****1560
ORD2039948,MERCH007,apgifiv@oksbi
ORD2057623,MERCH018,za89yei@ybl
ORD2011245,MERCH020,bank_acct_5586****6002
ORD2021976,MERCH017,0mvb4rd@ybl
ORD2018857,MERCH018,bank_acct_8844****1934
ORD2010012,MERCH018,lwpw4gn@okhdfcbank
ORD2056079,MERCH004,jlpp73c@ybl
ORD2032133,MERCH014,bank_acct_9910****2628
ORD2058968,MERCH015,bank_acct_0774****6393
ORD2050719,MERCH003,si867wu@ybl
ORD2000742,MERCH004,gnhgqdt@okicici
ORD2003845,MERCH005,sqv7kpd@oksbi
ORD2049149,MERCH001,ax6jptx@okhdfcbank
ORD2007359,MERCH007,bank_acct_9696****3727
ORD2053589,MERCH010,khgkyss@oksbi
ORD2036324,MERCH012,bank_acct_9796****4164
ORD2051359,MERCH005,bank_acct_9694****9053
ORD2017293,MERCH015,bank_acct_3794****9609
ORD2022635,MERCH020,bank_acct_7519****5436
ORD2031277,MERCH017,aucpsub@ybl
ORD2049240,MERCH011,bank_acct_0744****1586
ORD2036236,MERCH006,iecq3du@okicici
ORD2011565,MERCH010,bank_acct_0342****9343
ORD2056443,MERCH001,bank_acct_1765****7525
ORD2020488,MERCH004,buuxri5@okicici
ORD2050027,MERCH008,bank_acct_2084****7819
ORD2036532,MERCH005,bank_acct_9142****2226
ORD2004482,MERCH005,awm3er8@okaxis
ORD2023090,MERCH008,xyhtu6n@okicici
ORD2009671,MERCH010,bank_acct_5424****0527
ORD2006714,MERCH005,bank_acct_8109****6360
ORD2031822,MERCH007,2amdf0r@okicici
ORD2056708,MERCH005,butbhs8@okaxis
ORD2008760,MERCH003,bank_acct_9230****5273
ORD2019208,MERCH014,bank_acct_2533****7494
ORD2050079,MERCH004,y1i1du5@okicici
ORD2003822,MERCH003,bk6a8xo@ybl
ORD2052893,MERCH019,bank_acct_5315****3249
ORD2042657,MERCH014,ylahtwz@okicici
ORD2006084,MERCH002,hjef8o8@okaxis
ORD2003320,MERCH007,fgefhjq@oksbi
ORD2055925,MERCH004,bank_acct_6444****0314
ORD2055563,MERCH002,bank_acct_6479****3955
ORD2042446,MERCH001,otxrntz@oksbi
ORD2042525,MERCH016,bank_acct_0140****1106
ORD2036776,MERCH004,bank_acct_5982****3319
ORD2028901,MERCH009,bank_acct_1010****3578
ORD2034273,MERCH002,fov30gk@ybl
ORD2008678,MERCH003,exnmv8q@okicici
ORD2053180,MERCH010,neouo08@okaxis
ORD2028339,MERCH001,amvnkx9@okicici
ORD2026717,MERCH004,bank_acct_9115****8101
ORD2046070,MERCH004,q0ou3jr@okaxis
ORD2022547,MERCH020,3h8wpj6@okhdfcbank
ORD2028564,MERCH007,bank_acct_8865****6947
ORD2037456,MERCH019,sku4p5c@okhdfcbank
ORD2037479,MERCH007,cz8ax3v@okhdfcbank
ORD2046949,MERCH006,wcl0nwb@okicici
ORD2044132,MERCH012,bank_acct_9862****6693
ORD2011727,MERCH001,bank_acct_4874****8097
ORD2012731,MERCH003,bank_acct_3598****7592
ORD2033832,MERCH005,bank_acct_8353****9179
ORD2023778,MERCH009,vfvpjag@okaxis
ORD2016522,MERCH019,rfgzvqe@oksbi
ORD2046198,MERCH012,csryxg3@ybl
ORD2056493,MERCH012,bank_acct_1361****9876
ORD2008991,MERCH006,bank_acct_0274****5707
ORD2059699,MERCH017,bank_acct_7765****0835
ORD2009111,MERCH020,bank_acct_4998****2209
ORD2046688,MERCH008,7tkbohi@okaxis
ORD2034138,MERCH002,boqikqk@oksbi
ORD2032394,MERCH005,3t03csc@okhdfcbank
ORD2057820,MERCH001,rbpjwoz@oksbi
ORD2004642,MERCH017,dymmt53@ybl
ORD2037351,MERCH007,c9z9yoc@okaxis
ORD2021647,MERCH007,ovrnkye@oksbi
ORD2031804,MERCH010,bank_acct_7993****7979
ORD2020638,MERCH006,bank_acct_1878****5655
ORD2043565,MERCH018,bank_acct_0959****1037
ORD2009484,MERCH001,bank_acct_1832****5437
ORD2022668,MERCH004,bank_acct_0822****4102
ORD2048448,MERCH007,yqvasi8@okicici
ORD2041794,MERCH017,tmvgk1m@oksbi
ORD2043887,MERCH016,ia1qlqq@ybl
ORD2019130,MERCH012,fexyvh5@okhdfcbank
ORD2016654,MERCH019,bank_acct_8909****8444
ORD2004940,MERCH006,lj4jsdl@oksbi
ORD2055271,MERCH015,cxprnbw@okaxis
ORD2023692,MERCH004,bank_acct_9324****0565
ORD2047048,MERCH006,q5h2u7v@okhdfcbank
ORD2010055,MERCH012,bank_acct_6249****0773
ORD2017635,MERCH019,bvguo68@oksbi
ORD2041185,MERCH007,t2yjucl@okaxis
ORD2004486,MERCH017,smzf7se@oksbi
ORD2059530,MERCH008,bank_acct_9641****8313
ORD2038260,MERCH014,bank_acct_9364****0761
ORD2015033,MERCH004,lqr4gq1@okaxis
ORD2025390,MERCH011,bank_acct_7884****4351
ORD2016835,MERCH004,aywnion@okhdfcbank
ORD2036934,MERCH015,sh2eaqr@okicici
ORD2015002,MERCH004,nchkbhs@okicici
ORD2012657,MERCH017,bank_acct_4585****8365
ORD2024670,MERCH005,bank_acct_2298****5712
ORD2026398,MERCH016,bank_acct_4956****7197
ORD2039121,MERCH012,qabiglu@oksbi
ORD2026876,MERCH010,onmlers@oksbi
ORD2046995,MERCH018,0ut08de@oksbi
ORD2033632,MERCH002,qbn5xmo@oksbi
ORD2021768,MERCH003,bank_acct_1330****0022
ORD2008730,MERCH011,2zt5cqg@okhdfcbank
ORD2002585,MERCH016,bank_acct_3423****3007
ORD2006021,MERCH004,h97h5ak@ybl
ORD2041581,MERCH013,bank_acct_5156****0163
ORD2024508,MERCH010,bank_acct_9585****7118
ORD2018363,MERCH015,bank_acct_8395****1146
ORD2040762,MERCH020,qkcynbo@okhdfcbank
ORD2035407,MERCH010,bank_acct_8922****8417
ORD2033938,MERCH015,zfadgxb@okicici
ORD2009267,MERCH008,bank_acct_2335****0368
ORD2035269,MERCH018,jd27jth@ybl
ORD2040389,MERCH014,bank_acct_1589****3651
ORD2026736,MERCH010,bank_acct_1036****0025
ORD2052437,MERCH014,rytutre@ybl
ORD2022997,MERCH007,bank_acct_4273****3075
ORD2037393,MERCH003,bank_acct_9506****8635
ORD2008022,MERCH016,bank_acct_3954****2248
ORD2003156,MERCH012,bank_acct_7618****7485
ORD2011810,MERCH006,bank_acct_2594****0256
ORD2057404,MERCH001,harxkjf@ybl
ORD2014936,MERCH016,bank_acct_7336****1025
ORD2044779,MERCH004,bank_acct_3875****0953
ORD2003469,MERCH019,bvguo68@oksbi
ORD2013867,MERCH017,mskja5r@okhdfcbank
ORD2031292,MERCH003,dzoehud@okhdfcbank
ORD2048560,MERCH004,bank_acct_3847****0293
ORD2055165,MERCH005,e5jewna@ybl
ORD2033823,MERCH013,0eqkc5z@okicici
ORD2041276,MERCH013,bank_acct_9302****5761
ORD2035772,MERCH019,9bwgsct@ybl
ORD2020784,MERCH004,bank_acct_7186****4477
ORD2032238,MERCH002,sdmemmq@oksbi
ORD2039803,MERCH003,bank_acct_6135****3016
ORD2016727,MERCH012,bank_acct_0236****4167
ORD2009224,MERCH007,wwfglp2@okhdfcbank
ORD2040000,MERCH011,bank_acct_0922****3594
ORD2019235,MERCH007,je4dvtj@oksbi
ORD2015469,MERCH020,bank_acct_7203****6601
ORD2046522,MERCH013,5hvi1ya@okaxis
ORD2019907,MERCH004,car3rqp@okicici
ORD2024254,MERCH008,uipaeyf@okicici
ORD2035972,MERCH014,ddyhajq@okhdfcbank
ORD2028872,MERCH016,4shezvm@okicici
ORD2056345,MERCH009,bank_acct_5978****2958
ORD2016296,MERCH019,fntevw4@okaxis
ORD2035563,MERCH019,hgm8m8w@ybl
ORD2008807,MERCH009,bank_acct_5704****9433
ORD2039629,MERCH013,bank_acct_7519****3015
ORD2048987,MERCH012,j5l5lap@ybl
ORD2019386,MERCH016,cozaweq@oksbi
ORD2013096,MERCH020,zou6jg7@okaxis
ORD2057200,MERCH013,gk4d0xh@oksbi
ORD2050441,MERCH016,g5gea6b@okaxis
ORD2015703,MERCH017,bank_acct_9053****0520
ORD2035822,MERCH009,oyoysxs@okhdfcbank
ORD2023919,MERCH013,bank_acct_7453****6752
ORD2024403,MERCH004,3nsozi0@ybl
ORD2058798,MERCH004,bank_acct_3936****6985
ORD2028474,MERCH009,bank_acct_3447****9354
ORD2017140,MERCH016,bank_acct_6514****3311
ORD2007402,MERCH016,bank_acct_9355****4818
ORD2046477,MERCH008,fyknxkw@ybl
ORD2028418,MERCH005,5w2lqnp@okicici
ORD2023276,MERCH001,bank_acct_4880****9785
ORD2055807,MERCH004,bank_acct_7361****5581
ORD2003456,MERCH002,eeuf9uc@ybl
ORD2004873,MERCH003,navwrdl@okicici
ORD2048345,MERCH016,voed9yz@okicici
ORD2029036,MERCH001,bank_acct_7497****9755
ORD2039933,MERCH006,bank_acct_7585****7761
ORD2037875,MERCH013,bank_acct_8363****2363
ORD2027892,MERCH020,lixkxxk@oksbi
ORD2003032,MERCH011,qch8dbb@oksbi
ORD2030590,MERCH005,oywz1di@ybl
ORD2020893,MERCH010,gswssl8@okaxis
ORD2030661,MERCH020,bank_acct_8418****8021
ORD2027123,MERCH020,bank_acct_0280****6686
ORD2014627,MERCH003,3t03csc@okhdfcbank
ORD2005131,MERCH013,bank_acct_5227****1685
ORD2020690,MERCH016,xj7psvd@okhdfcbank
ORD2025081,MERCH015,qy6uvgr@okaxis
ORD2054004,MERCH007,8huzanz@okicici
ORD2054821,MERCH010,bank_acct_4780****1081
ORD2047069,MERCH011,bank_acct_5227****1685
ORD2011559,MERCH016,jn7wlpb@oksbi
ORD2042584,MERCH017,znlbex5@oksbi
ORD2016548,MERCH009,bank_acct_6559****0344
ORD2025130,MERCH018,qclz17f@oksbi
ORD2050327,MERCH011,pbi2qkn@okicici
ORD2049809,MERCH018,g9b5rjk@oksbi
ORD2038444,MERCH018,bank_acct_9598****4916
ORD2021549,MERCH001,bank_acct_3020****1715
ORD2043504,MERCH002,bank_acct_3201****6006
ORD2017780,MERCH018,iqrozy9@okicici
ORD2030455,MERCH013,8hgdkxb@ybl
ORD2051521,MERCH015,y170qvs@oksbi
ORD2045242,MERCH011,b7k9and@okhdfcbank
ORD2007360,MERCH013,sjbs1vu@okicici
ORD2058556,MERCH015,orrd4fq@oksbi
ORD2042272,MERCH019,bank_acct_6254****4968
ORD2057573,MERCH002,aykrglr@ybl
ORD2015153,MERCH006,ctclq3u@okicici
ORD2059471,MERCH018,37hhmps@okhdfcbank
ORD2048373,MERCH010,bank_acct_2850****4326
ORD2003252,MERCH009,1ygjobg@okhdfcbank
ORD2008754,MERCH007,bank_acct_9696****3727
ORD2006358,MERCH005,lkfpzjw@okhdfcbank
ORD2054712,MERCH010,bank_acct_0802****6254
ORD2058439,MERCH013,0p5uwdn@okhdfcbank
ORD2023379,MERCH016,bank_acct_9678****8211
ORD2019146,MERCH004,bank_acct_8030****2224
ORD2028031,MERCH019,bank_acct_1352****5898
ORD2040665,MERCH016,bank_acct_0772****7889
ORD2054493,MERCH018,w6yrdqa@okicici
ORD2034028,MERCH018,gipc6be@okaxis
ORD2006163,MERCH019,dtdszwe@okaxis
ORD2037099,MERCH016,gekubkh@okicici
ORD2049282,MERCH016,fylnn1b@okhdfcbank
ORD2013908,MERCH018,8zuvcut@okicici
ORD2015648,MERCH006,bank_acct_7158****8030
ORD2001995,MERCH017,yfn8wbm@oksbi
ORD2019816,MERCH002,ouh9hkd@okaxis
ORD2057590,MERCH013,bank_acct_9488****6694
ORD2013219,MERCH009,hifkgxv@oksbi
ORD2045491,MERCH016,1ogzl8a@oksbi
ORD2011201,MERCH020,bank_acct_0558****1523
ORD2024582,MERCH020,bank_acct_4599****7255
ORD2005422,MERCH012,bank_acct_5812****2452
ORD2016530,MERCH010,fswsdof@okicici
ORD2045858,MERCH011,lqiqshi@okaxis
ORD2014132,MERCH002,bank_acct_9831****7363
ORD2027979,MERCH001,4cxcspl@okicici
ORD2032389,MERCH018,bank_acct_0558****1523
ORD2041658,MERCH005,l4df5ax@okaxis
ORD2056378,MERCH012,bank_acct_2966****5541
ORD2000858,MERCH012,bank_acct_8353****8625
ORD2030791,MERCH001,otxrntz@oksbi
ORD2054457,MERCH011,swko0n5@ybl
ORD2049752,MERCH013,bank_acct_4267****6056
ORD2052109,MERCH004,d7o3xty@okhdfcbank
ORD2003752,MERCH014,bank_acct_3206****7865
ORD2047539,MERCH012,bank_acct_2633****1924
ORD2007674,MERCH012,bank_acct_2223****3767
ORD2058816,MERCH014,fuu34nq@ybl
ORD2048203,MERCH012,3bsgwyn@okhdfcbank
ORD2024792,MERCH002,mswyfuz@oksbi
ORD2022392,MERCH008,6njbdvx@ybl
ORD2027965,MERCH008,lnhlvxq@ybl
ORD2020828,MERCH008,bank_acct_9415****2177
ORD2038539,MERCH010,bank_acct_2726****5738
ORD2008841,MERCH019,bank_acct_6452****1971
ORD2011554,MERCH003,bank_acct_4050****9342
ORD2029237,MERCH003,bank_acct_9558****1311
ORD2053920,MERCH009,bank_acct_5013****5422
ORD2019624,MERCH004,zlddjpq@ybl
ORD2039900,MERCH011,fuqszfh@ybl
ORD2028327,MERCH006,aypxsnh@okicici
ORD2029139,MERCH001,zmzxap2@oksbi
ORD2045501,MERCH018,bank_acct_4949****3735
ORD2015274,MERCH011,ehuagbb@okhdfcbank
ORD2012218,MERCH002,vceymom@okicici
ORD2038375,MERCH015,bank_acct_5518****8823
ORD2039512,MERCH014,bank_acct_9698****6667
ORD2007499,MERCH019,bank_acct_2534****7340
ORD2044388,MERCH017,bip1rb3@okicici
ORD2021703,MERCH014,m5omsgg@ybl
ORD2032561,MERCH009,asyswh3@okicici
ORD2039182,MERCH001,bank_acct_1688****9003
ORD2035741,MERCH016,bank_acct_1125****3077
ORD2019815,MERCH019,bank_acct_0598****3719
ORD2021693,MERCH001,aticxu4@okicici
ORD2001416,MERCH011,5blc1xy@okaxis
ORD2019362,MERCH013,bank_acct_0849****6619
ORD2004659,MERCH019,53xfakp@okaxis
ORD2051226,MERCH013,bank_acct_1741****6038
ORD2043163,MERCH011,bank_acct_2170****0341
ORD2052714,MERCH019,bank_acct_4548****9253
ORD2018863,MERCH004,bank_acct_8573****9347
ORD2047266,MERCH016,bank_acct_9103****2165
ORD2033872,MERCH004,bank_acct_7410****9458
ORD2022019,MERCH007,bank_acct_5284****5117
ORD2054208,MERCH011,bank_acct_6070****5449
ORD2048498,MERCH016,wcnwbid@oksbi
ORD2004240,MERCH017,ohrtmx7@okhdfcbank
ORD2042979,MERCH011,bank_acct_6715****6502
ORD2034918,MERCH006,ld1exlq@ybl
ORD2011255,MERCH020,agggsyr@oksbi
ORD2014076,MERCH010,oyn4qy3@ybl
ORD2038309,MERCH012,bank_acct_0024****0765
ORD2033010,MERCH014,bank_acct_6465****4296
ORD2057599,MERCH007,bank_acct_1638****9147
ORD2005633,MERCH016,vpyrsdk@ybl
ORD2019257,MERCH003,qowd42n@oksbi
ORD2041129,MERCH018,bank_acct_8884****4264
ORD2026353,MERCH007,fvoygya@ybl
ORD2028194,MERCH010,4dtwk4v@okaxis
ORD2026206,MERCH009,bank_acct_1974****7806
ORD2011012,MERCH002,bank_acct_3557****5422
ORD2045693,MERCH010,ij5rfpg@okhdfcbank
ORD2019131,MERCH019,bank_acct_3296****5649
ORD2032289,MERCH013,bank_acct_8020****4528
ORD2036032,MERCH008,ixrdpx5@okaxis
ORD2015819,MERCH020,bank_acct_6363****2662
ORD2030329,MERCH003,v5lb9wz@okaxis
ORD2017178,MERCH019,bank_acct_8842****6563
ORD2023590,MERCH004,bank_acct_6442****2349
ORD2042705,MERCH019,z2urs83@okaxis
ORD2035339,MERCH011,bank_acct_3837****7522
ORD2006950,MERCH009,bank_acct_8065****0930
ORD2025758,MERCH003,bank_acct_3944****9856
ORD2034522,MERCH019,bank_acct_1393****4871
ORD2049660,MERCH017,bank_acct_3964****4315
ORD2041705,MERCH016,eq3o1bn@okhdfcbank
ORD2039742,MERCH014,bank_acct_9854****0186
ORD2056962,MERCH007,bank_acct_3456****1386
ORD2059966,MERCH012,bank_acct_0256****3450
ORD2005736,MERCH010,bank_acct_5846****8254
ORD2031010,MERCH017,vlzbbo0@okhdfcbank
ORD2034457,MERCH010,bank_acct_8539****1676
ORD2013276,MERCH014,bank_acct_8346****3064
ORD2020585,MERCH018,bank_acct_3571****7446
ORD2043791,MERCH016,bank_acct_0818****3793
ORD2001407,MERCH014,bank_acct_9727****8060
ORD2055263,MERCH013,1of8cv0@ybl
ORD2000522,MERCH009,vls9gk5@ybl
ORD2009746,MERCH020,bank_acct_7317****1229
ORD2059596,MERCH017,bank_acct_9959****1306
ORD2002492,MERCH015,vody2dw@okhdfcbank
ORD2049975,MERCH018,bank_acct_6827****7894
ORD2030212,MERCH006,bank_acct_8944****7258
ORD2007834,MERCH001,bank_acct_5570****1583
ORD2012832,MERCH017,mzznrhp@okicici
ORD2015697,MERCH006,bank_acct_4230****2759
ORD2024827,MERCH019,bank_acct_7956****0412
ORD2009696,MERCH016,a9uaqok@oksbi
ORD2033466,MERCH007,33zpwso@oksbi
ORD2040081,MERCH015,bank_acct_9813****7833
ORD2046395,MERCH009,ijtwrna@oksbi
ORD2018921,MERCH018,bank_acct_5394****2739
ORD2037658,MERCH020,bank_acct_5611****1518
ORD2007457,MERCH014,bank_acct_9286****2752
ORD2022492,MERCH019,a0vad8v@ybl
ORD2044847,MERCH002,lpjspu3@okaxis
ORD2013227,MERCH017,jbjvh9y@okhdfcbank
ORD2042481,MERCH007,bank_acct_7894****1206
ORD2051510,MERCH011,bank_acct_0256****3450
ORD2017248,MERCH005,f6vpxwj@okhdfcbank
ORD2054451,MERCH008,k4xfnvv@okaxis
ORD2002433,MERCH005,cwi5wam@ybl
ORD2026095,MERCH010,jsyxgtu@okaxis
ORD2052238,MERCH014,zqggiuk@okaxis
ORD2024513,MERCH014,bank_acct_2839****3916
ORD2041848,MERCH011,ncuf4ht@ybl
ORD2029617,MERCH003,bank_acct_4975****3238
ORD2056795,MERCH007,ithi3p6@oksbi
ORD2041795,MERCH014,e0zxj1k@ybl
ORD2051430,MERCH009,bank_acct_9174****5602
ORD2055863,MERCH010,tylet5r@oksbi
ORD2059909,MERCH006,bank_acct_8485****5669
ORD2028987,MERCH009,locbxje@okhdfcbank
ORD2044009,MERCH020,bank_acct_4593****4512
ORD2022988,MERCH008,bank_acct_9902****3709
ORD2000046,MERCH013,bank_acct_0624****2795
ORD2036855,MERCH008,bank_acct_7307****1022
ORD2000801,MERCH004,rywdgip@okaxis
ORD2044736,MERCH005,l2lalmc@okicici
ORD2051280,MERCH007,dkza8kq@ybl
ORD2052561,MERCH001,bank_acct_6678****2003
ORD2005161,MERCH008,tevqmvu@okhdfcbank
ORD2004052,MERCH010,xzeggr8@okaxis
ORD2029162,MERCH015,kszj6gd@oksbi
ORD2025982,MERCH016,vboajib@ybl
ORD2012376,MERCH018,bank_acct_9095****1700
ORD2043008,MERCH014,bank_acct_0316****8129
ORD2014721,MERCH014,y6ltpfv@okaxis
ORD2038862,MERCH002,rohuq9m@okicici
ORD2015599,MERCH007,18uelqn@okhdfcbank
ORD2007192,MERCH006,bank_acct_0387****0932
ORD2018006,MERCH009,bank_acct_6137****0482
ORD2024852,MERCH005,iy7col5@ybl
ORD2042419,MERCH019,bank_acct_5315****3249
ORD2023121,MERCH009,inpi6xm@okicici
ORD2021006,MERCH018,yejdb8i@okhdfcbank
ORD2011298,MERCH006,w3vddhj@okicici
ORD2041790,MERCH002,n1ngiqk@ybl
ORD2009177,MERCH016,bank_acct_9478****1222
ORD2049173,MERCH001,otxrntz@oksbi
ORD2008422,MERCH002,nyhfxwt@okhdfcbank
ORD2031598,MERCH003,kh9eadi@oksbi
ORD2051744,MERCH011,bank_acct_4320****9186
ORD2024351,MERCH020,bank_acct_2884****1516
ORD2027155,MERCH010,i54wo72@oksbi
ORD2015584,MERCH003,bdfshrc@okhdfcbank
ORD2054487,MERCH014,bank_acct_8173****0433
ORD2056847,MERCH012,bank_acct_1926****7778
ORD2010314,MERCH003,bank_acct_4832****6943
ORD2015349,MERCH013,bank_acct_1884****0766
ORD2041047,MERCH005,bank_acct_2416****7245
ORD2005403,MERCH008,bank_acct_7078****3441
ORD2038367,MERCH004,tt6t87b@okicici
ORD2021318,MERCH019,bank_acct_5271****9118
ORD2033672,MERCH017,bank_acct_1600****5525
ORD2011756,MERCH004,wodipvn@okaxis
ORD2010873,MERCH017,pyiqh70@oksbi
ORD2044885,MERCH019,bank_acct_8647****1102
ORD2020064,MERCH017,bank_acct_1749****0647
ORD2026114,MERCH009,g8aq12m@okicici
ORD2030214,MERCH016,bank_acct_3836****5223
ORD2031211,MERCH003,bank_acct_2404****8006
ORD2002788,MERCH008,bank_acct_5675****7565
ORD2014809,MERCH020,bank_acct_4613****0595
ORD2059219,MERCH004,wz3yxg9@okhdfcbank
ORD2047572,MERCH011,wof553t@oksbi
ORD2043939,MERCH011,bank_acct_3478****7257
ORD2023153,MERCH019,bank_acct_8774****4427
ORD2036931,MERCH013,bank_acct_7669****2209
ORD2039295,MERCH008,bank_acct_7171****5897
ORD2050416,MERCH014,bank_acct_9321****7014
ORD2044182,MERCH007,ghuukty@okhdfcbank
ORD2029531,MERCH005,bank_acct_3853****1486
ORD2005499,MERCH004,qncexwe@okicici
ORD2051061,MERCH006,j6tpg1v@okaxis
ORD2038873,MERCH007,bank_acct_5458****5592
ORD2003024,MERCH009,2s539az@oksbi
ORD2057876,MERCH015,bank_acct_1784****6157
ORD2048897,MERCH014,fymq05d@ybl
ORD2002826,MERCH009,rscghyi@ybl
ORD2002088,MERCH019,bank_acct_4534****4769
ORD2032819,MERCH002,uojyyun@okaxis
ORD2007833,MERCH016,1coymlt@ybl
ORD2048444,MERCH018,z8f7vwf@okicici
ORD2042679,MERCH012,ovaggqi@okicici
ORD2024038,MERCH004,bank_acct_2024****9187
ORD2015442,MERCH011,bank_acct_1408****8454
ORD2014448,MERCH018,dthdcz6@okaxis
ORD2016702,MERCH014,7vyxsha@ybl
ORD2018681,MERCH016,bank_acct_3129****4050
ORD2040258,MERCH008,bank_acct_2025****7670
ORD2014027,MERCH009,bank_acct_6274****1798
ORD2055248,MERCH005,bank_acct_5073****4598
ORD2025568,MERCH012,2oiqrtm@oksbi
ORD2053604,MERCH016,bank_acct_5130****0059
ORD2008767,MERCH012,qluiosl@okicici
ORD2048254,MERCH010,bank_acct_7058****8338
ORD2030958,MERCH001,z3lujqg@ybl
ORD2019772,MERCH020,mhowz6t@okhdfcbank
ORD2026966,MERCH002,gbzcy1n@okaxis
ORD2054947,MERCH002,vnocfkx@ybl
ORD2019559,MERCH008,bank_acct_5264****3372
ORD2015833,MERCH009,bank_acct_9546****6432
ORD2025683,MERCH018,wkdvxbi@oksbi
ORD2027441,MERCH013,bank_acct_0934****2711
ORD2036119,MERCH010,bank_acct_9779****1868
ORD2031639,MERCH012,it5nuah@okhdfcbank
ORD2026722,MERCH004,emgag22@oksbi
ORD2028094,MERCH018,aeafzg7@oksbi
ORD2059747,MERCH008,bank_acct_0282****3622
ORD2031121,MERCH015,upuwlth@okhdfcbank
ORD2031201,MERCH013,bank_acct_7874****2384
ORD2040920,MERCH001,bank_acct_5153****7344
ORD2046180,MERCH013,f2hbz1i@ybl
ORD2036722,MERCH009,mpb34vo@okicici
ORD2024077,MERCH010,bank_acct_5290****9939
ORD2022044,MERCH003,bank_acct_0936****3601
ORD2007482,MERCH008,bank_acct_6159****6638
ORD2026053,MERCH010,lnqap1m@okhdfcbank
ORD2059636,MERCH007,bank_acct_2063****0597
ORD2012139,MERCH006,bank_acct_3990****3172
ORD2045293,MERCH015,bank_acct_3156****1952
ORD2052904,MERCH011,zgvhgch@okicici
ORD2051115,MERCH014,qirc0he@okaxis
ORD2057324,MERCH002,ymnlro7@okhdfcbank
ORD2042743,MERCH009,bank_acct_0197****5480
ORD2048824,MERCH003,tihn8jf@oksbi
ORD2042369,MERCH016,ddhz4nt@oksbi
ORD2024616,MERCH016,bank_acct_6774****5396
ORD2016128,MERCH014,bank_acct_2340****1433
ORD2058538,MERCH011,bank_acct_9750****7569
ORD2002026,MERCH014,x93gfrq@okhdfcbank
ORD2008127,MERCH004,cn0fmxz@oksbi
ORD2047308,MERCH006,bank_acct_6110****9598
ORD2025465,MERCH009,bank_acct_4098****8861
ORD2059680,MERCH017,izoetqc@okaxis
ORD2059629,MERCH003,bank_acct_9844****8974
ORD2047661,MERCH012,gxk19un@oksbi
ORD2059073,MERCH014,bank_acct_3674****0387
ORD2049239,MERCH020,y1y0c6u@okhdfcbank
ORD2006738,MERCH018,bank_acct_2054****6386
ORD2054485,MERCH011,bank_acct_0133****0789
ORD2035796,MERCH015,xoq4l5v@okaxis
ORD2038509,MERCH001,gan4oet@okicici
ORD2007857,MERCH002,7cluuc4@okhdfcbank
ORD2017009,MERCH006,bank_acct_1920****0551
ORD2042207,MERCH015,aru0ghb@okicici
ORD2040406,MERCH005,me1i5wz@okaxis
ORD2024231,MERCH001,7fsaehq@okhdfcbank
ORD2008571,MERCH013,zzn3gqp@ybl
ORD2033130,MERCH007,x0ndvfl@oksbi
ORD2048770,MERCH010,bank_acct_8200****4174
ORD2058048,MERCH011,araxpez@okaxis
ORD2023234,MERCH019,zv9suvs@okhdfcbank
ORD2013820,MERCH003,bank_acct_1618****4944
ORD2039898,MERCH004,otkr1rl@ybl
ORD2012646,MERCH006,bank_acct_6022****7329
ORD2018200,MERCH008,ausn8kt@okaxis
ORD2047637,MERCH002,boqikqk@oksbi
ORD2030124,MERCH020,bank_acct_6209****2769
ORD2041050,MERCH014,zuqqbgz@oksbi
ORD2038747,MERCH011,bank_acct_3243****4765
ORD2049426,MERCH015,bank_acct_3746****0792
ORD2047065,MERCH016,bank_acct_1124****9982
ORD2024974,MERCH005,bank_acct_3329****1001
ORD2013163,MERCH009,qjlway8@okhdfcbank
ORD2009331,MERCH006,x7wpstt@oksbi
ORD2023496,MERCH019,bank_acct_8004****2297
ORD2008681,MERCH011,tne99l0@okaxis
ORD2018048,MERCH010,r4dzrfn@okaxis
ORD2022815,MERCH007,u83burt@oksbi
ORD2055492,MERCH003,bank_acct_6589****1985
ORD2015046,MERCH014,bank_acct_3156****6011
ORD2007719,MERCH012,3kic4qt@okhdfcbank
ORD2009146,MERCH008,ftdx31l@okicici
ORD2044560,MERCH013,zgd9tau@oksbi
ORD2052007,MERCH019,bank_acct_6561****7896
ORD2021272,MERCH008,kcsjppm@oksbi
ORD2023897,MERCH001,bank_acct_7428****9361
ORD2045772,MERCH017,bank_acct_5315****3249
ORD2035217,MERCH003,lnqpgmc@oksbi
ORD2051559,MERCH015,z6ekdso@okhdfcbank
ORD2029271,MERCH007,7gcukc2@okhdfcbank
ORD2044404,MERCH009,knmedsm@okaxis
ORD2058881,MERCH006,vt8w0qw@okhdfcbank
ORD2019956,MERCH002,6yd7y91@oksbi
ORD2049948,MERCH013,bank_acct_7357****7147
ORD2009140,MERCH020,fwo9ali@ybl
ORD2019964,MERCH014,bank_acct_3595****7931
ORD2031415,MERCH020,bddlgnm@ybl
ORD2026014,MERCH009,jdxsdcz@okhdfcbank
ORD2036570,MERCH005,bank_acct_3571****0686
ORD2047112,MERCH003,2xpd3ar@okaxis
ORD2024306,MERCH012,acqvhjq@ybl
ORD2015051,MERCH006,bank_acct_9955****5147
ORD2042135,MERCH019,bank_acct_9293****0354
ORD2047604,MERCH004,thzbpqt@ybl
ORD2024130,MERCH019,bank_acct_5315****3249
ORD2053304,MERCH015,bank_acct_0340****7975
ORD2002878,MERCH016,bank_acct_6008****0880
ORD2034122,MERCH004,bank_acct_9239****4913
ORD2024180,MERCH008,bank_acct_4379****7326
ORD2058551,MERCH010,bank_acct_8017****6034
ORD2054640,MERCH007,idahgln@okaxis
ORD2001075,MERCH009,0cdlznq@oksbi
ORD2042211,MERCH010,qczfdfl@okicici
ORD2031971,MERCH016,bank_acct_8331****3027
ORD2051853,MERCH013,bank_acct_6327****4598
ORD2011104,MERCH005,k6ddnpy@ybl
ORD2009005,MERCH014,t4sdisv@oksbi
ORD2030477,MERCH007,bank_acct_1844****0860
ORD2039312,MERCH020,zd946gt@ybl
ORD2053599,MERCH007,bank_acct_9038****5370
ORD2011974,MERCH010,bank_acct_6832****4898
ORD2046223,MERCH007,bank_acct_5684****6928
ORD2005222,MERCH014,bank_acct_4276****8809
ORD2019408,MERCH006,fvwytj9@ybl
ORD2022595,MERCH014,bank_acct_3328****2180
ORD2005452,MERCH005,bank_acct_0118****5818
ORD2032137,MERCH001,kbz5c2s@ybl
ORD2040983,MERCH010,bank_acct_7716****7882
ORD2030427,MERCH009,bank_acct_0791****7082
ORD2017308,MERCH008,bank_acct_3742****1279
ORD2035022,MERCH020,m5bz4sp@oksbi
ORD2010351,MERCH015,bank_acct_8881****2805
ORD2015209,MERCH008,bank_acct_4795****0833
ORD2039590,MERCH012,2gvuc2a@ybl
ORD2039767,MERCH019,bank_acct_3339****3218
ORD2006731,MERCH015,eck6bsz@ybl
ORD2054121,MERCH003,jytie2d@ybl
ORD2048459,MERCH001,bank_acct_9870****4008
ORD2026978,MERCH016,kjuyrgp@okhdfcbank
ORD2042919,MERCH005,bank_acct_4404****7984
ORD2025993,MERCH009,bank_acct_5013****5422
ORD2028276,MERCH013,tdbovy6@okaxis
ORD2001065,MERCH007,95w0sfa@okaxis
ORD2000186,MERCH013,bank_acct_0522****4934
ORD2016723,MERCH014,70dq9yd@okhdfcbank
ORD2009028,MERCH003,sdmemmq@oksbi
ORD2028939,MERCH009,xlgmfuo@okaxis
ORD2029846,MERCH003,dqyoksb@oksbi
ORD2011051,MERCH004,mbod3dr@okaxis
ORD2036709,MERCH018,nfmrddv@okaxis
ORD2023672,MERCH002,midhnnv@oksbi
ORD2016952,MERCH002,tdqjdvi@okhdfcbank
ORD2039269,MERCH011,tgcdce0@oksbi
ORD2021224,MERCH008,h1riepn@oksbi
ORD2007927,MERCH016,bf7fous@okhdfcbank
ORD2003188,MERCH012,bank_acct_5213****9220
ORD2034884,MERCH020,0y0wkf5@okaxis
ORD2049619,MERCH020,uolgzht@ybl
ORD2043677,MERCH002,bank_acct_6776****2448
ORD2055175,MERCH001,bank_acct_8154****7281
ORD2033195,MERCH009,bank_acct_1173****8231
ORD2003689,MERCH017,bank_acct_4500****0475
ORD2049098,MERCH020,tviet0z@okaxis
ORD2043001,MERCH013,ufo53on@okaxis
ORD2032514,MERCH013,qtpcoir@oksbi
ORD2046357,MERCH012,bank_acct_6770****4192
ORD2052675,MERCH005,24xw6ci@oksbi
ORD2024048,MERCH018,yg5jg5f@okicici
ORD2037820,MERCH002,imd8hkk@okaxis
ORD2051665,MERCH019,vu6dczh@oksbi
ORD2028005,MERCH006,1k8o57p@okicici
ORD2033581,MERCH009,bank_acct_3742****8819
ORD2025901,MERCH006,bank_acct_0941****1645
ORD2053716,MERCH017,ufrfxfj@okhdfcbank
ORD2017243,MERCH016,o12eh8f@okaxis
ORD2011069,MERCH017,vcoedgj@okhdfcbank
ORD2020184,MERCH015,bank_acct_8979****5102
ORD2058831,MERCH005,bank_acct_1959****9414
ORD2052748,MERCH003,blwf1ea@okicici
ORD2002431,MERCH011,bank_acct_2399****0591
ORD2002805,MERCH017,wjfhg0k@okhdfcbank
ORD2033677,MERCH014,teljhrr@okhdfcbank
ORD2000367,MERCH005,mw44tcn@okhdfcbank
ORD2035494,MERCH009,bank_acct_1327****2367
ORD2037018,MERCH004,bank_acct_8557****8437
ORD2035457,MERCH011,6rw0mfs@okaxis
ORD2040245,MERCH002,u8v0dpo@okaxis
ORD2042027,MERCH005,bank_acct_0933****5961
ORD2047269,MERCH016,bank_acct_5019****3224
ORD2037867,MERCH009,jgqdjh3@okicici
ORD2040989,MERCH012,hx18d6t@okicici
ORD2042741,MERCH014,9rvxhrb@ybl
ORD2019076,MERCH010,yble53p@okhdfcbank
ORD2021557,MERCH009,bank_acct_4052****7419
ORD2059744,MERCH020,memvnzc@okicici
ORD2053826,MERCH009,sb3zpwf@okaxis
ORD2011579,MERCH017,8ahpigu@oksbi
ORD2034991,MERCH011,gxekolv@ybl
ORD2023866,MERCH014,jvfdaen@ybl
ORD2044425,MERCH006,bank_acct_2365****9383
ORD2024245,MERCH011,yuhswqm@okaxis
ORD2037890,MERCH016,c2b8zoa@ybl
ORD2050264,MERCH005,jdbf430@okhdfcbank
ORD2019364,MERCH018,bank_acct_9205****4216
ORD2023900,MERCH015,hpdj8xe@okhdfcbank
ORD2000058,MERCH002,bank_acct_5467****7476
ORD2017839,MERCH007,bank_acct_0255****8248
ORD2037725,MERCH005,bank_acct_6138****9613
ORD2027542,MERCH002,kpoypsq@okaxis
ORD2046388,MERCH008,bank_acct_8656****1354
ORD2024572,MERCH006,xv2uy1l@okicici
ORD2011724,MERCH002,xeink3r@okhdfcbank
ORD2010070,MERCH016,bank_acct_9048****3048
ORD2059513,MERCH009,ez3z2f0@ybl
ORD2057024,MERCH006,hojpwlt@oksbi
ORD2038323,MERCH015,e8hdftm@oksbi
ORD2006805,MERCH014,bank_acct_7844****2599
ORD2038245,MERCH004,mmtqrs3@ybl
ORD2027139,MERCH016,bank_acct_6045****3312
ORD2056151,MERCH002,cnmnctd@ybl
ORD2003339,MERCH015,bank_acct_5031****4371
ORD2029234,MERCH012,bank_acct_9557****9421
ORD2013713,MERCH018,gyetbss@okicici
ORD2035215,MERCH016,bank_acct_3163****5201
ORD2009709,MERCH015,dwyuzaj@ybl
ORD2049551,MERCH009,bank_acct_9696****3727
ORD2020022,MERCH005,bank_acct_0181****9059
ORD2046831,MERCH004,bank_acct_7757****6099
ORD2034493,MERCH012,myuzols@ybl
ORD2024141,MERCH003,bank_acct_1533****8476
ORD2011375,MERCH007,ew608cu@okaxis
ORD2052401,MERCH010,dnusjah@ybl
ORD2046281,MERCH011,ftdx31l@okicici
ORD2006384,MERCH017,cqdk2bd@okhdfcbank
ORD2037931,MERCH009,yprbefx@okhdfcbank
ORD2020020,MERCH019,q4epyth@oksbi
ORD2053014,MERCH019,jijzi0x@okhdfcbank
ORD2016940,MERCH007,xtukymp@okhdfcbank
ORD2051479,MERCH019,bank_acct_3570****4879
ORD2054742,MERCH001,wydxbbm@okicici
ORD2026306,MERCH002,boqikqk@oksbi
ORD2038914,MERCH014,bank_acct_5576****4826
ORD2023827,MERCH003,ywur5dh@okicici
ORD2009866,MERCH008,7xilizz@ybl
ORD2004760,MERCH016,bank_acct_7975****7502
ORD2033861,MERCH004,bank_acct_2786****2347
ORD2044038,MERCH011,yrbt1az@okhdfcbank
ORD2027517,MERCH001,to3djxn@okicici
ORD2055256,MERCH010,bank_acct_2327****3697
ORD2033205,MERCH004,bank_acct_0421****0994
ORD2045841,MERCH013,bank_acct_0223****5058
ORD2046291,MERCH012,yw32zxu@oksbi
ORD2028823,MERCH019,qgzsdrm@okhdfcbank
ORD2031018,MERCH004,vumb6ej@ybl
ORD2039999,MERCH011,bank_acct_6396****0974
ORD2042433,MERCH005,bank_acct_3065****6433
ORD2045098,MERCH001,bank_acct_0212****3103
ORD2028465,MERCH003,bank_acct_5381****6042
ORD2051365,MERCH015,ckerzsc@okaxis
ORD2017272,MERCH016,bank_acct_1319****3879
ORD2035519,MERCH015,bank_acct_1338****2215
ORD2024991,MERCH009,bank_acct_0317****6269
ORD2059485,MERCH020,bank_acct_3467****3545
ORD2036898,MERCH001,bank_acct_5763****2783
ORD2005296,MERCH011,bank_acct_2012****5874
ORD2022315,MERCH002,erc8g6x@ybl
ORD2053751,MERCH020,e3su4jv@okhdfcbank
ORD2034631,MERCH015,gbwrig0@okhdfcbank
ORD2017180,MERCH011,ylno6yy@ybl
ORD2013700,MERCH019,bank_acct_4151****5693
ORD2020429,MERCH005,hyozsnq@okicici
ORD2021946,MERCH007,bank_acct_9240****0338
ORD2019120,MERCH002,bank_acct_8498****9190
ORD2023523,MERCH010,bank_acct_7018****4963
ORD2047949,MERCH011,bank_acct_0478****2136
ORD2001199,MERCH002,7x2oqji@okhdfcbank
ORD2011146,MERCH003,bank_acct_0442****0882
ORD2036827,MERCH018,8neqidb@oksbi
ORD2051958,MERCH020,44psoek@oksbi
ORD2012899,MERCH013,bank_acct_1301****7134
ORD2038220,MERCH003,wbwen9b@ybl
ORD2005999,MERCH013,pc1ohvp@oksbi
ORD2059967,MERCH009,bank_acct_4757****6866
ORD2051652,MERCH006,bank_acct_4551****9816
ORD2047916,MERCH008,bank_acct_7389****7642
ORD2025204,MERCH013,bank_acct_2271****3785
ORD2040919,MERCH003,bank_acct_7570****4587
ORD2032142,MERCH001,yakd3pn@ybl
ORD2008309,MERCH007,bank_acct_2005****6344
ORD2006297,MERCH006,dkzioko@okicici
ORD2048860,MERCH013,bank_acct_0144****8909
ORD2011960,MERCH013,bank_acct_1184****6415
ORD2037271,MERCH010,bank_acct_0555****9025
ORD2000307,MERCH005,7jiihdg@okhdfcbank
ORD2018800,MERCH004,a5w4rlk@okicici
ORD2023256,MERCH010,bank_acct_5322****9402
ORD2005320,MERCH016,bank_acct_6031****5584
ORD2026161,MERCH014,bank_acct_3099****4937
ORD2022045,MERCH010,bank_acct_4236****4262
ORD2004578,MERCH020,bank_acct_0316****8414
ORD2019361,MERCH005,vao9hs6@okhdfcbank
ORD2043362,MERCH012,bank_acct_3582****4092
ORD2008134,MERCH018,bank_acct_5227****1685
ORD2014580,MERCH012,hz1or2x@ybl
ORD2019879,MERCH017,bank_acct_2611****0034
ORD2040929,MERCH007,u8tfcbf@ybl
ORD2042429,MERCH007,bank_acct_9696****3727
ORD2050621,MERCH013,mfpreqv@okicici
ORD2040177,MERCH016,bank_acct_1636****6441
ORD2049202,MERCH009,bank_acct_5310****9895
ORD2007997,MERCH019,mi9jbv4@okicici
ORD2051832,MERCH020,zqfiyix@oksbi
ORD2021547,MERCH014,bank_acct_5326****2147
ORD2023502,MERCH003,6d3g4eh@oksbi
ORD2047352,MERCH014,bank_acct_5392****6616
ORD2026179,MERCH012,lwil82t@okicici
ORD2040718,MERCH009,euykdp3@okaxis
ORD2032863,MERCH014,viomlnc@oksbi
ORD2036311,MERCH014,bank_acct_1312****3861
ORD2018568,MERCH003,bank_acct_0810****5882
ORD2044685,MERCH002,wbka9id@ybl
ORD2014194,MERCH017,fm1bxox@ybl
ORD2027394,MERCH011,wubrul2@ybl
ORD2024007,MERCH015,jwxlk7u@okhdfcbank
ORD2002701,MERCH008,o79jvz3@okicici
ORD2004828,MERCH017,bank_acct_5232****5668
ORD2043841,MERCH016,3ckasy2@oksbi
ORD2041056,MERCH017,1s0hv1w@ybl
ORD2021100,MERCH017,bank_acct_9900****6677
ORD2023864,MERCH003,sdlrugi@oksbi
ORD2037310,MERCH010,bxsscbe@okaxis
ORD2011123,MERCH015,iddxpbh@okicici
ORD2010547,MERCH014,c7iweyv@okhdfcbank
ORD2050756,MERCH003,bank_acct_8448****5074
ORD2049593,MERCH016,bank_acct_9307****3883
ORD2007106,MERCH010,r5fsuuy@okaxis
ORD2009451,MERCH005,26h0tdy@oksbi
ORD2056685,MERCH005,bank_acct_4468****5532
ORD2030336,MERCH010,bank_acct_6922****2568
ORD2048591,MERCH008,vjqzzrl@okhdfcbank
ORD2008223,MERCH017,bank_acct_4559****3346
ORD2010438,MERCH014,7heudxd@okaxis
ORD2058119,MERCH010,ss2mnho@okhdfcbank
ORD2002023,MERCH019,bank_acct_9197****2730
ORD2042043,MERCH002,bank_acct_8934****7337
ORD2034088,MERCH017,bank_acct_1986****8076
ORD2019098,MERCH002,bank_acct_3180****7108
ORD2054138,MERCH017,bank_acct_1086****9631
ORD2019659,MERCH004,bank_acct_7905****3536
ORD2007588,MERCH017,bank_acct_6506****0123
ORD2028262,MERCH014,pakxw3t@ybl
ORD2022599,MERCH014,4rzvr0s@oksbi
ORD2027610,MERCH004,nf6ercb@ybl
ORD2000757,MERCH015,bank_acct_6658****2500
ORD2050711,MERCH019,3o7dgtg@okaxis
ORD2057733,MERCH009,9kwzxk8@ybl
ORD2027152,MERCH012,bank_acct_1839****6206
ORD2051685,MERCH009,bank_acct_4120****5072
ORD2021604,MERCH018,bank_acct_0558****1523
ORD2016424,MERCH017,bank_acct_8265****8396
ORD2036995,MERCH001,bank_acct_9625****8156
ORD2041946,MERCH004,bank_acct_7504****7478
ORD2038795,MERCH015,2ufyatu@okhdfcbank
ORD2039369,MERCH006,oeh3ju9@okicici
ORD2001544,MERCH006,bank_acct_1337****7972
ORD2023981,MERCH013,btlavy9@oksbi
ORD2018506,MERCH002,epnlix4@okaxis
ORD2025565,MERCH003,2htgbpl@okicici
ORD2050587,MERCH014,tinffnv@okaxis
ORD2028160,MERCH010,bank_acct_5767****2716
ORD2052932,MERCH017,bank_acct_0818****3793
ORD2031778,MERCH015,bank_acct_6758****6028
ORD2028090,MERCH015,bank_acct_8367****1216
ORD2019882,MERCH020,bank_acct_2113****2024
ORD2039232,MERCH009,gxilpjk@oksbi
ORD2009550,MERCH011,bank_acct_7111****1504
ORD2042647,MERCH009,vcoedgj@okhdfcbank
ORD2049039,MERCH007,bank_acct_6203****5498
ORD2037607,MERCH006,auk82cw@okhdfcbank
ORD2049276,MERCH003,ugdm282@okicici
ORD2042554,MERCH020,bank_acct_2600****4627
ORD2040358,MERCH009,f1ragh5@okhdfcbank
ORD2030625,MERCH004,bank_acct_1456****9688
ORD2026240,MERCH014,a8glfke@ybl
ORD2034085,MERCH018,grz3tev@okaxis
ORD2037299,MERCH017,bank_acct_5315****3249
ORD2008296,MERCH013,dxgxcgf@ybl
ORD2057518,MERCH004,bank_acct_8570****5610
ORD2039211,MERCH001,bank_acct_5896****2345
ORD2003120,MERCH006,ttedxpd@oksbi
ORD2052122,MERCH016,vz8zv1e@okhdfcbank
ORD2025191,MERCH003,bank_acct_6254****4968
ORD2040156,MERCH020,bank_acct_9777****0720
ORD2048337,MERCH016,tepcjzr@okaxis
ORD2056053,MERCH010,p93o0lj@okaxis
ORD2019583,MERCH020,ygpjufb@okaxis
ORD2041280,MERCH020,bank_acct_9265****9999
ORD2041036,MERCH012,bank_acct_4222****7124
ORD2012867,MERCH013,xmi50ky@okhdfcbank
ORD2001165,MERCH010,7agbq6m@okhdfcbank
ORD2048729,MERCH003,lucnxye@okhdfcbank
ORD2006573,MERCH005,zp2r9ug@oksbi
ORD2037767,MERCH005,bank_acct_1583****4600
ORD2027539,MERCH001,bank_acct_5032****8422
ORD2027875,MERCH007,ka6yylx@oksbi
ORD2005043,MERCH004,bank_acct_9814****4784
ORD2023075,MERCH001,bank_acct_8921****1552
ORD2046938,MERCH007,bank_acct_0323****8762
ORD2005677,MERCH001,ohl31jz@oksbi
ORD2007372,MERCH007,g4qasnw@okaxis
ORD2006592,MERCH009,bank_acct_9696****3727
ORD2006239,MERCH008,bank_acct_3766****3193
ORD2052072,MERCH014,zgmwfix@okaxis
ORD2038703,MERCH018,bank_acct_0941****5935
ORD2032451,MERCH007,nqu7bz1@oksbi
ORD2047504,MERCH003,u712uu8@ybl
ORD2007963,MERCH010,bank_acct_9415****0760
ORD2055033,MERCH015,clz7aib@okicici
ORD2054590,MERCH005,vqs7zmh@okicici
ORD2031173,MERCH016,4h7l8qv@ybl
ORD2043229,MERCH014,bank_acct_9077****9568
ORD2045959,MERCH001,txth8f4@okaxis
ORD2044445,MERCH003,3t03csc@okhdfcbank
ORD2009483,MERCH005,luxm8ck@ybl
ORD2033274,MERCH015,9tq4woc@okhdfcbank
ORD2009328,MERCH016,x5uh0uk@okhdfcbank
ORD2048993,MERCH016,7ltdbnf@okicici
ORD2037897,MERCH001,pcdfcfd@oksbi
ORD2022823,MERCH015,bank_acct_4667****4100
ORD2036701,MERCH019,psjjfj7@okhdfcbank
ORD2005879,MERCH008,bank_acct_6474****1955
ORD2006704,MERCH007,ms613dv@oksbi
ORD2004555,MERCH010,bank_acct_2122****3252
ORD2038101,MERCH019,bgebtmo@oksbi
ORD2006537,MERCH013,qgfphpo@okaxis
ORD2044029,MERCH002,n8pfrb3@okaxis
ORD2013706,MERCH011,bank_acct_0914****5575
ORD2005110,MERCH001,bank_acct_7854****0263
ORD2009157,MERCH004,bank_acct_0257****4020
ORD2045581,MERCH014,bank_acct_8672****5591
ORD2050684,MERCH014,bank_acct_6440****5369
ORD2044588,MERCH016,bank_acct_4466****5230
ORD2029085,MERCH019,bank_acct_6493****7356
ORD2049566,MERCH020,oahiy47@okaxis
ORD2045427,MERCH018,aamxixw@okhdfcbank
ORD2006663,MERCH010,ztdbumi@oksbi
ORD2031612,MERCH002,knsqrey@ybl
ORD2013834,MERCH016,bank_acct_5693****7188
ORD2027407,MERCH013,exqmnsu@okicici
ORD2041586,MERCH016,ecok0fh@ybl
ORD2002712,MERCH017,id4h6vs@okaxis
ORD2052477,MERCH019,bank_acct_5717****3969
ORD2030230,MERCH020,bank_acct_6689****6781
ORD2002115,MERCH016,g07qoph@okaxis
ORD2038209,MERCH008,ilxghgw@okaxis
ORD2044389,MERCH002,bank_acct_8162****0639
ORD2051037,MERCH017,hhpz0ds@okhdfcbank
ORD2052736,MERCH001,bank_acct_1276****0252
ORD2014218,MERCH014,ptcspez@ybl
ORD2039284,MERCH019,bank_acct_7388****8072
ORD2057937,MERCH011,kceqhyh@okaxis
ORD2027392,MERCH018,i5dpxya@okicici
ORD2033542,MERCH003,bank_acct_2898****3610
ORD2035766,MERCH009,nnxmo5e@oksbi
ORD2028353,MERCH014,p0riqjs@oksbi
ORD2037463,MERCH016,fvc6vgq@okhdfcbank
ORD2035695,MERCH004,oxic59f@okaxis
ORD2035275,MERCH016,3nensn9@okicici
ORD2026044,MERCH010,euykdp3@okaxis
ORD2059019,MERCH012,yhsrqjm@okhdfcbank
ORD2018225,MERCH003,bank_acct_6254****4968
ORD2001914,MERCH001,bank_acct_6709****4551
ORD2016057,MERCH006,bank_acct_0678****4070
ORD2052398,MERCH010,4rtt7ey@okaxis
ORD2008879,MERCH007,moslvtq@okicici
ORD2014471,MERCH016,n0hv7da@okaxis
ORD2004783,MERCH012,bank_acct_9841****6613
ORD2005143,MERCH015,lax1brw@ybl
ORD2048026,MERCH008,bank_acct_2570****2782
ORD2007433,MERCH017,m25vg5f@oksbi
ORD2052568,MERCH007,bank_acct_8224****6318
ORD2007322,MERCH020,bank_acct_4036****6925
ORD2030458,MERCH015,bank_acct_8699****7673
ORD2015912,MERCH005,dxxkwkc@okhdfcbank
ORD2000697,MERCH010,utpeyup@okicici
ORD2034792,MERCH003,sdmemmq@oksbi
ORD2013139,MERCH013,lr733lj@okaxis
ORD2001432,MERCH014,j24gsdq@oksbi
ORD2051469,MERCH012,y9oitud@okicici
ORD2049128,MERCH016,anvqezg@okicici
ORD2031426,MERCH006,ictxfxr@okaxis
ORD2040222,MERCH020,bank_acct_3602****3109
ORD2014291,MERCH007,bank_acct_7402****6278
ORD2054861,MERCH010,bank_acct_0599****2961
ORD2042981,MERCH003,evsxhfk@okhdfcbank
ORD2042222,MERCH011,bank_acct_5227****1685
ORD2050886,MERCH019,bank_acct_7453****6752
ORD2057791,MERCH007,kriiktn@okhdfcbank
ORD2003522,MERCH006,bank_acct_3812****9782
ORD2046584,MERCH020,bank_acct_8404****6529
ORD2006410,MERCH016,bs7f678@oksbi
ORD2034998,MERCH004,aepcfgf@okicici
ORD2051635,MERCH014,bank_acct_0232****2324
ORD2030245,MERCH016,bank_acct_3074****2006
ORD2023063,MERCH010,bank_acct_9753****3327
ORD2020550,MERCH008,bank_acct_4365****0280
ORD2030128,MERCH007,bank_acct_1052****0328
ORD2040612,MERCH018,ngyrwyv@oksbi
ORD2051007,MERCH002,bank_acct_4705****0240
ORD2006884,MERCH001,paz0dah@okicici
ORD2004244,MERCH012,bank_acct_7855****1480
ORD2010871,MERCH009,lx4wenh@oksbi
ORD2021773,MERCH012,bank_acct_5755****3025
ORD2010366,MERCH006,bank_acct_3632****1664
ORD2002979,MERCH006,bank_acct_3898****1285
ORD2013848,MERCH017,dy7p7ot@okaxis
ORD2026314,MERCH002,bank_acct_0645****2471
ORD2031302,MERCH003,bank_acct_9903****1641
ORD2006609,MERCH011,znxtegc@okaxis
ORD2034172,MERCH014,bank_acct_5876****9537
ORD2011728,MERCH004,clehvhn@okhdfcbank
ORD2020656,MERCH020,xsgmuwi@oksbi
ORD2034212,MERCH008,bank_acct_9223****5938
ORD2045435,MERCH004,yjr1f3x@ybl
ORD2031101,MERCH018,bank_acct_7411****1144
ORD2058645,MERCH008,60qzram@ybl
ORD2043004,MERCH016,bank_acct_6902****2301
ORD2033308,MERCH009,bank_acct_1538****2574
ORD2001146,MERCH011,bank_acct_7991****7239
ORD2046043,MERCH012,cfp0unz@ybl
ORD2044157,MERCH002,btjneos@okhdfcbank
ORD2057495,MERCH018,bank_acct_0717****4674
ORD2018059,MERCH009,bank_acct_3253****0038
ORD2037929,MERCH009,1ygjobg@okhdfcbank
ORD2023031,MERCH017,9ceiglr@ybl
ORD2015299,MERCH020,bank_acct_3160****9427
ORD2058619,MERCH004,bank_acct_1278****7639
ORD2025815,MERCH002,bank_acct_7480****1109
ORD2015395,MERCH015,bank_acct_1984****8899
ORD2057974,MERCH015,h4ge8ju@ybl
ORD2057279,MERCH004,vwbxvfc@oksbi
ORD2016743,MERCH004,bank_acct_0989****2257
ORD2050956,MERCH001,otxrntz@oksbi
ORD2016497,MERCH018,bank_acct_5964****8684
ORD2005213,MERCH002,bank_acct_4353****8561
ORD2050346,MERCH017,bank_acct_4428****6109
ORD2037801,MERCH004,bank_acct_8423****0675
ORD2014674,MERCH006,zjdubkh@okhdfcbank
ORD2025374,MERCH004,kjqv3vl@okaxis
ORD2030674,MERCH007,gqd4xm4@okicici
ORD2009734,MERCH012,bank_acct_5403****0451
ORD2038629,MERCH006,vdbcpff@okicici
ORD2027654,MERCH010,b6fjwwg@ybl
ORD2014899,MERCH015,bank_acct_0378****8240
ORD2020250,MERCH006,2urdfpr@oksbi
ORD2007407,MERCH016,bank_acct_2587****0378
ORD2002381,MERCH004,c499mg4@oksbi
ORD2016338,MERCH005,bank_acct_2249****3892
ORD2047298,MERCH007,bank_acct_5232****5668
ORD2011932,MERCH011,balttrz@okaxis
ORD2033725,MERCH005,bank_acct_9297****1208
ORD2055385,MERCH004,bank_acct_9260****1292
ORD2055468,MERCH007,bank_acct_3036****4956
ORD2034813,MERCH015,goep1sf@okaxis
ORD2036703,MERCH014,ccbwjpe@ybl
ORD2000025,MERCH001,mvj8dbm@okhdfcbank
ORD2026581,MERCH008,bank_acct_0004****2857
ORD2008742,MERCH016,cj9zika@okhdfcbank
ORD2050786,MERCH011,bank_acct_9309****1615
ORD2015270,MERCH010,bank_acct_5540****7272
ORD2054785,MERCH017,bank_acct_5293****5502
ORD2015391,MERCH006,ji1nvdt@okicici
ORD2027431,MERCH003,bank_acct_4280****7225
ORD2023516,MERCH009,bank_acct_4562****2473
ORD2004437,MERCH012,bank_acct_9938****0103
ORD2046480,MERCH014,bank_acct_5118****0942
ORD2025445,MERCH012,akwg8jq@okaxis
ORD2053885,MERCH008,bank_acct_1935****9459
ORD2013367,MERCH013,bank_acct_7453****6752
ORD2040909,MERCH008,bank_acct_9600****4120
ORD2028422,MERCH005,bank_acct_0831****3462
ORD2058765,MERCH014,bank_acct_1379****5576
ORD2023506,MERCH014,qksjyp7@ybl
ORD2040182,MERCH014,lcxbuh8@okaxis
ORD2056410,MERCH015,tnnla4f@okicici
ORD2048811,MERCH017,lbyhkqm@oksbi
ORD2001255,MERCH012,bank_acct_0775****1006
ORD2022020,MERCH001,bank_acct_6321****9227
ORD2056898,MERCH015,lthlfoi@okhdfcbank
ORD2034224,MERCH005,bank_acct_9559****4081
ORD2022638,MERCH001,bsdup6m@ybl
ORD2049468,MERCH017,cz1ibcx@okaxis
ORD2005418,MERCH012,bank_acct_2337****9067
ORD2013003,MERCH011,bank_acct_2776****0660
ORD2034665,MERCH011,38zuany@okaxis
ORD2004968,MERCH013,bank_acct_6941****5817
ORD2013222,MERCH006,vwyzeht@okhdfcbank
ORD2022922,MERCH018,iqrozy9@okicici
ORD2004461,MERCH013,bank_acct_4577****4910
ORD2040455,MERCH002,gyvhfbd@okaxis
ORD2053922,MERCH005,bank_acct_3266****4053
ORD2015614,MERCH019,qafriea@okaxis
ORD2043647,MERCH002,bank_acct_0009****1476
ORD2051926,MERCH017,vvozkds@oksbi
ORD2002095,MERCH010,jvgsswv@okicici
ORD2055077,MERCH014,bank_acct_2482****0170
ORD2005144,MERCH013,bank_acct_8513****9929
ORD2049697,MERCH018,5q5ezaf@okaxis
ORD2018873,MERCH010,2opeawc@okicici
ORD2015431,MERCH011,n8ubnt4@okaxis
ORD2003484,MERCH012,8payenq@ybl
ORD2054461,MERCH001,bank_acct_3968****9254
ORD2042934,MERCH009,a2uti4o@ybl
ORD2018580,MERCH017,bank_acct_5142****0535
ORD2051333,MERCH020,xwosfgh@oksbi
ORD2018262,MERCH005,azsa6qu@oksbi
ORD2032522,MERCH013,bank_acct_8852****4170
ORD2059133,MERCH015,bank_acct_9896****6607
ORD2023076,MERCH007,bank_acct_0792****3784
ORD2043534,MERCH018,2wmizcp@ybl
ORD2036538,MERCH020,nycxqil@okaxis
ORD2015045,MERCH020,bank_acct_5911****8670
ORD2052775,MERCH015,bank_acct_2139****8195
ORD2051544,MERCH012,boecvtm@okhdfcbank
ORD2050439,MERCH013,bank_acct_0417****5591
ORD2053254,MERCH007,e1whzwi@ybl
ORD2056742,MERCH004,1ygjobg@okhdfcbank
ORD2025580,MERCH003,bank_acct_6789****2139
ORD2058815,MERCH002,sfmcdr0@okhdfcbank
ORD2039836,MERCH018,hiumah3@okicici
ORD2051921,MERCH011,bank_acct_4793****2822
ORD2042253,MERCH013,bank_acct_1730****0997
ORD2005925,MERCH005,x55udht@oksbi
ORD2025954,MERCH017,bank_acct_7634****5951
ORD2020669,MERCH018,bank_acct_1938****1644
ORD2007954,MERCH010,o1lt3pe@okhdfcbank
ORD2043581,MERCH007,jo1umdp@okaxis
ORD2037061,MERCH003,yn9x9i7@okhdfcbank
ORD2055448,MERCH017,bank_acct_0377****3495
ORD2017197,MERCH018,4epgwm3@okhdfcbank
ORD2059559,MERCH010,bank_acct_9528****5425
ORD2053963,MERCH013,boqikqk@oksbi
ORD2031863,MERCH006,bank_acct_9041****4417
ORD2033847,MERCH001,ixgbjvo@okhdfcbank
ORD2000215,MERCH001,bank_acct_0009****5003
ORD2057949,MERCH018,bank_acct_3061****8860
ORD2050237,MERCH019,fx4fnki@okaxis
ORD2008845,MERCH009,4sgegr9@ybl
ORD2039118,MERCH008,aphvqa2@oksbi
ORD2045374,MERCH010,r2wmgop@okaxis
ORD2016193,MERCH014,bank_acct_6427****2487
ORD2039285,MERCH017,bank_acct_3154****5956
ORD2021960,MERCH004,evomu18@okaxis
ORD2040956,MERCH002,bank_acct_0033****8404
ORD2021847,MERCH012,bank_acct_2786****1358
ORD2010941,MERCH009,icixhdj@okaxis
ORD2013010,MERCH017,bank_acct_9832****9332
ORD2034465,MERCH012,bank_acct_0256****3450
ORD2009947,MERCH002,bank_acct_5201****7956
ORD2033980,MERCH004,5beuffd@oksbi
ORD2042925,MERCH015,bank_acct_3186****6905
ORD2053502,MERCH010,bank_acct_1870****8235
ORD2034786,MERCH019,bank_acct_8582****9779
ORD2043817,MERCH001,bpdvomj@okhdfcbank
ORD2011096,MERCH015,xtowywf@okhdfcbank
ORD2007158,MERCH011,bank_acct_1695****7180
ORD2039625,MERCH008,gi9dnia@oksbi
ORD2055924,MERCH019,rnhcxz7@okicici
ORD2024001,MERCH019,bank_acct_5075****2732
ORD2047409,MERCH018,bank_acct_8470****2915
ORD2015118,MERCH020,bank_acct_9497****5626
ORD2059520,MERCH008,bank_acct_4733****6645
ORD2015518,MERCH012,bank_acct_8073****7336
ORD2034935,MERCH010,bank_acct_2486****9234
ORD2018988,MERCH010,bank_acct_5830****0417
ORD2058942,MERCH019,bank_acct_3049****5164
ORD2011089,MERCH005,kokhfeo@oksbi
ORD2046416,MERCH013,cz6wd6o@ybl
ORD2023310,MERCH017,bank_acct_0139****8014
ORD2036181,MERCH008,bank_acct_9797****1697
ORD2023166,MERCH004,84cezxr@ybl
ORD2044629,MERCH011,bank_acct_4483****9876
ORD2017260,MERCH017,nukcuug@oksbi
ORD2010381,MERCH018,bank_acct_0558****1523
ORD2033858,MERCH012,bank_acct_2475****0515
ORD2036120,MERCH015,bank_acct_9615****3810
ORD2057023,MERCH004,gerque5@ybl
ORD2050462,MERCH005,bank_acct_9400****8868
ORD2051242,MERCH014,xa2dhlr@okicici
ORD2017815,MERCH014,bank_acct_6926****5451
ORD2013279,MERCH003,aivfmor@okhdfcbank
ORD2015129,MERCH003,fnvtehz@ybl
ORD2039543,MERCH002,bank_acct_0011****4501
ORD2003599,MERCH006,iqrozy9@okicici
ORD2046111,MERCH016,bank_acct_0581****8239
ORD2040428,MERCH007,bank_acct_0799****3034
ORD2011381,MERCH015,ghmftpu@oksbi
ORD2004041,MERCH005,bank_acct_2337****9067
ORD2047586,MERCH017,z5nfrt3@okaxis
ORD2007473,MERCH013,b3lxvdy@ybl
ORD2054646,MERCH019,bank_acct_3203****9206
ORD2025710,MERCH018,3hhqmfj@okaxis
ORD2019052,MERCH017,bank_acct_7463****8912
ORD2003831,MERCH013,ryskrpu@ybl
ORD2003217,MERCH009,odld6pk@okhdfcbank
ORD2034392,MERCH019,jaumup2@okicici
ORD2059213,MERCH016,bank_acct_5121****5669
ORD2026147,MERCH014,bank_acct_0108****9453
ORD2003520,MERCH015,bxembrh@oksbi
ORD2003565,MERCH016,e6enbnq@oksbi
ORD2021249,MERCH014,bank_acct_3881****6785
ORD2032207,MERCH006,bank_acct_0379****0405
ORD2011193,MERCH005,p7nhvgo@okhdfcbank
ORD2012403,MERCH017,0gsjy4h@okhdfcbank
ORD2042127,MERCH013,bank_acct_7453****6752
ORD2031343,MERCH015,yigihjv@okicici
ORD2028037,MERCH005,bank_acct_5608****7713
ORD2017766,MERCH017,bank_acct_5577****9117
ORD2035776,MERCH017,bank_acct_8304****8834
ORD2043644,MERCH004,s70drcd@oksbi
ORD2036670,MERCH007,4opqnyd@okhdfcbank
ORD2019646,MERCH015,wi84vo5@ybl
ORD2012288,MERCH016,bank_acct_8908****2154
ORD2001054,MERCH002,js5epkw@okhdfcbank
ORD2032878,MERCH006,rxkvvbj@okaxis
ORD2046362,MERCH018,bank_acct_7507****8522
ORD2021240,MERCH012,bank_acct_0256****3450
ORD2016754,MERCH020,bank_acct_2584****1899
ORD2019545,MERCH014,vjcvxad@okicici
ORD2042395,MERCH004,bank_acct_6750****4241
ORD2041851,MERCH004,25trjcg@okaxis
ORD2018534,MERCH012,iwoknr2@ybl
ORD2038766,MERCH019,dxgn9qq@okicici
ORD2030828,MERCH016,qtpcoir@oksbi
ORD2006866,MERCH017,bank_acct_8939****1539
ORD2045184,MERCH005,bank_acct_0420****6624
ORD2037375,MERCH004,jbkwyo6@ybl
ORD2057895,MERCH012,kdncvgd@oksbi
ORD2038636,MERCH010,bb4snu7@ybl
ORD2027523,MERCH011,bank_acct_0256****3450
ORD2044620,MERCH010,bank_acct_8401****7662
ORD2014773,MERCH016,bank_acct_0008****4266
ORD2057598,MERCH001,bank_acct_0566****2614
ORD2011889,MERCH005,mjq1rnx@okhdfcbank
ORD2045163,MERCH005,d6sshbp@oksbi
ORD2044378,MERCH019,bank_acct_0297****5863
ORD2008238,MERCH018,iqrozy9@okicici
ORD2035530,MERCH010,bank_acct_1953****0034
ORD2008789,MERCH010,jogfyc8@okaxis
ORD2034565,MERCH007,ot82wg6@oksbi
ORD2018758,MERCH006,bank_acct_5571****7468
ORD2043971,MERCH016,bank_acct_6008****0880
ORD2033482,MERCH001,wuxxnmq@okicici
ORD2013063,MERCH004,bank_acct_3838****8663
ORD2027717,MERCH018,e1g39kf@okaxis
ORD2053091,MERCH012,bank_acct_0256****3450
ORD2003099,MERCH002,bank_acct_4646****7753
ORD2032830,MERCH003,iqrozy9@okicici
ORD2021269,MERCH020,bank_acct_0558****1523
ORD2027718,MERCH019,vd0z4zu@okicici
ORD2049014,MERCH015,qua8ub8@okicici
ORD2018171,MERCH011,bank_acct_4633****5905
ORD2042706,MERCH013,mxgc8ec@okhdfcbank
ORD2050611,MERCH016,bank_acct_7162****5238
ORD2036108,MERCH020,bank_acct_4985****7613
ORD2042303,MERCH005,wthaz0c@oksbi
ORD2022207,MERCH005,bank_acct_0155****5787
ORD2059353,MERCH017,kzhzgn1@okicici
ORD2034064,MERCH015,rqwjo3k@okhdfcbank
ORD2024318,MERCH015,bank_acct_6933****9803
ORD2039925,MERCH015,bank_acct_6876****7420
ORD2039091,MERCH005,bank_acct_6527****9135
ORD2005147,MERCH011,tfgzynh@okhdfcbank
ORD2000572,MERCH003,bank_acct_2530****2925
ORD2035178,MERCH020,bank_acct_9419****5087
ORD2048544,MERCH020,ivdjewu@okaxis
ORD2013613,MERCH014,mshxcoo@okaxis
ORD2011337,MERCH013,bank_acct_7025****6585
ORD2024133,MERCH008,bank_acct_0112****4811
ORD2053548,MERCH013,bank_acct_6132****2736
ORD2000331,MERCH011,urz93on@okhdfcbank
ORD2002065,MERCH018,hoidh29@okhdfcbank
ORD2037332,MERCH002,kgvgqav@okicici
ORD2058593,MERCH015,bank_acct_9673****5171
ORD2058533,MERCH009,bank_acct_5516****6671
ORD2046054,MERCH003,bank_acct_2369****5514
ORD2051444,MERCH006,bqsda9f@ybl
ORD2059756,MERCH001,bank_acct_4753****6510
ORD2053560,MERCH019,giv6xlc@oksbi
ORD2019194,MERCH010,lccrc1k@ybl
ORD2051442,MERCH018,izq2c2l@oksbi
ORD2007768,MERCH017,bank_acct_5232****5668
ORD2045800,MERCH018,bank_acct_7656****7618
ORD2045032,MERCH003,bank_acct_1842****6679
ORD2051968,MERCH007,izomkzb@okhdfcbank
ORD2017274,MERCH020,bank_acct_0348****4140
ORD2002626,MERCH018,zrrsvsj@ybl
ORD2054636,MERCH019,bank_acct_1975****3978
ORD2042236,MERCH002,qztgzmh@oksbi
ORD2048274,MERCH019,bank_acct_1678****2418
ORD2051524,MERCH017,tdkyyiz@okicici
ORD2016041,MERCH007,bank_acct_8478****1650
ORD2018817,MERCH016,oto9kav@okaxis
ORD2020827,MERCH017,bank_acct_7087****2174
ORD2057349,MERCH001,dvvwsgd@ybl
ORD2025754,MERCH004,ff54jnu@oksbi
ORD2012406,MERCH013,bank_acct_5227****1685
ORD2011811,MERCH006,bank_acct_7903****1000
ORD2054289,MERCH001,bank_acct_7208****1823
ORD2033090,MERCH009,bank_acct_3167****7809
ORD2028011,MERCH007,bank_acct_8025****6730
ORD2056812,MERCH008,bank_acct_5510****5618
ORD2002689,MERCH019,bank_acct_5635****5271
ORD2012524,MERCH015,bank_acct_5286****9935
ORD2006250,MERCH003,dzeihj3@okhdfcbank
ORD2002081,MERCH018,bank_acct_5524****9101
ORD2057726,MERCH020,bkbxt8t@okicici
ORD2021745,MERCH011,iegcbuw@oksbi
ORD2019745,MERCH013,fql5lsl@okaxis
ORD2025842,MERCH019,bank_acct_0529****8840
ORD2013237,MERCH002,ih09g9x@okhdfcbank
ORD2027113,MERCH016,4tlarwm@okicici
ORD2026112,MERCH001,aaxffyo@okaxis
ORD2016285,MERCH011,bank_acct_1316****8146
ORD2037129,MERCH014,bank_acct_0468****0680
ORD2004958,MERCH006,qbptdit@oksbi
ORD2017739,MERCH014,bank_acct_8433****1276
ORD2037551,MERCH001,bank_acct_6070****8779
ORD2055673,MERCH017,bank_acct_4246****1542
ORD2039010,MERCH011,bank_acct_8465****1825
ORD2015203,MERCH013,jz2hwpt@okicici
ORD2035954,MERCH009,vy13evx@oksbi
ORD2023717,MERCH003,bank_acct_8042****9112
ORD2012204,MERCH004,uceajxb@ybl
ORD2032308,MERCH004,pbbmzxd@ybl
ORD2033072,MERCH018,bank_acct_7798****9611
ORD2053238,MERCH005,ftdx31l@okicici
ORD2035082,MERCH005,cngbxsh@oksbi
ORD2036760,MERCH006,bank_acct_5495****5432
ORD2041258,MERCH009,z8vctkf@oksbi
ORD2036298,MERCH003,bank_acct_5331****4879
ORD2015481,MERCH005,fpmdceh@okaxis
ORD2000195,MERCH010,bank_acct_0870****6352
ORD2059867,MERCH014,bank_acct_1098****0276
ORD2010977,MERCH006,bank_acct_8044****5050
ORD2039573,MERCH002,bank_acct_1715****3129
ORD2037955,MERCH020,2colckb@okicici
ORD2007445,MERCH011,4jyqgjl@oksbi
ORD2024309,MERCH006,bank_acct_4176****4961
ORD2012677,MERCH001,bank_acct_4193****6702
ORD2036571,MERCH002,bank_acct_9604****7908
ORD2047168,MERCH010,vjiwu7d@ybl
ORD2006490,MERCH013,bank_acct_0315****1139
ORD2050687,MERCH004,17fmjqx@okicici
ORD2004511,MERCH011,bank_acct_6475****0905
ORD2015570,MERCH005,gm2eag9@okaxis
ORD2045398,MERCH014,0w36gy5@okhdfcbank
ORD2040263,MERCH004,1ygjobg@okhdfcbank
ORD2042531,MERCH009,dlx0s0e@ybl
ORD2054345,MERCH013,klqjugt@okhdfcbank
ORD2029060,MERCH004,bank_acct_0036****9768
ORD2013784,MERCH002,bank_acct_3953****1109
ORD2059789,MERCH007,imfklwa@okicici
ORD2056204,MERCH008,bank_acct_2402****8573
ORD2054032,MERCH020,w3jhg9z@okhdfcbank
ORD2016368,MERCH019,bank_acct_2942****3611
ORD2011937,MERCH008,h9ydec9@okhdfcbank
ORD2033396,MERCH016,bank_acct_2702****5927
ORD2018473,MERCH017,vvyznif@oksbi
ORD2054802,MERCH017,bank_acct_5268****0923
ORD2018061,MERCH013,msdamzt@oksbi
ORD2052486,MERCH004,meupw04@okaxis
ORD2034685,MERCH009,bank_acct_5750****2458
ORD2035175,MERCH002,x5r8nh6@okicici
ORD2038616,MERCH011,wstt6la@oksbi
ORD2030101,MERCH015,zh2d1ce@oksbi
ORD2059591,MERCH018,kjckifw@oksbi
ORD2029387,MERCH014,bank_acct_7800****5564
ORD2038397,MERCH003,bank_acct_5590****6979
ORD2050858,MERCH016,bank_acct_6250****2800
ORD2044995,MERCH001,bank_acct_5018****0048
ORD2002443,MERCH014,bank_acct_7844****0527
ORD2017480,MERCH008,wrcpvmf@ybl
ORD2030323,MERCH001,bank_acct_6955****8052
ORD2002522,MERCH002,bank_acct_8222****3104
ORD2036569,MERCH019,bank_acct_5651****6858
ORD2005419,MERCH004,bank_acct_8503****3599
ORD2028219,MERCH008,pwhiiep@okicici
ORD2010133,MERCH018,bank_acct_1312****3753
ORD2001583,MERCH005,bank_acct_0275****7733
ORD2022592,MERCH010,bank_acct_0715****3956
ORD2015671,MERCH019,mysj6hv@okicici
ORD2012022,MERCH014,bank_acct_3965****8241
ORD2051400,MERCH015,ymqe1fv@okicici
ORD2034400,MERCH015,bank_acct_2337****9067
ORD2050230,MERCH007,zqqwlzr@ybl
ORD2032598,MERCH005,bank_acct_3504****0691
ORD2046710,MERCH012,nl6skn2@okicici
ORD2026033,MERCH018,bank_acct_1006****2600
ORD2052953,MERCH006,9fsrqot@okaxis
ORD2034904,MERCH001,otxrntz@oksbi
ORD2040379,MERCH018,bank_acct_9599****0527
ORD2016013,MERCH003,iqrozy9@okicici
ORD2057803,MERCH002,t8rvdrt@ybl
ORD2014378,MERCH001,vlzxaho@okaxis
ORD2013216,MERCH015,dbbyg0l@okhdfcbank
ORD2011062,MERCH020,bank_acct_5672****7601
ORD2037830,MERCH010,ocnqgfg@okhdfcbank
ORD2031810,MERCH006,kwki2kz@ybl
ORD2017565,MERCH001,edre6nn@oksbi
ORD2057587,MERCH002,bank_acct_7726****7589
ORD2049101,MERCH016,bank_acct_8850****9878
ORD2015337,MERCH009,bank_acct_2176****3856
ORD2050598,MERCH020,9suatyh@ybl
ORD2019286,MERCH009,bank_acct_5346****1646
ORD2000213,MERCH013,bank_acct_9664****2775
ORD2059055,MERCH012,0kkdmc5@okicici
ORD2017257,MERCH007,bank_acct_9881****0998
ORD2010936,MERCH019,bank_acct_7076****3586
ORD2014597,MERCH017,bank_acct_2385****0497
ORD2017087,MERCH010,bank_acct_0648****1073
ORD2001608,MERCH002,bank_acct_4053****4242
ORD2018955,MERCH006,bank_acct_9526****5771
ORD2051509,MERCH018,6uvyp2a@okhdfcbank
ORD2017914,MERCH019,bank_acct_6932****6393
ORD2036138,MERCH003,bank_acct_3754****8410
ORD2023589,MERCH010,bank_acct_0193****0520
ORD2033215,MERCH003,bank_acct_0083****6624
ORD2045278,MERCH013,rahv2bv@oksbi
ORD2014503,MERCH004,bank_acct_7454****2609
ORD2051903,MERCH005,jtwgrwj@okicici
ORD2009609,MERCH018,bank_acct_8404****5482
ORD2033160,MERCH009,bank_acct_2116****2147
ORD2017246,MERCH014,w8ve08k@ybl
ORD2027166,MERCH007,bank_acct_2973****8703
ORD2005183,MERCH020,bank_acct_4140****3327
ORD2024047,MERCH017,embbock@oksbi
ORD2052203,MERCH011,bank_acct_2257****8656
ORD2053540,MERCH011,badvwud@ybl
ORD2048569,MERCH009,baa0imd@ybl
ORD2045603,MERCH015,bank_acct_1603****3746
ORD2052240,MERCH009,bank_acct_3873****0911
ORD2003722,MERCH008,bank_acct_7997****1457
ORD2028970,MERCH011,qaqbcdt@okaxis
ORD2028960,MERCH011,bank_acct_0731****9191
ORD2026485,MERCH007,e8gvmoc@oksbi
ORD2055232,MERCH015,bznscai@okaxis
ORD2013901,MERCH020,g4unaxn@oksbi
ORD2032433,MERCH011,5hqfjlo@okhdfcbank
ORD2030450,MERCH001,7rjhbpd@okicici
ORD2013353,MERCH005,bank_acct_8698****4450
ORD2025416,MERCH001,bug1box@okhdfcbank
ORD2029599,MERCH020,fiesym6@oksbi
ORD2024303,MERCH016,y7bckmm@ybl
ORD2057075,MERCH001,bank_acct_1737****0543
ORD2022410,MERCH001,q4fwmpf@okhdfcbank
ORD2026950,MERCH006,z1nkh27@okicici
ORD2017736,MERCH014,bank_acct_6061****1504
ORD2022549,MERCH018,5qmu5jg@okicici
ORD2024626,MERCH016,bank_acct_9303****6103
ORD2032847,MERCH010,2urdfpr@oksbi
ORD2046752,MERCH018,pohyhuj@okicici
ORD2032177,MERCH012,bank_acct_2337****9067
ORD2051097,MERCH018,6in5pj7@okicici
ORD2010509,MERCH001,bank_acct_8514****5314
ORD2012718,MERCH015,bank_acct_4818****6143
ORD2027556,MERCH004,3npp4qj@okaxis
ORD2026031,MERCH011,bank_acct_0256****3450
ORD2025014,MERCH020,41y1lgs@ybl
ORD2007772,MERCH012,qimf5hu@okhdfcbank
ORD2037813,MERCH013,x63ztuf@ybl
ORD2016275,MERCH006,ihml6fb@okhdfcbank
ORD2051103,MERCH001,bank_acct_0753****4537
ORD2028241,MERCH004,bank_acct_3709****4464
ORD2049298,MERCH003,bank_acct_6254****4968
ORD2039782,MERCH007,bank_acct_2513****5706
ORD2053730,MERCH015,gmavirw@oksbi
ORD2017779,MERCH001,bank_acct_5590****8452
ORD2019219,MERCH010,bank_acct_8224****6318
ORD2052965,MERCH009,bank_acct_3986****2996
ORD2023471,MERCH012,bank_acct_0459****4698
ORD2025449,MERCH007,bank_acct_6943****0369
ORD2059234,MERCH003,bank_acct_8973****0213
ORD2005287,MERCH020,lmajz7n@okaxis
ORD2043287,MERCH010,y7mk3gg@okaxis
ORD2017879,MERCH008,jwsuixh@okaxis
ORD2059494,MERCH008,4cg1glb@okhdfcbank
ORD2043186,MERCH016,bank_acct_5985****6733
ORD2026154,MERCH012,bank_acct_8179****5223
ORD2047120,MERCH002,bank_acct_6362****7422
ORD2050444,MERCH009,dnug0qg@oksbi
ORD2040624,MERCH016,bank_acct_5669****9121
ORD2013917,MERCH020,bank_acct_9256****3245
ORD2026203,MERCH007,bank_acct_8284****5279
ORD2002148,MERCH017,bank_acct_5315****3249
ORD2015421,MERCH013,bank_acct_4420****3646
ORD2041386,MERCH004,bank_acct_9817****9069
ORD2059911,MERCH009,vmf0znn@okhdfcbank
ORD2009906,MERCH019,oizdavv@ybl
ORD2034082,MERCH017,udw7zrx@okaxis
ORD2048173,MERCH016,bank_acct_1343****9629
ORD2021963,MERCH011,ftdx31l@okicici
ORD2056166,MERCH013,bank_acct_5227****1685
ORD2026855,MERCH019,bank_acct_5097****2063
ORD2054840,MERCH020,0jaft0v@okaxis
ORD2010981,MERCH019,bank_acct_4225****5162
ORD2036294,MERCH006,9cyxsg2@okhdfcbank
ORD2055837,MERCH003,tx1d4xa@okhdfcbank
ORD2016060,MERCH019,bank_acct_1707****2089
ORD2021283,MERCH005,bank_acct_0303****0431
ORD2037773,MERCH003,bank_acct_4384****2339
ORD2001711,MERCH005,bank_acct_9868****2605
ORD2020683,MERCH009,62mypna@oksbi
ORD2026634,MERCH019,ppbay7t@okaxis
ORD2032653,MERCH008,bank_acct_3822****5803
ORD2043777,MERCH004,1ygjobg@okhdfcbank
ORD2005510,MERCH007,gulmbnb@okaxis
ORD2049242,MERCH017,bank_acct_5013****5422
ORD2053181,MERCH018,dkldqbc@okaxis
ORD2017758,MERCH020,bank_acct_9039****5444
ORD2002376,MERCH009,t3pea0r@okhdfcbank
ORD2039518,MERCH018,bxqsyzk@okhdfcbank
ORD2022523,MERCH015,5ozagtb@okaxis
ORD2040040,MERCH001,jukahw7@okhdfcbank
ORD2009729,MERCH014,bank_acct_7685****2745
ORD2028101,MERCH002,f9obxvj@oksbi
ORD2025018,MERCH011,cdn1wsi@ybl
ORD2005704,MERCH014,bank_acct_7327****2409
ORD2048687,MERCH014,pej2f1i@okhdfcbank
ORD2003341,MERCH009,88cuyek@okhdfcbank
ORD2001158,MERCH004,ofci73c@okicici
ORD2006076,MERCH017,kw0blca@okicici
ORD2019662,MERCH015,bank_acct_6603****4026
ORD2004884,MERCH016,bank_acct_8207****3206
ORD2028122,MERCH012,bank_acct_0256****3450
ORD2015321,MERCH008,nkux7pt@okaxis
ORD2024720,MERCH002,barbqn9@oksbi
ORD2019059,MERCH009,mmcmtxa@okhdfcbank
ORD2006473,MERCH014,0ov6gh3@oksbi
ORD2022291,MERCH018,bank_acct_1721****3523
ORD2006151,MERCH015,x2lb7e2@ybl
ORD2023350,MERCH011,bank_acct_0491****7307
ORD2052813,MERCH001,kupvbxa@okicici
ORD2015273,MERCH013,bank_acct_3689****2038
ORD2036096,MERCH007,bank_acct_8320****5410
ORD2023421,MERCH011,4kchdqp@okicici
ORD2026186,MERCH003,bank_acct_6735****1782
ORD2053555,MERCH019,uijmpww@okhdfcbank
ORD2029102,MERCH001,bank_acct_9155****1847
ORD2012057,MERCH008,whlvhfh@okaxis
ORD2058624,MERCH014,40ii7ec@ybl
ORD2050589,MERCH003,2wdbpii@okhdfcbank
ORD2010879,MERCH008,bank_acct_9648****9837
ORD2001080,MERCH007,7c7avwo@ybl
ORD2048664,MERCH006,boi7awe@okaxis
ORD2038273,MERCH011,zqjpejd@okaxis
ORD2050806,MERCH010,qlwpu2k@oksbi
ORD2017921,MERCH003,adwfzbn@oksbi
ORD2045692,MERCH004,rzp4og2@okaxis
ORD2016428,MERCH001,bank_acct_2777****5911
ORD2012068,MERCH016,jyko68a@okaxis
ORD2029855,MERCH014,ajeehw0@okaxis
ORD2036832,MERCH001,otxrntz@oksbi
ORD2020030,MERCH019,bank_acct_1273****1202
ORD2039706,MERCH011,bank_acct_6583****7343
ORD2011087,MERCH009,xdwqff9@okaxis
ORD2012006,MERCH008,i20e4na@okaxis
ORD2032428,MERCH004,bank_acct_6535****8542
ORD2047223,MERCH016,bank_acct_8371****6545
ORD2017533,MERCH008,bank_acct_4588****5002
ORD2048774,MERCH011,a5laawj@okaxis
ORD2038256,MERCH002,ffrhzws@okicici
ORD2056394,MERCH011,umgvlik@okicici
ORD2029708,MERCH017,kydy8x6@okaxis
ORD2012865,MERCH008,llylial@okicici
ORD2026167,MERCH003,yxkrpnh@okaxis
ORD2039064,MERCH020,bank_acct_2402****6791
ORD2006776,MERCH020,snv4h35@okaxis
ORD2057255,MERCH015,mljbt8w@okaxis
ORD2024161,MERCH004,bank_acct_3000****5055
ORD2043432,MERCH015,bank_acct_9760****1828
ORD2025722,MERCH018,bank_acct_0558****1523
ORD2040057,MERCH003,bank_acct_5621****5355
ORD2027015,MERCH002,kjb3sem@ybl
ORD2021106,MERCH002,bank_acct_9273****2715
ORD2043398,MERCH013,bank_acct_3920****4358
ORD2020177,MERCH011,gduzkzk@okhdfcbank
ORD2025009,MERCH003,bank_acct_3607****7455
ORD2016943,MERCH005,bank_acct_2197****4474
ORD2048093,MERCH002,bank_acct_8894****0604
ORD2025811,MERCH015,ngkicki@okaxis
ORD2042521,MERCH002,exhloow@okicici
ORD2032567,MERCH010,jlf3bvc@okhdfcbank
ORD2057821,MERCH020,esuljry@okicici
ORD2057205,MERCH007,bank_acct_5232****5668
ORD2053164,MERCH003,bank_acct_1257****6935
ORD2007600,MERCH004,bank_acct_2686****3432
ORD2018658,MERCH002,bank_acct_6622****8920
ORD2003158,MERCH018,bank_acct_0892****7605
ORD2004289,MERCH002,bank_acct_1604****5227
ORD2007343,MERCH010,bank_acct_4504****4804
ORD2020401,MERCH006,bank_acct_5013****5422
ORD2029459,MERCH013,bank_acct_3442****4419
ORD2008779,MERCH004,bank_acct_0037****0915
ORD2026676,MERCH020,bank_acct_5766****4286
ORD2057422,MERCH014,ue9u9zr@okhdfcbank
ORD2051450,MERCH008,bank_acct_2825****6706
ORD2040589,MERCH020,bicerud@okicici
ORD2029920,MERCH020,fbhgomb@ybl
ORD2015434,MERCH001,bank_acct_2764****9711
ORD2033809,MERCH015,bank_acct_0975****3251
ORD2001411,MERCH013,9iqb8o2@okicici
ORD2041226,MERCH015,cfnzfbs@ybl
ORD2007491,MERCH005,otxrntz@oksbi
ORD2028278,MERCH020,bank_acct_0638****4718
ORD2018847,MERCH009,euykdp3@okaxis
ORD2050187,MERCH017,bank_acct_0818****3793
ORD2027632,MERCH001,amothzn@oksbi
ORD2040284,MERCH015,otjqb06@okaxis
ORD2022284,MERCH017,bank_acct_2082****1434
ORD2024772,MERCH011,bank_acct_6180****5964
ORD2043521,MERCH019,bank_acct_0068****3328
ORD2012312,MERCH007,zzgajg5@okhdfcbank
ORD2012717,MERCH004,p427aho@ybl
ORD2056310,MERCH004,bank_acct_8901****4447
ORD2032541,MERCH001,valvth9@oksbi
ORD2054619,MERCH020,qeezhsh@okhdfcbank
ORD2003942,MERCH003,bank_acct_4383****0309
ORD2032521,MERCH019,bank_acct_3300****3418
ORD2017328,MERCH007,bank_acct_2433****9756
ORD2034755,MERCH019,bank_acct_3001****8425
ORD2035525,MERCH013,bank_acct_7453****6752
ORD2006863,MERCH012,jq9rcqz@okaxis
ORD2043954,MERCH014,bank_acct_0442****7342
ORD2049817,MERCH016,8dgeraf@oksbi
ORD2056870,MERCH020,bank_acct_5333****8264
ORD2053440,MERCH015,bank_acct_9563****9373
ORD2022100,MERCH006,bank_acct_8751****0999
ORD2000030,MERCH008,rjeirpr@ybl
ORD2008507,MERCH019,bank_acct_7453****6752
ORD2041915,MERCH002,orqgjgo@okicici
ORD2026958,MERCH005,bgkjlpv@ybl
ORD2055703,MERCH010,bank_acct_7014****0409
ORD2018967,MERCH019,dqcpogd@ybl
ORD2022894,MERCH014,bank_acct_0044****8250
ORD2025151,MERCH017,bank_acct_6977****6740
ORD2058189,MERCH012,ttmd4uf@okaxis
ORD2016490,MERCH010,kbkuweh@oksbi
ORD2045076,MERCH019,bank_acct_0796****9145
ORD2039927,MERCH018,eazoyeb@okhdfcbank
ORD2002616,MERCH005,bank_acct_0952****6593
ORD2001958,MERCH005,bank_acct_5880****5901
ORD2022314,MERCH016,bank_acct_3173****3272
ORD2027028,MERCH010,ltoc00w@okhdfcbank
ORD2045719,MERCH020,bank_acct_7323****4693
ORD2039330,MERCH011,bank_acct_1281****3693
ORD2015325,MERCH010,bank_acct_9549****4123
ORD2020960,MERCH012,bank_acct_0464****2093
ORD2003387,MERCH001,bank_acct_7564****9891
ORD2013739,MERCH002,boqikqk@oksbi
ORD2053789,MERCH002,usmlb6v@okicici
ORD2043013,MERCH008,6k63jtu@okicici
ORD2009024,MERCH002,boqikqk@oksbi
ORD2025146,MERCH014,1cbtm4z@okicici
ORD2014676,MERCH012,bank_acct_2129****1302
ORD2002840,MERCH007,afqyuy1@oksbi
ORD2023115,MERCH008,mkdbk6n@okhdfcbank
ORD2027485,MERCH003,bank_acct_0064****9378
ORD2010916,MERCH011,exqkq0c@okhdfcbank
ORD2039809,MERCH007,bht3mqf@okicici
ORD2036034,MERCH016,cvesrve@okaxis
ORD2025945,MERCH014,bank_acct_8017****6034
ORD2045934,MERCH020,siagfol@oksbi
ORD2039052,MERCH011,82jo5f7@okaxis
ORD2004724,MERCH019,bank_acct_9182****9335
ORD2040164,MERCH019,bwdhkki@ybl
ORD2039024,MERCH011,bank_acct_2727****7640
ORD2057889,MERCH020,x391igq@okicici
ORD2017043,MERCH010,atwhjiv@okaxis
ORD2023830,MERCH014,le8l1bb@okhdfcbank
ORD2013672,MERCH011,bank_acct_5854****8164
ORD2030565,MERCH006,bank_acct_2368****9882
ORD2051298,MERCH004,bank_acct_2436****0566
ORD2015858,MERCH015,caapecq@ybl
ORD2040720,MERCH002,bank_acct_3904****2192
ORD2048132,MERCH016,bank_acct_5789****9283
ORD2052696,MERCH008,uzqzb1o@okaxis
ORD2028022,MERCH001,bank_acct_0332****5450
ORD2026048,MERCH008,krj7xlc@okicici
ORD2039872,MERCH008,o5s191q@okaxis
ORD2026714,MERCH015,hcrekef@okaxis
ORD2038001,MERCH009,euykdp3@okaxis
ORD2021616,MERCH008,bank_acct_2442****0761
ORD2041415,MERCH016,bank_acct_3558****8022
ORD2045712,MERCH011,bank_acct_4293****9592
ORD2042768,MERCH013,bank_acct_4699****1989
ORD2009708,MERCH007,bank_acct_8618****3816
ORD2008065,MERCH013,bank_acct_3137****3412
ORD2019999,MERCH006,bank_acct_0921****4511
ORD2010733,MERCH001,fnjtjca@okhdfcbank
ORD2038681,MERCH012,zbugvvz@okaxis
ORD2053376,MERCH001,bank_acct_2597****7248
ORD2038628,MERCH003,bank_acct_8952****4810
ORD2018912,MERCH012,bank_acct_7072****8840
ORD2038903,MERCH001,bank_acct_2139****1009
ORD2024081,MERCH018,bank_acct_8026****3300
ORD2033013,MERCH004,ngqqgt3@okaxis
ORD2000758,MERCH005,jgrepfo@oksbi
ORD2036359,MERCH010,mgamvxw@okicici
ORD2026625,MERCH015,bank_acct_9180****4147
ORD2014502,MERCH007,xx7prft@okaxis
ORD2008450,MERCH019,bank_acct_9817****5643
ORD2058403,MERCH012,gnxgdev@okicici
ORD2006623,MERCH002,lygyc4p@okhdfcbank
ORD2021849,MERCH001,6lmzxp7@okaxis
ORD2002160,MERCH007,bank_acct_6228****7684
ORD2028711,MERCH007,bank_acct_7751****8675
ORD2043932,MERCH010,bank_acct_1403****0885
ORD2043525,MERCH006,bank_acct_3620****5269
ORD2011445,MERCH008,bank_acct_1260****7773
ORD2050002,MERCH009,bank_acct_5194****9932
ORD2057960,MERCH006,3d9nlkt@okhdfcbank
ORD2021797,MERCH011,bank_acct_6201****4062
ORD2028001,MERCH018,bank_acct_5181****6555
ORD2031112,MERCH008,bank_acct_7926****2201
ORD2022629,MERCH006,kszokrd@okicici
ORD2008940,MERCH007,bank_acct_2796****5096
ORD2032620,MERCH001,9jrbr9h@oksbi
ORD2022190,MERCH006,gl16s7l@okhdfcbank
ORD2050780,MERCH009,n1xs3nt@oksbi
ORD2012126,MERCH004,bank_acct_9383****8862
ORD2029205,MERCH001,l2n94nq@okhdfcbank
ORD2005412,MERCH005,bank_acct_3886****7219
ORD2002998,MERCH013,fm0vm6e@okhdfcbank
ORD2000764,MERCH004,qjuerhg@okhdfcbank
ORD2043110,MERCH011,koade4o@okhdfcbank
ORD2015245,MERCH007,bank_acct_3321****0751
ORD2020768,MERCH010,bank_acct_1726****8639
ORD2022654,MERCH015,263t6kl@okaxis
ORD2021858,MERCH008,bank_acct_8719****9246
ORD2059343,MERCH012,51ehpvg@ybl
ORD2047780,MERCH012,zncam8x@okhdfcbank
ORD2038054,MERCH006,46nuptt@oksbi
ORD2010157,MERCH017,bank_acct_2584****5498
ORD2037780,MERCH020,khege79@okhdfcbank
ORD2042491,MERCH014,bank_acct_6735****2190
ORD2036004,MERCH003,ovvfnlf@okaxis
ORD2017220,MERCH004,bank_acct_5463****2527
ORD2027959,MERCH005,d90rddj@okhdfcbank
ORD2029296,MERCH005,zolbkw4@okhdfcbank
ORD2059470,MERCH007,bank_acct_4330****0841
ORD2052155,MERCH007,tro4iai@oksbi
ORD2020168,MERCH018,bank_acct_4014****8347
ORD2005052,MERCH013,bank_acct_6664****4378
ORD2052304,MERCH012,6hv3wkd@ybl
ORD2034965,MERCH011,cbs4qpv@okaxis
ORD2017286,MERCH020,bank_acct_9010****9673
ORD2011134,MERCH014,bank_acct_5430****0404
ORD2014121,MERCH017,bank_acct_5232****5668
ORD2045450,MERCH014,vcoedgj@okhdfcbank
ORD2029657,MERCH020,bank_acct_5217****6192
ORD2058216,MERCH019,y7nba92@oksbi
ORD2034803,MERCH007,fhbrggj@oksbi
ORD2019785,MERCH018,oxudnf0@okhdfcbank
ORD2024088,MERCH010,bank_acct_6575****2215
ORD2048006,MERCH005,bank_acct_8458****5941
ORD2040970,MERCH011,bank_acct_4668****6897
ORD2020615,MERCH008,bank_acct_2673****7737
ORD2041191,MERCH002,ev2ymld@oksbi
ORD2004013,MERCH009,bank_acct_9404****3292
ORD2017918,MERCH005,v8r8so9@okicici
ORD2045594,MERCH017,bank_acct_4167****8235
ORD2028624,MERCH020,bank_acct_0558****1523
ORD2058754,MERCH007,yvvyxpq@ybl
ORD2015817,MERCH003,h19motq@okhdfcbank
ORD2019639,MERCH016,ai7dyuk@okicici
ORD2017673,MERCH020,av1dan4@ybl
ORD2005247,MERCH003,iwrad9z@ybl
ORD2039214,MERCH008,ftdx31l@okicici
ORD2012268,MERCH017,bank_acct_3148****5886
ORD2030857,MERCH012,bank_acct_2710****3834
ORD2010052,MERCH016,fkcj8do@oksbi
ORD2015301,MERCH013,boqikqk@oksbi
ORD2051558,MERCH006,luhepun@oksbi
ORD2049146,MERCH011,mtdnnnh@oksbi
ORD2005439,MERCH012,nfptgoy@okhdfcbank
ORD2007056,MERCH017,bank_acct_9390****9641
ORD2010794,MERCH016,bank_acct_5568****4413
ORD2045258,MERCH016,kfvkk2u@okaxis
ORD2026194,MERCH016,zljl8ia@okhdfcbank
ORD2024092,MERCH009,xxihiez@ybl
ORD2020863,MERCH019,bank_acct_2670****9340
ORD2012691,MERCH013,bank_acct_9647****2478
ORD2036805,MERCH019,6o6timl@okaxis
ORD2028282,MERCH002,bank_acct_6974****1900
ORD2046245,MERCH007,mjj5bms@oksbi
ORD2054593,MERCH008,bank_acct_1258****0250
ORD2044353,MERCH007,2shls5r@okaxis
ORD2052230,MERCH015,bank_acct_8722****6963
ORD2005512,MERCH008,94os95y@ybl
ORD2036848,MERCH013,bank_acct_0569****5849
ORD2012323,MERCH007,5cu2yos@okhdfcbank
ORD2014644,MERCH010,kver7za@okaxis
ORD2041346,MERCH014,bank_acct_4786****9590
ORD2031901,MERCH013,bank_acct_2865****0504
ORD2055230,MERCH019,3mvht3w@okhdfcbank
ORD2009619,MERCH006,bank_acct_0315****0224
ORD2002253,MERCH012,bank_acct_1620****4956
ORD2023041,MERCH009,t5sicyw@okicici
ORD2017398,MERCH018,l2h8csg@okicici
ORD2045958,MERCH003,bank_acct_8510****2418
ORD2020228,MERCH005,j3qzc4e@okhdfcbank
ORD2049590,MERCH003,bank_acct_7230****7973
ORD2013474,MERCH010,2ft5uhy@okhdfcbank
ORD2057106,MERCH015,elekyri@oksbi
ORD2048072,MERCH017,om5cvun@okaxis
ORD2039240,MERCH012,bank_acct_0497****9375
ORD2047571,MERCH008,bank_acct_8874****6113
ORD2000385,MERCH019,mvzz7gw@ybl
ORD2052215,MERCH002,9zxzasn@okaxis
ORD2052357,MERCH015,bank_acct_8824****2458
ORD2040299,MERCH017,dkr8gfu@okaxis
ORD2047516,MERCH020,bank_acct_8357****4358
ORD2039314,MERCH011,lkucp4i@okhdfcbank
ORD2029077,MERCH014,bank_acct_8266****2354
ORD2023269,MERCH015,fufoypw@okaxis
ORD2050463,MERCH015,bank_acct_1631****3854
ORD2051107,MERCH014,zmo4fwh@okicici
ORD2012321,MERCH014,xiwlc2h@oksbi
ORD2028623,MERCH012,e3vsr3y@oksbi
ORD2028426,MERCH016,bank_acct_0459****4108
ORD2034639,MERCH011,bank_acct_4334****9428
ORD2054926,MERCH009,bank_acct_2675****3559
ORD2054383,MERCH013,bank_acct_5063****2677
ORD2057435,MERCH001,xvxu00b@ybl
ORD2038424,MERCH006,bank_acct_0563****9636
ORD2040510,MERCH015,yrqtzek@okhdfcbank
ORD2012173,MERCH008,nks1rlv@ybl
ORD2054479,MERCH009,bank_acct_4211****0087
ORD2041952,MERCH003,bank_acct_0915****8025
ORD2045338,MERCH012,0nv0vj5@okaxis
ORD2054817,MERCH003,tck7zpr@ybl
ORD2053498,MERCH010,bank_acct_8294****2969
ORD2028069,MERCH017,bank_acct_0862****3860
ORD2009353,MERCH017,bank_acct_2441****7188
ORD2029628,MERCH018,ttgaalb@okhdfcbank
ORD2006474,MERCH003,bank_acct_1084****3396
ORD2046735,MERCH009,bank_acct_7374****1401
ORD2028891,MERCH009,vcoedgj@okhdfcbank
ORD2045456,MERCH004,umfc6dp@ybl
ORD2024158,MERCH004,bank_acct_1720****6396
ORD2022403,MERCH003,crqglqa@oksbi
ORD2012093,MERCH012,bank_acct_4952****2155
ORD2014727,MERCH002,bz6rrly@okicici
ORD2053171,MERCH018,bank_acct_6881****2811
ORD2013445,MERCH007,bank_acct_9104****5237
ORD2039964,MERCH011,bank_acct_8098****4144
ORD2024570,MERCH007,bank_acct_9091****1464
ORD2030499,MERCH011,w2hl8bo@okicici
ORD2009516,MERCH009,bank_acct_8549****6118
ORD2047411,MERCH010,altljlq@okaxis
ORD2025003,MERCH009,q4xyic8@okicici
ORD2021911,MERCH007,u1ow3zu@okicici
ORD2055150,MERCH020,vvppslg@ybl
ORD2018346,MERCH005,bank_acct_7178****5085
ORD2033493,MERCH018,a0ravcy@ybl
ORD2007047,MERCH009,bank_acct_5167****2900
ORD2022710,MERCH001,cezbbhg@ybl
ORD2023773,MERCH010,scfctnb@okhdfcbank
ORD2039346,MERCH010,g8pqxv7@okicici
ORD2046897,MERCH016,bank_acct_6008****0880
ORD2001607,MERCH013,7o2cay1@okhdfcbank
ORD2012135,MERCH014,bvguo68@oksbi
ORD2048702,MERCH001,bank_acct_3720****5421
ORD2015559,MERCH016,bank_acct_5307****9680
ORD2011871,MERCH017,bank_acct_8350****1644
ORD2010574,MERCH005,bank_acct_9255****5015
ORD2036590,MERCH013,9btmxxg@ybl
ORD2025978,MERCH008,bank_acct_4241****8587
ORD2034448,MERCH008,eiug915@okicici
ORD2000932,MERCH007,ebbdf1z@oksbi
ORD2041569,MERCH016,bank_acct_4772****3349
ORD2016782,MERCH008,bank_acct_3325****4779
ORD2057339,MERCH017,bank_acct_0114****0532
ORD2049071,MERCH019,qfdhjpk@okicici
ORD2006044,MERCH018,htjao9b@okicici
ORD2031409,MERCH015,bank_acct_7397****0655
ORD2046186,MERCH015,bank_acct_1425****4897
ORD2011963,MERCH011,bank_acct_1841****0232
ORD2013287,MERCH003,pid23vy@okhdfcbank
ORD2021213,MERCH011,su3q1it@oksbi
ORD2048136,MERCH007,bank_acct_6952****0300
ORD2024728,MERCH014,bank_acct_4237****2285
ORD2026879,MERCH014,bank_acct_9819****9577
ORD2025569,MERCH010,mkdbk6n@okhdfcbank
ORD2036678,MERCH015,bank_acct_6395****1404
ORD2055768,MERCH018,ipzjhvz@oksbi
ORD2049548,MERCH001,bank_acct_4252****3395
ORD2012159,MERCH012,suohpbd@oksbi
ORD2048034,MERCH005,bank_acct_4012****6680
ORD2045239,MERCH019,ctd7oai@okhdfcbank
ORD2006451,MERCH020,bank_acct_5013****5422
ORD2010462,MERCH010,daal4r3@oksbi
ORD2024011,MERCH001,bank_acct_2318****8791
ORD2004278,MERCH016,ecyikod@okhdfcbank
ORD2037796,MERCH012,blsluem@okhdfcbank
ORD2031690,MERCH011,bank_acct_5806****8301
ORD2008174,MERCH008,g6tm1xp@okicici
ORD2032438,MERCH014,8sllt0y@okaxis
ORD2008030,MERCH014,2vciwbt@okaxis
ORD2021806,MERCH013,bank_acct_1691****9040
ORD2056097,MERCH018,bank_acct_5159****4089
ORD2034873,MERCH010,nmnoqit@okicici
ORD2014733,MERCH011,bank_acct_6448****9764
ORD2023210,MERCH019,bank_acct_5546****2809
ORD2050575,MERCH001,bbs7kfe@oksbi
ORD2019079,MERCH019,edrgbgu@oksbi
ORD2013358,MERCH002,krzzev4@okhdfcbank
ORD2000449,MERCH005,8dynvbw@okaxis
ORD2037894,MERCH005,bank_acct_4028****8141
ORD2039104,MERCH011,bank_acct_5130****4642
ORD2041206,MERCH019,n4xdodd@ybl
ORD2022675,MERCH020,2qns3bw@ybl
ORD2005707,MERCH020,nhdrcb2@okicici
ORD2007623,MERCH019,7423btb@ybl
ORD2049069,MERCH013,bank_acct_3383****0330
ORD2028883,MERCH013,qwm5df5@okicici
ORD2027477,MERCH007,wl0c8kb@oksbi
ORD2031215,MERCH013,3gvcruk@oksbi
ORD2054881,MERCH003,bank_acct_2228****9822
ORD2026537,MERCH018,vomweeh@okicici
ORD2010864,MERCH013,bank_acct_3971****9141
ORD2017646,MERCH007,tg3yzvy@okicici
ORD2023493,MERCH016,bank_acct_5077****0865
ORD2029179,MERCH004,bank_acct_9738****4926
ORD2025434,MERCH017,bank_acct_0818****3793
ORD2044810,MERCH015,vfz29dc@okicici
ORD2035266,MERCH010,bank_acct_6235****3460
ORD2029487,MERCH003,bank_acct_4347****9348
ORD2048695,MERCH006,f3bpcx1@okhdfcbank
ORD2000953,MERCH004,a61qzwk@okhdfcbank
ORD2055812,MERCH018,azhjcif@okhdfcbank
ORD2037079,MERCH006,m56ojig@oksbi
ORD2014088,MERCH002,a2bkndq@ybl
ORD2040927,MERCH020,nqascku@okicici
ORD2013304,MERCH016,bank_acct_1605****0042
ORD2029305,MERCH001,bank_acct_2348****0275
ORD2017412,MERCH006,bank_acct_0494****6312
ORD2040277,MERCH007,lx0m7va@okhdfcbank
ORD2053638,MERCH003,naw9tas@oksbi
ORD2014854,MERCH013,phpilll@okaxis
ORD2014572,MERCH010,zhwzbie@okicici
ORD2055351,MERCH007,stbg8z3@okhdfcbank
ORD2021916,MERCH008,rb14iub@ybl
ORD2041698,MERCH010,vecw26k@oksbi
ORD2007266,MERCH017,rkr185c@oksbi
ORD2023048,MERCH003,1qeeppj@okhdfcbank
ORD2010452,MERCH015,bank_acct_4355****4145
ORD2028769,MERCH002,bank_acct_5698****0901
ORD2056477,MERCH012,bank_acct_8084****9783
ORD2041529,MERCH017,gjeu5xh@ybl
ORD2014662,MERCH001,2faubnp@okaxis
ORD2046977,MERCH006,bank_acct_8653****6137
ORD2049804,MERCH011,bank_acct_8942****4947
ORD2057908,MERCH014,bank_acct_3419****5690
ORD2049304,MERCH013,bank_acct_4115****0543
ORD2004921,MERCH006,yxqxm1v@okaxis
ORD2008577,MERCH004,p9lww8v@okhdfcbank
ORD2034987,MERCH005,gob9gaz@ybl
ORD2037505,MERCH018,s2l62th@okaxis
ORD2019085,MERCH014,bank_acct_0332****3024
ORD2037149,MERCH016,bank_acct_2332****2437
ORD2022286,MERCH003,bank_acct_0201****6752
ORD2018418,MERCH013,q7thptv@okicici
ORD2046723,MERCH007,mlawkph@ybl
ORD2049792,MERCH005,hqcb7ii@ybl
ORD2041287,MERCH007,bank_acct_6747****0747
ORD2008499,MERCH010,bank_acct_2033****6680
ORD2029127,MERCH003,iqrozy9@okicici
ORD2019676,MERCH006,lg4aoby@ybl
ORD2023988,MERCH020,bank_acct_6272****9762
ORD2040852,MERCH019,eqhhmqb@okaxis
ORD2030419,MERCH010,xiu1rhc@oksbi
ORD2008226,MERCH019,crgayls@ybl
ORD2058911,MERCH007,lcyh2dh@okicici
ORD2009668,MERCH017,bank_acct_9614****3500
ORD2023805,MERCH015,bank_acct_7647****4508
ORD2049075,MERCH009,cxnh6it@okaxis
ORD2030210,MERCH007,bank_acct_4640****4276
ORD2028831,MERCH001,qj8zgbi@oksbi
ORD2035123,MERCH005,dstzola@oksbi
ORD2048077,MERCH015,bank_acct_3167****0603
ORD2059655,MERCH003,0vjtjo0@oksbi
ORD2032877,MERCH013,bank_acct_8441****3469
ORD2042465,MERCH020,bank_acct_2180****9673
ORD2033690,MERCH008,vrodenj@okaxis
ORD2027090,MERCH013,boqikqk@oksbi
ORD2056889,MERCH003,vcoedgj@okhdfcbank
ORD2015093,MERCH015,jdtrt5i@okicici
ORD2005896,MERCH015,bank_acct_5420****1849
ORD2018191,MERCH018,bank_acct_0558****1523
ORD2056280,MERCH003,d9hhgfv@okicici
ORD2005554,MERCH010,bank_acct_7949****5751
ORD2021630,MERCH015,fxw9pis@okhdfcbank
ORD2007694,MERCH012,bank_acct_9599****6851
ORD2038635,MERCH010,fdr6pik@oksbi
ORD2030598,MERCH013,bank_acct_9801****6287
ORD2009007,MERCH020,bank_acct_8391****1154
ORD2040638,MERCH006,x55wjhl@oksbi
ORD2055287,MERCH014,bank_acct_3657****8017
ORD2021059,MERCH008,bank_acct_9447****8704
ORD2046535,MERCH006,bank_acct_8798****2988
ORD2027235,MERCH020,bank_acct_9206****1077
ORD2053473,MERCH014,x5tjsr3@ybl
ORD2038494,MERCH015,bank_acct_9943****7694
ORD2031697,MERCH013,bank_acct_3146****2362
ORD2013620,MERCH006,bank_acct_4097****8833
ORD2021118,MERCH019,bank_acct_5449****4117
ORD2050512,MERCH004,bank_acct_3301****4961
ORD2010268,MERCH013,bank_acct_3560****4258
ORD2010656,MERCH002,9lqw9dm@okicici
ORD2011681,MERCH008,bank_acct_8376****7716
ORD2022758,MERCH006,bank_acct_9136****2600
ORD2020261,MERCH009,vug6u0s@okicici
ORD2037006,MERCH018,uafd1f5@ybl
ORD2037134,MERCH010,bank_acct_7417****5999
ORD2017702,MERCH003,bank_acct_2350****6445
ORD2053187,MERCH007,tfgeuhe@ybl
ORD2021482,MERCH016,bank_acct_6720****7430
ORD2024061,MERCH014,4vweiir@ybl
ORD2038745,MERCH018,xcsgapc@oksbi
ORD2009855,MERCH004,bank_acct_6614****8905
ORD2011789,MERCH012,bank_acct_8339****6130
ORD2034771,MERCH003,bank_acct_4148****1431
ORD2003862,MERCH004,bank_acct_2888****0599
ORD2034176,MERCH017,bawgm39@okhdfcbank
ORD2032453,MERCH011,bank_acct_0472****8607
ORD2045601,MERCH014,bank_acct_5669****2694
ORD2053629,MERCH015,zu6onot@okicici
ORD2010845,MERCH006,1lbfouh@oksbi
ORD2007525,MERCH009,nzef5qn@okhdfcbank
ORD2007882,MERCH007,bank_acct_4546****3098
ORD2018291,MERCH017,qjpifiq@okaxis
ORD2003753,MERCH002,chukzpn@ybl
ORD2032910,MERCH015,bank_acct_9034****5830
ORD2052330,MERCH001,bank_acct_6360****6995
ORD2051912,MERCH003,shjgu04@ybl
ORD2025850,MERCH015,ihjw4cx@okhdfcbank
ORD2000268,MERCH013,pxm9dgi@ybl
ORD2048435,MERCH011,bank_acct_0151****5054
ORD2050373,MERCH013,bbkvrlu@okicici
ORD2024478,MERCH007,iy9dnmk@okaxis
ORD2013396,MERCH013,bank_acct_5190****9564
ORD2026936,MERCH002,jt7v3gc@ybl
ORD2005995,MERCH001,prnpuqd@okhdfcbank
ORD2056100,MERCH009,bank_acct_0334****4747
ORD2056627,MERCH004,bank_acct_6110****6856
ORD2036122,MERCH005,79jpacv@ybl
ORD2033629,MERCH011,w7936jf@oksbi
ORD2006466,MERCH015,c4bnrln@okhdfcbank
ORD2012604,MERCH016,bank_acct_0111****4490
ORD2047544,MERCH015,ok0ocjs@ybl
ORD2054050,MERCH003,bank_acct_6039****7737
ORD2008928,MERCH003,bank_acct_6087****1628
ORD2017344,MERCH018,mrulgkf@okhdfcbank
ORD2022343,MERCH008,bank_acct_1844****7137
ORD2001888,MERCH015,gobv4ed@okaxis
ORD2041110,MERCH005,bank_acct_2719****3871
ORD2050615,MERCH016,bank_acct_9410****8247
ORD2039514,MERCH009,aigzcks@okicici
ORD2043085,MERCH006,rtp89k5@okhdfcbank
ORD2047270,MERCH014,ftdx31l@okicici
ORD2018639,MERCH020,bank_acct_7100****7857
ORD2006614,MERCH004,bank_acct_2168****6011
ORD2034886,MERCH006,bank_acct_6145****0269
ORD2046513,MERCH010,bank_acct_7080****9830
ORD2025034,MERCH004,bank_acct_7621****2019
ORD2022706,MERCH018,bank_acct_6744****1921
ORD2031400,MERCH013,bank_acct_9272****7396
ORD2019515,MERCH006,bank_acct_7624****7350
ORD2028169,MERCH003,bgobqhr@okhdfcbank
ORD2032970,MERCH001,bank_acct_4086****0827
ORD2025614,MERCH009,bank_acct_7714****9359
ORD2032028,MERCH005,bank_acct_2886****3081
ORD2058854,MERCH003,bank_acct_6254****4968
ORD2004225,MERCH006,bank_acct_4846****8331
ORD2001296,MERCH007,bank_acct_2158****4548
ORD2026249,MERCH010,bank_acct_8017****6034
ORD2027309,MERCH018,bank_acct_2031****7343
ORD2022205,MERCH007,reelez9@okicici
ORD2038244,MERCH015,bank_acct_4788****0980
ORD2024657,MERCH010,bank_acct_8017****6034
ORD2001126,MERCH017,iytvonz@okhdfcbank
ORD2024812,MERCH004,viix3fn@oksbi
ORD2043669,MERCH013,bank_acct_3799****6449
ORD2024717,MERCH010,bank_acct_8583****2979
ORD2059812,MERCH015,bank_acct_5344****2553
ORD2001083,MERCH002,bank_acct_8351****7865
ORD2056156,MERCH020,vs8bkst@okaxis
ORD2040744,MERCH001,bank_acct_2921****6175
ORD2036882,MERCH002,bank_acct_8855****5981
ORD2028318,MERCH013,bank_acct_8937****4809
ORD2025631,MERCH007,bank_acct_6985****9816
ORD2037913,MERCH008,bank_acct_7502****2437
ORD2031786,MERCH012,bank_acct_1800****9873
ORD2000265,MERCH008,bank_acct_0724****3510
ORD2043790,MERCH007,bank_acct_7970****5470
ORD2037253,MERCH003,czuwtk8@ybl
ORD2007637,MERCH001,2hwj0hm@okaxis
ORD2038601,MERCH014,bank_acct_7408****5282
ORD2026803,MERCH017,bank_acct_5315****3249
ORD2009236,MERCH011,bank_acct_3989****0157
ORD2051818,MERCH006,bank_acct_6008****0880
ORD2018425,MERCH003,7u1imke@okicici
ORD2048610,MERCH008,yaklxsv@oksbi
ORD2002505,MERCH004,rut4eqo@okhdfcbank
ORD2027832,MERCH006,kjidslw@okicici
ORD2053698,MERCH006,zhejfhy@okaxis
ORD2046954,MERCH002,bank_acct_5889****1821
ORD2005561,MERCH014,scdgfnc@oksbi
ORD2034044,MERCH017,nknltmd@oksbi
ORD2000740,MERCH004,8nb7xbx@okhdfcbank
ORD2018530,MERCH011,bank_acct_8126****5078
ORD2010872,MERCH011,bank_acct_1143****5572
ORD2044717,MERCH018,m6rbg6h@ybl
ORD2011726,MERCH007,hzyhvso@okhdfcbank
ORD2035771,MERCH020,16nzz7x@ybl
ORD2054570,MERCH007,azcrhgb@ybl
ORD2038338,MERCH018,bekwnhy@oksbi
ORD2036342,MERCH013,p9knocc@oksbi
ORD2044545,MERCH014,bank_acct_7541****6616
ORD2042572,MERCH004,8jjet7x@okaxis
ORD2029995,MERCH008,bank_acct_0010****2598
ORD2027318,MERCH007,cyjdnx1@ybl
ORD2032236,MERCH004,ddpeygo@oksbi
ORD2023430,MERCH012,bank_acct_1179****3208
ORD2016407,MERCH011,bank_acct_7054****7568
ORD2018460,MERCH006,dltfnal@okaxis
ORD2057497,MERCH001,bank_acct_4594****6236
ORD2025940,MERCH013,gzibszu@okaxis
ORD2005310,MERCH011,bank_acct_2784****2376
ORD2033570,MERCH001,bank_acct_1760****1774
ORD2037561,MERCH013,riidy6p@okaxis
ORD2017135,MERCH010,mkdbk6n@okhdfcbank
ORD2026174,MERCH008,bank_acct_2044****5217
ORD2001668,MERCH003,n9la3ad@okicici
ORD2056693,MERCH009,gtksajp@okhdfcbank
ORD2042270,MERCH020,bank_acct_1245****3187
ORD2004122,MERCH012,bank_acct_0705****5970
ORD2046703,MERCH002,lkmtlna@okaxis
ORD2013076,MERCH003,dht1z5e@oksbi
ORD2045298,MERCH007,bank_acct_2074****8959
ORD2048424,MERCH014,bank_acct_9400****6535
ORD2036148,MERCH010,bank_acct_6643****4574
ORD2042901,MERCH020,bank_acct_1871****8866
ORD2012216,MERCH016,bank_acct_1464****7029
ORD2047385,MERCH005,3t03csc@okhdfcbank
ORD2057052,MERCH018,bank_acct_7595****4609
ORD2000949,MERCH019,bank_acct_3454****4871
ORD2012826,MERCH006,bank_acct_4131****4913
ORD2047499,MERCH009,9b0zh8f@okicici
ORD2045217,MERCH004,bank_acct_4638****9662
ORD2057585,MERCH020,bank_acct_4176****7020
ORD2010396,MERCH017,bank_acct_0818****3793
ORD2027626,MERCH013,bank_acct_2055****0960
ORD2018515,MERCH005,bank_acct_0373****9373
ORD2007925,MERCH011,bank_acct_1924****3521
ORD2054627,MERCH006,r2c98if@okhdfcbank
ORD2006485,MERCH011,lwnaj29@oksbi
ORD2019030,MERCH016,bank_acct_0421****8104
ORD2059790,MERCH003,bank_acct_0252****6029
ORD2052981,MERCH011,bank_acct_9455****7766
ORD2013377,MERCH001,bank_acct_8576****0521
ORD2013206,MERCH020,bank_acct_1872****4315
ORD2034832,MERCH003,vcoedgj@okhdfcbank
ORD2005788,MERCH013,bank_acct_4204****5282
ORD2014002,MERCH017,bank_acct_2586****1078
ORD2007987,MERCH017,bank_acct_5232****5668
ORD2035078,MERCH017,bank_acct_8841****8105
ORD2057383,MERCH019,ii0rgpg@oksbi
ORD2048293,MERCH001,bank_acct_2804****3975
ORD2046142,MERCH008,bank_acct_2724****4973
ORD2059564,MERCH001,bank_acct_8679****2304
ORD2058743,MERCH020,6klw98q@okaxis
ORD2005808,MERCH004,bank_acct_6700****5290
ORD2004271,MERCH010,fihyyuz@ybl
ORD2006249,MERCH008,bank_acct_3586****0512
ORD2007458,MERCH014,bank_acct_7519****6803
ORD2003020,MERCH008,bank_acct_9751****1497
ORD2016701,MERCH020,bank_acct_4357****7849
ORD2048583,MERCH003,qe8zsqh@okicici
ORD2041145,MERCH002,ph0f9cv@ybl
ORD2040614,MERCH005,wvpcjme@okicici
ORD2021267,MERCH011,bank_acct_0256****3450
ORD2030199,MERCH010,bank_acct_8559****2633
ORD2032461,MERCH007,bank_acct_1349****9058
ORD2031091,MERCH005,hzhj99j@okicici
ORD2022639,MERCH013,bank_acct_6413****3933
ORD2045936,MERCH007,lqlh58z@ybl
ORD2012179,MERCH002,del238n@okaxis
ORD2039178,MERCH008,bank_acct_8702****1526
ORD2052511,MERCH020,bank_acct_8231****0561
ORD2048160,MERCH015,mzicsaz@okaxis
ORD2021687,MERCH011,zzuioxp@oksbi
ORD2004248,MERCH005,2tcx94p@okaxis
ORD2036480,MERCH009,esnl0qp@ybl
ORD2017067,MERCH011,bank_acct_6376****2038
ORD2032629,MERCH002,bank_acct_8913****1686
ORD2038014,MERCH017,3qjdvzs@ybl
ORD2049072,MERCH014,bank_acct_4293****5921
ORD2002707,MERCH010,k0mmrbb@okicici
ORD2039100,MERCH001,bank_acct_6033****4084
ORD2027666,MERCH008,br139q2@oksbi
ORD2032032,MERCH011,1gpbzv3@ybl
ORD2037705,MERCH011,bank_acct_8717****4711
ORD2040546,MERCH008,b8khgew@okaxis
ORD2028398,MERCH007,bank_acct_3116****0470
ORD2039250,MERCH018,bank_acct_9210****9949
ORD2031020,MERCH002,bank_acct_9860****0951
ORD2009573,MERCH008,bank_acct_5406****9246
ORD2037301,MERCH008,bank_acct_4011****7364
ORD2027456,MERCH020,bank_acct_3277****1565
ORD2005836,MERCH013,bank_acct_3018****3033
ORD2031824,MERCH017,diky5bb@okaxis
ORD2057354,MERCH011,9oqs1ym@okaxis
ORD2026687,MERCH006,3qkpu0y@okhdfcbank
ORD2039008,MERCH015,xtqq2ma@oksbi
ORD2012745,MERCH001,bank_acct_0954****7588
ORD2019222,MERCH003,qho0o0m@okaxis
ORD2007428,MERCH016,bank_acct_8907****5706
ORD2007220,MERCH003,unyhko1@oksbi
ORD2015566,MERCH007,bank_acct_1626****8727
ORD2041728,MERCH002,70dod4w@okaxis
ORD2001554,MERCH005,gudcbcz@okaxis
ORD2037711,MERCH007,bank_acct_4836****8342
ORD2052270,MERCH005,bank_acct_2370****1446
ORD2004937,MERCH003,v3oq25w@okaxis
ORD2040533,MERCH006,belqckd@okicici
ORD2054224,MERCH019,bank_acct_9445****4450
ORD2026484,MERCH018,2ztxbzg@okicici
ORD2022874,MERCH007,bank_acct_1899****2530
ORD2025337,MERCH008,bank_acct_6238****8111
ORD2043477,MERCH002,boqikqk@oksbi
ORD2051735,MERCH014,zz05bg3@okicici
ORD2045174,MERCH015,bbjguhx@okaxis
ORD2002735,MERCH010,ffsdcya@okicici
ORD2020901,MERCH006,pbs34hl@okaxis
ORD2046626,MERCH007,ueyjuv9@ybl
ORD2023738,MERCH008,bank_acct_5206****5525
ORD2025438,MERCH014,rjwj5ga@okicici
ORD2021892,MERCH011,ftdx31l@okicici
ORD2038536,MERCH010,k9xyqbn@ybl
ORD2029468,MERCH010,bank_acct_4859****3128
ORD2037509,MERCH019,bank_acct_5774****0809
ORD2007798,MERCH015,d8sljz7@ybl
ORD2020887,MERCH007,atsl4tz@okicici
ORD2056303,MERCH009,bank_acct_4937****5256
ORD2036729,MERCH016,sjpw5qm@okhdfcbank
ORD2037835,MERCH003,8v2mue8@okicici
ORD2035062,MERCH012,bank_acct_2727****5649
ORD2026692,MERCH013,bank_acct_5673****2214
ORD2059715,MERCH013,dsjegzb@okicici
ORD2059741,MERCH006,bank_acct_4441****5821
ORD2050570,MERCH016,jazbolx@okhdfcbank
ORD2007335,MERCH015,thwzagm@okaxis
ORD2000838,MERCH014,bank_acct_0066****2123
ORD2052707,MERCH017,bank_acct_9797****9851
ORD2006528,MERCH020,dtd1uhc@okicici
ORD2056362,MERCH008,sdmemmq@oksbi
ORD2052031,MERCH005,te54lns@ybl
ORD2025776,MERCH016,bank_acct_1559****3657
ORD2027153,MERCH001,bank_acct_4626****3829
ORD2052323,MERCH013,50b8pjw@okicici
ORD2002993,MERCH014,bank_acct_7658****9210
ORD2031192,MERCH003,k0sqkro@oksbi
ORD2057758,MERCH010,qtvkllm@ybl
ORD2004628,MERCH020,sks8hlv@ybl
ORD2031028,MERCH014,bank_acct_1986****8076
ORD2036641,MERCH018,bank_acct_3092****0909
ORD2024307,MERCH006,sjhnjrl@okicici
ORD2047514,MERCH009,bank_acct_1626****4574
ORD2052895,MERCH019,bvguo68@oksbi
ORD2038358,MERCH010,zp67x3o@okicici
ORD2018937,MERCH015,bank_acct_6453****9399
ORD2017456,MERCH010,bank_acct_5862****6262
ORD2051842,MERCH013,bank_acct_6063****9618
ORD2039119,MERCH018,o36cb1c@oksbi
ORD2027287,MERCH020,3ld7bjt@ybl
ORD2021870,MERCH016,gw49ugd@okaxis
ORD2042520,MERCH003,bank_acct_8048****8574
ORD2008423,MERCH011,d3qc4bu@okaxis
ORD2021585,MERCH005,bank_acct_1419****7770
ORD2043618,MERCH016,bank_acct_0788****7911
ORD2048029,MERCH007,ogyvpur@oksbi
ORD2026935,MERCH005,bank_acct_0270****0129
ORD2026216,MERCH007,nqu46sc@oksbi
ORD2052771,MERCH001,vfkhxc3@ybl
ORD2053450,MERCH001,bank_acct_7509****3700
ORD2059189,MERCH017,bank_acct_6363****2327
ORD2035451,MERCH012,bank_acct_2119****6883
ORD2022917,MERCH016,kqafuni@okhdfcbank
ORD2048662,MERCH013,ldrf8ag@okhdfcbank
ORD2018903,MERCH014,esp4hbx@okhdfcbank
ORD2044324,MERCH013,csqggx3@oksbi
ORD2035909,MERCH012,agi1fgb@oksbi
ORD2028904,MERCH013,bank_acct_2460****3321
ORD2049661,MERCH016,bank_acct_6266****5385
ORD2012158,MERCH010,fzcazh8@okhdfcbank
ORD2032602,MERCH019,bank_acct_1746****8248
ORD2006309,MERCH003,bank_acct_9421****7155
ORD2013594,MERCH014,bank_acct_9177****4524
ORD2029351,MERCH002,bank_acct_9619****0952
ORD2006104,MERCH004,bank_acct_2054****3338
ORD2014956,MERCH013,dvgtepi@oksbi
ORD2038521,MERCH019,bank_acct_0767****4694
ORD2037384,MERCH006,3wbhybh@okhdfcbank
ORD2049911,MERCH007,bqjm1ig@oksbi
ORD2040133,MERCH014,bank_acct_0900****1167
ORD2032040,MERCH009,mocjrph@oksbi
ORD2027158,MERCH012,vh9dnhr@okaxis
ORD2012578,MERCH017,bank_acct_8181****8166
ORD2025730,MERCH016,bank_acct_2033****2861
ORD2042861,MERCH012,xlept1k@okicici
ORD2033988,MERCH002,bank_acct_0946****5748
ORD2045635,MERCH013,bank_acct_3286****6908
ORD2037545,MERCH014,bank_acct_4823****4394
ORD2047562,MERCH008,bank_acct_6649****2001
ORD2003260,MERCH008,bank_acct_5487****7544
ORD2042264,MERCH016,nk1xtad@ybl
ORD2037763,MERCH002,ca2tfrw@okhdfcbank
ORD2049002,MERCH012,bank_acct_0524****1282
ORD2025634,MERCH001,ua90ddb@okaxis
ORD2055047,MERCH010,bank_acct_8017****6034
ORD2003995,MERCH009,8y8s93m@ybl
ORD2011719,MERCH020,bank_acct_4795****4396
ORD2015134,MERCH015,bank_acct_2198****1790
ORD2008096,MERCH005,yezyaw8@okaxis
ORD2011698,MERCH009,o7zqicw@ybl
ORD2051778,MERCH008,pssz7gj@okhdfcbank
ORD2021698,MERCH020,bank_acct_0910****0083
ORD2028725,MERCH019,41jfvon@oksbi
ORD2014200,MERCH006,akkiwny@okaxis
ORD2054984,MERCH001,h0p5sll@okaxis
ORD2036038,MERCH004,bank_acct_0753****9040
ORD2025714,MERCH003,nxokuve@okicici
ORD2056575,MERCH013,gjib4xy@okhdfcbank
ORD2056055,MERCH013,qzqlwm1@okicici
ORD2048165,MERCH019,ehcnqm7@ybl
ORD2037832,MERCH003,dw88kzd@okaxis
ORD2003197,MERCH017,roo29ju@oksbi
ORD2038370,MERCH007,bank_acct_3100****4989
ORD2007748,MERCH014,qcnyelb@oksbi
ORD2057848,MERCH006,uihj7ax@okhdfcbank
ORD2059316,MERCH014,sd5xhqn@okicici
ORD2053015,MERCH009,bank_acct_3265****7756
ORD2034434,MERCH010,ow1xgx6@okicici
ORD2041399,MERCH017,bank_acct_6500****2141
ORD2004317,MERCH018,8ho8hia@okhdfcbank
ORD2058581,MERCH013,5kzv6ib@ybl
ORD2020223,MERCH019,15vbum7@oksbi
ORD2012530,MERCH010,f4tjdyh@ybl
ORD2058959,MERCH014,bank_acct_2737****8842
ORD2025163,MERCH003,uy5lhwh@oksbi
ORD2048881,MERCH004,bank_acct_3290****9263
ORD2011279,MERCH019,bank_acct_8587****0100
ORD2029352,MERCH012,bank_acct_7479****3312
ORD2010897,MERCH005,eauof4z@oksbi
ORD2028847,MERCH009,bank_acct_7743****6339
ORD2033181,MERCH007,bank_acct_1846****3605
ORD2016641,MERCH013,bank_acct_5458****8288
ORD2019582,MERCH010,3emaaqu@okicici
ORD2002653,MERCH001,bank_acct_1239****2915
ORD2023480,MERCH006,ermvbsb@oksbi
ORD2030296,MERCH016,dkrtn5w@okhdfcbank
ORD2051745,MERCH001,tyg5jof@okhdfcbank
ORD2041606,MERCH004,bank_acct_2818****9024
ORD2000123,MERCH003,bank_acct_9939****3106
ORD2034829,MERCH014,mfhm0o3@ybl
ORD2028554,MERCH017,xmnewly@okhdfcbank
ORD2000759,MERCH014,bank_acct_9247****1628
ORD2002911,MERCH010,bank_acct_0083****4438
ORD2045663,MERCH014,bank_acct_5713****1556
ORD2046269,MERCH006,ukxi8oo@ybl
ORD2026851,MERCH006,vai7dju@ybl
ORD2016211,MERCH012,3zfsbki@ybl
ORD2021757,MERCH006,1poeshi@okaxis
ORD2025724,MERCH005,swbxpui@oksbi
ORD2004001,MERCH007,bank_acct_8191****1722
ORD2011557,MERCH016,bank_acct_7737****7319
ORD2027231,MERCH006,bank_acct_2857****4689
ORD2006343,MERCH017,bank_acct_7475****1054
ORD2056975,MERCH004,lfg1yv0@ybl
ORD2038426,MERCH015,bank_acct_3334****6173
ORD2023522,MERCH019,jme5bev@okhdfcbank
ORD2051605,MERCH007,dlmnf2y@oksbi
ORD2027227,MERCH006,pzilbei@ybl
ORD2006721,MERCH007,bank_acct_3033****3977
ORD2037733,MERCH002,bank_acct_7506****2328
ORD2049639,MERCH006,kxl3ed0@oksbi
ORD2044753,MERCH007,yuxvsnh@okaxis
ORD2033675,MERCH009,bj0dwtm@ybl
ORD2014135,MERCH014,bank_acct_3290****7576
ORD2016671,MERCH015,bank_acct_2987****1834
ORD2021701,MERCH020,joohhbd@okhdfcbank
ORD2033937,MERCH004,bank_acct_8384****2020
ORD2026948,MERCH006,bank_acct_6375****9848
ORD2014709,MERCH003,dhrmsnb@oksbi
ORD2059062,MERCH010,bank_acct_3732****6449
ORD2058811,MERCH003,bank_acct_9511****2382
ORD2003279,MERCH013,bank_acct_7565****9145
ORD2008352,MERCH004,bank_acct_3081****3231
ORD2012002,MERCH009,bank_acct_2082****7177
ORD2014086,MERCH003,rr2ck5e@oksbi
ORD2017198,MERCH011,bank_acct_9308****3928
ORD2000256,MERCH001,wnonfaf@okaxis
ORD2007618,MERCH019,bank_acct_0675****6994
ORD2019706,MERCH008,em7slns@oksbi
ORD2027067,MERCH016,ypdiqlm@okaxis
ORD2057777,MERCH016,bank_acct_8525****1747
ORD2038665,MERCH004,bank_acct_5147****4376
ORD2019163,MERCH001,obh5cw4@okicici
ORD2004254,MERCH002,bank_acct_3456****4169
ORD2001520,MERCH009,bank_acct_2745****9812
ORD2047334,MERCH001,zevhlez@okaxis
ORD2017792,MERCH019,bank_acct_5906****8535
ORD2008876,MERCH002,bank_acct_4848****5534
ORD2039045,MERCH004,bank_acct_0951****7140
ORD2029405,MERCH007,nezr0fh@oksbi
ORD2005732,MERCH017,gtj3mub@oksbi
ORD2021277,MERCH001,bank_acct_6426****9157
ORD2009176,MERCH013,bank_acct_7024****2165
ORD2050553,MERCH020,q1kyuhv@okicici
ORD2021181,MERCH017,bank_acct_1225****4706
ORD2017877,MERCH002,2urdfpr@oksbi
ORD2054896,MERCH016,ykhdswv@ybl
ORD2018647,MERCH016,kbzdavw@okicici
ORD2001283,MERCH002,2urdfpr@oksbi
ORD2005358,MERCH020,gdgrtxb@ybl
ORD2028469,MERCH014,pglmqk4@oksbi
ORD2048364,MERCH011,bank_acct_2490****1310
ORD2050310,MERCH012,bank_acct_8842****2760
ORD2024775,MERCH011,lawd4yw@oksbi
ORD2024465,MERCH011,bank_acct_5741****3046
ORD2051133,MERCH008,uzxhflz@okaxis
ORD2042389,MERCH012,bank_acct_9541****5081
ORD2034996,MERCH013,gowuvbf@okhdfcbank
ORD2057563,MERCH013,bank_acct_7807****8822
ORD2047423,MERCH020,bank_acct_0326****9637
ORD2031830,MERCH002,hdzqr2b@oksbi
ORD2035459,MERCH012,bank_acct_6167****3076
ORD2009500,MERCH011,bank_acct_9646****5406
ORD2027629,MERCH004,bank_acct_8494****2650
ORD2009612,MERCH001,jinaldd@okhdfcbank
ORD2000188,MERCH015,1fuo15z@okaxis
ORD2003940,MERCH013,bank_acct_6711****2674
ORD2029552,MERCH005,bank_acct_9824****6057
ORD2055608,MERCH001,bank_acct_4423****9293
ORD2030702,MERCH020,cavv2g2@oksbi
ORD2009520,MERCH004,bank_acct_3016****6849
ORD2037628,MERCH017,j4eca4a@okicici
ORD2044762,MERCH009,bank_acct_8378****6812
ORD2055113,MERCH008,hsmzqar@ybl
ORD2004426,MERCH012,qnmunfg@okicici
ORD2051437,MERCH015,bank_acct_5131****3354
ORD2003982,MERCH020,bank_acct_3076****1707
ORD2009931,MERCH016,bank_acct_3329****4702
ORD2001561,MERCH017,mcceew9@ybl
ORD2045068,MERCH006,iqrozy9@okicici
ORD2043776,MERCH001,sk0azc4@okaxis
ORD2021614,MERCH011,bank_acct_0438****1141
ORD2016337,MERCH001,bank_acct_6465****9182
ORD2007285,MERCH012,wffqq4k@okicici
ORD2027960,MERCH002,sgwe7po@oksbi
ORD2038453,MERCH011,ipiiazs@ybl
ORD2028186,MERCH015,bank_acct_1614****3230
ORD2021903,MERCH008,bank_acct_3399****9998
ORD2008359,MERCH020,bank_acct_0216****4670
ORD2037148,MERCH016,xtgtzuy@okicici
ORD2057781,MERCH013,bank_acct_0074****2129
ORD2039299,MERCH020,htzeykm@okicici
ORD2014835,MERCH003,bank_acct_2938****2609
ORD2002055,MERCH012,sicjgau@ybl
ORD2034060,MERCH014,bank_acct_1082****4930
ORD2023008,MERCH016,bank_acct_5745****3579
ORD2053030,MERCH004,var6k9a@okicici
ORD2008207,MERCH013,easuvlb@okicici
ORD2008480,MERCH010,onw7yhv@okaxis
ORD2032663,MERCH020,bank_acct_4772****3634
ORD2007549,MERCH007,bank_acct_2041****8577
ORD2016412,MERCH005,bank_acct_2357****9293
ORD2001223,MERCH017,bank_acct_5013****5422
ORD2027154,MERCH005,dgu08db@oksbi
ORD2056225,MERCH016,jsfc1ed@ybl
ORD2001226,MERCH003,bank_acct_5066****1122
ORD2007206,MERCH010,wntov31@okhdfcbank
ORD2009742,MERCH018,sqealtj@okicici
ORD2045979,MERCH015,qsakwsa@okaxis
ORD2023834,MERCH006,76npjor@oksbi
ORD2059273,MERCH015,uzrn4jg@okaxis
ORD2031117,MERCH004,bank_acct_0503****4999
ORD2057189,MERCH016,vpcvhkr@okhdfcbank
ORD2033753,MERCH018,bank_acct_1770****0375
ORD2013795,MERCH008,nnfd8fa@okicici
ORD2058073,MERCH008,bank_acct_3745****3025
ORD2052833,MERCH008,mkdbk6n@okhdfcbank
ORD2039115,MERCH003,bank_acct_0630****3994
ORD2036008,MERCH004,bank_acct_3150****0758
ORD2001112,MERCH014,behjgi8@oksbi
ORD2047311,MERCH010,bank_acct_8017****6034
ORD2051120,MERCH006,bank_acct_7225****3948
ORD2020910,MERCH011,wafizs4@okaxis
ORD2001920,MERCH013,cimkjkk@okhdfcbank
ORD2053530,MERCH009,bank_acct_8297****7774
ORD2021069,MERCH008,bank_acct_8164****9291
ORD2033877,MERCH009,bank_acct_2985****7815
ORD2057524,MERCH016,bank_acct_2964****8351
ORD2049299,MERCH004,iyoc5ie@okaxis
ORD2030951,MERCH005,ujkw4ww@okhdfcbank
ORD2056971,MERCH018,yh3um1v@okaxis
ORD2054449,MERCH007,bank_acct_5232****5668
ORD2059658,MERCH003,6dghbzk@ybl
ORD2009117,MERCH011,oum1w8x@okicici
ORD2049218,MERCH008,dn17b1j@ybl
ORD2053742,MERCH019,xosqpqj@okicici
ORD2001604,MERCH020,bank_acct_0577****6317
ORD2056760,MERCH003,080lsnc@okhdfcbank
ORD2029214,MERCH011,ar2d1ix@okaxis
ORD2035908,MERCH013,ongbvvq@oksbi
ORD2000726,MERCH013,sqgojch@ybl
ORD2049417,MERCH018,bank_acct_4638****5639
ORD2027405,MERCH014,rqe5hyb@oksbi
ORD2040740,MERCH008,whnkrey@oksbi
ORD2040282,MERCH008,j5xvh0i@oksbi
ORD2008245,MERCH009,bank_acct_7061****8433
ORD2000741,MERCH004,ar6xbid@okicici
ORD2024185,MERCH010,bank_acct_3303****9661
ORD2015660,MERCH003,bank_acct_3257****7150
ORD2020485,MERCH004,3cvr9x6@okhdfcbank
ORD2039374,MERCH003,gww0dp2@ybl
ORD2007729,MERCH011,bank_acct_6290****2176
ORD2022309,MERCH019,upiavoo@okicici
ORD2008708,MERCH007,slwaekn@okaxis
ORD2036090,MERCH004,bank_acct_7518****1631
ORD2021514,MERCH019,1nljyug@oksbi
ORD2042200,MERCH012,kjyhzxz@okhdfcbank
ORD2020694,MERCH005,4giffxe@okicici
ORD2014304,MERCH011,k6bvmna@okaxis
ORD2045847,MERCH013,97j861x@okicici
ORD2050485,MERCH019,hqz7n4g@okicici
ORD2059982,MERCH001,bank_acct_8374****5535
ORD2052754,MERCH010,lqqfhua@okicici
ORD2039533,MERCH002,bank_acct_1151****7242
ORD2000768,MERCH019,bank_acct_3462****9288
ORD2006120,MERCH018,bank_acct_8001****5463
ORD2048862,MERCH007,ry2uiir@okaxis
ORD2041685,MERCH013,tqligrn@okicici
ORD2016363,MERCH014,bank_acct_1693****3892
ORD2010307,MERCH011,bank_acct_2346****0875
ORD2047632,MERCH012,bank_acct_3293****9621
ORD2033642,MERCH005,vquzztr@ybl
ORD2059940,MERCH017,bank_acct_4040****6897
ORD2027337,MERCH020,uirricw@okicici
ORD2050760,MERCH019,nhx5rj3@okicici
ORD2057402,MERCH008,w3uyyex@okhdfcbank
ORD2011421,MERCH004,phi1pqe@okhdfcbank
ORD2001526,MERCH013,fmwbtbe@okhdfcbank
ORD2019682,MERCH001,t5adoef@okicici
ORD2035838,MERCH018,dbetzdd@okhdfcbank
ORD2051094,MERCH015,ivof5dv@oksbi
ORD2004941,MERCH011,bank_acct_7226****7304
ORD2002636,MERCH005,bank_acct_5522****1927
ORD2046669,MERCH010,jjfdord@okaxis
ORD2003627,MERCH008,3ddudsc@okhdfcbank
ORD2021966,MERCH016,bank_acct_0104****6850
ORD2012134,MERCH015,bank_acct_8363****4981
ORD2016912,MERCH005,9vmguaz@okicici
ORD2027322,MERCH020,m05hb6d@ybl
ORD2013817,MERCH010,bank_acct_4667****6355
ORD2019508,MERCH005,ohajijm@okaxis
ORD2020082,MERCH002,fwqdtjb@okhdfcbank
ORD2044690,MERCH020,bank_acct_1204****8907
ORD2057073,MERCH003,bank_acct_0818****3793
ORD2051954,MERCH017,bank_acct_8696****1144
ORD2059986,MERCH004,bank_acct_5297****7411
ORD2047677,MERCH009,bank_acct_5123****5915
ORD2012471,MERCH019,bank_acct_9687****8914
ORD2032186,MERCH016,mqf0e3d@okhdfcbank
ORD2054205,MERCH007,mfvhkhe@okicici
ORD2023429,MERCH016,bank_acct_9574****6535
ORD2025468,MERCH010,bank_acct_5371****9300
ORD2004697,MERCH013,bank_acct_4672****6115
ORD2043620,MERCH002,bank_acct_5051****8673
ORD2045901,MERCH011,bank_acct_5164****5500
ORD2052424,MERCH005,bank_acct_4525****7908
ORD2045475,MERCH007,bank_acct_8853****7439
ORD2048631,MERCH008,bank_acct_1789****2798
ORD2049825,MERCH002,f2x7eej@okaxis
ORD2054591,MERCH006,hkxuejj@ybl
ORD2029188,MERCH016,tzccugt@oksbi
ORD2040489,MERCH013,qhrmxqb@okaxis
ORD2031451,MERCH004,qtpcoir@oksbi
ORD2039879,MERCH006,xxogjtc@okaxis
ORD2024530,MERCH001,bank_acct_1654****2579
ORD2034820,MERCH018,6wwfrxu@okicici
ORD2037020,MERCH013,bank_acct_8651****1802
ORD2032369,MERCH011,afvpx7e@okicici
ORD2011077,MERCH014,bank_acct_7717****3403
ORD2008938,MERCH016,bank_acct_8230****0032
ORD2042662,MERCH012,bank_acct_0046****1700
ORD2015538,MERCH013,bank_acct_6605****5537
ORD2047770,MERCH013,bank_acct_4494****7358
ORD2013138,MERCH015,bank_acct_2337****9067
ORD2053777,MERCH010,bank_acct_4081****9304
ORD2012100,MERCH010,bank_acct_3266****5263
ORD2022591,MERCH007,sdwi5sh@okhdfcbank
ORD2044686,MERCH018,bank_acct_8892****7571
ORD2022563,MERCH013,tu3nsac@okhdfcbank
ORD2046968,MERCH004,bank_acct_8086****7134
ORD2004344,MERCH005,sk9rbqe@okhdfcbank
ORD2019220,MERCH011,bank_acct_7895****4516
ORD2058499,MERCH019,bank_acct_6014****6712
ORD2043015,MERCH002,bank_acct_9226****6897
ORD2024571,MERCH010,bank_acct_2518****3924
ORD2011290,MERCH015,bank_acct_9325****1389
ORD2028460,MERCH006,zpcql28@oksbi
ORD2042056,MERCH019,jnj667u@ybl
ORD2059394,MERCH005,bank_acct_7698****0268
ORD2039914,MERCH015,qyo8uwj@okicici
ORD2017318,MERCH016,bank_acct_4046****2711
ORD2049557,MERCH010,qrkvvfm@okicici
ORD2056398,MERCH005,bank_acct_5350****0131
ORD2014713,MERCH007,bank_acct_8465****4029
ORD2033239,MERCH007,cq8dslb@okhdfcbank
ORD2005608,MERCH007,bank_acct_7198****0394
ORD2009056,MERCH001,bank_acct_5689****6809
ORD2006942,MERCH012,bank_acct_1121****9735
ORD2031282,MERCH019,tqap3vp@oksbi
ORD2037900,MERCH004,bank_acct_9465****3922
ORD2023128,MERCH005,bank_acct_2390****2274
ORD2008963,MERCH013,bank_acct_2591****4525
ORD2015378,MERCH014,bank_acct_0674****3974
ORD2021531,MERCH018,bank_acct_5227****1685
ORD2056170,MERCH002,bank_acct_1708****8382
ORD2033393,MERCH004,bank_acct_7292****2780
ORD2005912,MERCH011,bank_acct_0256****3450
ORD2025905,MERCH006,6rjajlw@okhdfcbank
ORD2029588,MERCH002,bank_acct_8881****5463
ORD2027111,MERCH004,bank_acct_2595****5051
ORD2039338,MERCH017,bank_acct_5702****2759
ORD2003789,MERCH007,bank_acct_5232****5668
ORD2014180,MERCH019,rakp8hu@oksbi
ORD2055897,MERCH014,bank_acct_7665****8939
ORD2001882,MERCH005,bank_acct_7482****0387
ORD2044480,MERCH013,bf5wify@okaxis
ORD2051894,MERCH008,pfg8k50@ybl
ORD2030965,MERCH002,bank_acct_7181****7915
ORD2053785,MERCH004,wscdjbh@ybl
ORD2035516,MERCH008,hqjphs4@okhdfcbank
ORD2030891,MERCH013,bank_acct_2889****0821
ORD2027988,MERCH016,bank_acct_4310****8186
ORD2002099,MERCH010,4ikhmon@okhdfcbank
ORD2054515,MERCH020,hlz2r8i@okhdfcbank
ORD2023445,MERCH006,6oioeho@okaxis
ORD2044605,MERCH013,9eys8vc@oksbi
ORD2040082,MERCH003,bank_acct_1890****9262
ORD2020710,MERCH010,2urdfpr@oksbi
ORD2007354,MERCH013,bg5f6gf@oksbi
ORD2041528,MERCH009,cbrirly@okaxis
ORD2045968,MERCH015,eg8rxkt@oksbi
ORD2032247,MERCH012,bltd7te@okhdfcbank
ORD2040255,MERCH001,1ofz1uc@ybl
ORD2034627,MERCH004,83gga36@okaxis
ORD2018076,MERCH004,bank_acct_8663****9705
ORD2038316,MERCH003,bank_acct_8631****8933
ORD2006236,MERCH004,bank_acct_1624****6010
ORD2025367,MERCH016,2njyn5f@okaxis
ORD2047118,MERCH017,egjoqqa@okicici
ORD2003963,MERCH010,bank_acct_8224****6318
ORD2055203,MERCH019,bank_acct_0183****2364
ORD2005316,MERCH019,v00dcva@okaxis
ORD2036665,MERCH019,bank_acct_6128****8544
ORD2021426,MERCH016,ngaanvj@oksbi
ORD2051005,MERCH009,tpygher@ybl
ORD2017531,MERCH004,fcdn7pm@okhdfcbank
ORD2056190,MERCH019,pbaqseu@ybl
ORD2058865,MERCH006,6uhp5ee@okaxis
ORD2046125,MERCH013,jurrlqb@okaxis
ORD2057505,MERCH016,enodwph@okhdfcbank
ORD2050142,MERCH014,bank_acct_9105****6900
ORD2032151,MERCH010,bank_acct_5208****9854
ORD2054770,MERCH019,bank_acct_2186****5423
ORD2049839,MERCH005,jku2vwr@okicici
ORD2057931,MERCH004,bank_acct_2229****9922
ORD2059566,MERCH011,kzne5qd@okicici
ORD2023289,MERCH003,ppf4tma@ybl
ORD2027748,MERCH018,2p8fyzi@oksbi
ORD2045624,MERCH006,bank_acct_9521****2071
ORD2017706,MERCH013,3bw3ozc@okaxis
ORD2054771,MERCH001,bank_acct_8736****8794
ORD2005357,MERCH013,pgojcbm@ybl
ORD2050576,MERCH018,bank_acct_6698****1525
ORD2053077,MERCH018,ddzur1u@okhdfcbank
ORD2056140,MERCH017,bank_acct_9735****3966
ORD2051183,MERCH016,bank_acct_4529****8017
ORD2029099,MERCH003,bank_acct_3891****5404
ORD2051409,MERCH017,bank_acct_2831****7220
ORD2030489,MERCH019,fqsu2zc@oksbi
ORD2032782,MERCH018,bank_acct_8396****1859
ORD2054063,MERCH004,03kmtpz@ybl
ORD2029642,MERCH007,ntfojvs@oksbi
ORD2053973,MERCH004,bank_acct_6781****9619
ORD2005470,MERCH006,bank_acct_1378****6066
ORD2012817,MERCH020,9duip1v@oksbi
ORD2031895,MERCH010,bank_acct_8017****6034
ORD2015145,MERCH001,mlszszh@ybl
ORD2048248,MERCH018,wggrbcb@okaxis
ORD2051918,MERCH015,ebaey7c@ybl
ORD2048720,MERCH011,thqxbjo@oksbi
ORD2055918,MERCH004,ixb3o3b@okaxis
ORD2031439,MERCH002,qoivihg@ybl
ORD2038349,MERCH005,ad0i2u0@okhdfcbank
ORD2036272,MERCH019,pxffoff@okicici
ORD2037995,MERCH007,bank_acct_2424****2638
ORD2010353,MERCH006,bank_acct_6492****2175
ORD2040283,MERCH015,bank_acct_2337****9067
ORD2030750,MERCH009,trvrisa@oksbi
ORD2046414,MERCH002,ky9xpcn@okaxis
ORD2034785,MERCH003,bank_acct_6764****3871
ORD2045680,MERCH004,wakwlqt@okaxis
ORD2041910,MERCH017,bank_acct_3554****8529
ORD2037972,MERCH010,bank_acct_2510****5125
ORD2031358,MERCH012,bank_acct_8976****4694
ORD2045062,MERCH018,bank_acct_7428****5761
ORD2003431,MERCH006,nviuadi@okhdfcbank
ORD2030683,MERCH014,kzqtgz6@okicici
ORD2005388,MERCH018,bank_acct_5227****1685
ORD2036470,MERCH008,iylr58m@okicici
ORD2010097,MERCH010,kcxraqd@okicici
ORD2036858,MERCH002,fyqvz5i@okhdfcbank
ORD2054801,MERCH017,bank_acct_4759****7699
ORD2007679,MERCH010,lbiwtal@okaxis
ORD2012699,MERCH018,bfpmmmc@okhdfcbank
ORD2055824,MERCH015,jz2dvbk@okaxis
ORD2026877,MERCH005,bank_acct_3332****9903
ORD2025713,MERCH019,5zmntjg@ybl
ORD2032594,MERCH016,bank_acct_9617****9945
ORD2008142,MERCH011,bank_acct_9681****9117
ORD2054023,MERCH017,bank_acct_9462****6018
ORD2011687,MERCH012,bank_acct_1185****7389
ORD2032921,MERCH020,nxskadv@okicici
ORD2051573,MERCH018,erjhxbm@okicici
ORD2016138,MERCH017,4zvnujc@okicici
ORD2029053,MERCH007,bank_acct_3878****0933
ORD2054167,MERCH004,e7riqxa@okicici
ORD2042452,MERCH002,bank_acct_2195****2687
ORD2056906,MERCH010,bank_acct_8224****6318
ORD2018622,MERCH007,m2qpglo@okicici
ORD2002602,MERCH005,bank_acct_0085****8543
ORD2053052,MERCH010,7ktarcm@okaxis
ORD2009084,MERCH007,uleb3ab@okicici
ORD2037904,MERCH005,ghfvieu@okaxis
ORD2004817,MERCH020,x0za2ws@ybl
ORD2045516,MERCH018,bank_acct_4824****8948
ORD2025696,MERCH007,hjan52l@okhdfcbank
ORD2042527,MERCH019,bank_acct_4523****2035
ORD2011299,MERCH012,bank_acct_9164****0258
ORD2056565,MERCH009,bank_acct_2317****0101
ORD2051877,MERCH005,5mtevyl@okhdfcbank
ORD2001717,MERCH020,xhmif3k@ybl
ORD2047955,MERCH014,bank_acct_0582****0011
ORD2005660,MERCH003,grk7sxt@okaxis
ORD2052368,MERCH018,esuf6jx@okaxis
ORD2044314,MERCH009,3vudxl4@ybl
ORD2052289,MERCH009,bank_acct_2759****9575
ORD2020860,MERCH013,bank_acct_7070****5420
ORD2029761,MERCH006,bank_acct_7930****8185
ORD2044564,MERCH013,bank_acct_5903****9184
ORD2031007,MERCH015,bank_acct_1278****5248
ORD2040814,MERCH003,bank_acct_9324****6285
ORD2052784,MERCH009,utmv9il@okaxis
ORD2010265,MERCH014,ga3chci@okaxis
ORD2026236,MERCH005,bank_acct_8631****8220
ORD2016464,MERCH018,xknekf2@oksbi
ORD2051060,MERCH007,bank_acct_1164****1396
ORD2003294,MERCH003,bank_acct_1903****6281
ORD2039840,MERCH009,l1qeprn@okhdfcbank
ORD2043825,MERCH007,bank_acct_0648****9867
ORD2028605,MERCH012,1dyk2tx@okaxis
ORD2015554,MERCH019,fkaquwp@ybl
ORD2033816,MERCH017,mk3v6tk@okicici
ORD2005340,MERCH020,afh7wo7@ybl
ORD2053607,MERCH006,bank_acct_3081****0240
ORD2057812,MERCH014,ldlabzy@okhdfcbank
ORD2031561,MERCH005,bank_acct_4868****8429
ORD2059346,MERCH011,pu9eh8y@ybl
ORD2024832,MERCH014,bank_acct_7433****9110
ORD2046217,MERCH013,bank_acct_8623****4095
ORD2013165,MERCH001,7pzex9s@oksbi
ORD2050303,MERCH020,bank_acct_0533****2091
ORD2041353,MERCH008,bank_acct_8647****0461
ORD2026305,MERCH003,2ggwdfv@okaxis
ORD2018032,MERCH009,cjoppib@oksbi
ORD2041916,MERCH004,bank_acct_7348****1622
ORD2006564,MERCH018,opipzvx@okaxis
ORD2052982,MERCH004,er8n6h6@okhdfcbank
ORD2019657,MERCH018,bank_acct_6914****8453
ORD2055245,MERCH014,4xbz64o@ybl
ORD2048911,MERCH003,bank_acct_7711****6756
ORD2058752,MERCH011,mukwjfy@oksbi
ORD2001010,MERCH003,bank_acct_7325****0079
ORD2037458,MERCH011,bank_acct_0256****3450
ORD2030666,MERCH009,bank_acct_8536****2858
ORD2027175,MERCH005,bank_acct_3947****7559
ORD2015681,MERCH008,lai2kpo@okhdfcbank
ORD2054409,MERCH009,bank_acct_8974****6267
ORD2008169,MERCH001,3ph5vpp@okicici
ORD2029728,MERCH004,bank_acct_5907****2927
ORD2044591,MERCH013,prbhnm9@okaxis
ORD2030980,MERCH008,gyt9w1h@ybl
ORD2020773,MERCH013,jpflttk@okicici
ORD2005856,MERCH004,bank_acct_1068****8755
ORD2008054,MERCH004,z872pb1@oksbi
ORD2016948,MERCH006,bank_acct_9038****8934
ORD2003725,MERCH017,jb2vehx@ybl
ORD2027391,MERCH010,bank_acct_8339****7010
ORD2024598,MERCH019,mgghtgy@okicici
ORD2050212,MERCH016,teguagt@okaxis
ORD2002132,MERCH004,bank_acct_1061****4115
ORD2002367,MERCH017,jomqjeu@okhdfcbank
ORD2000324,MERCH012,44jjvyw@ybl
ORD2040804,MERCH019,cvuuagz@okicici
ORD2051655,MERCH010,j7dwyam@ybl
ORD2044161,MERCH018,bank_acct_1688****9879
ORD2015053,MERCH009,bank_acct_8373****6355
ORD2044595,MERCH009,euykdp3@okaxis
ORD2005624,MERCH002,chvuxgh@okhdfcbank
ORD2059930,MERCH006,bank_acct_9449****6155
ORD2014286,MERCH011,bank_acct_4149****5192
ORD2028568,MERCH013,bank_acct_1335****2334
ORD2057630,MERCH006,obtrdmd@okaxis
ORD2012386,MERCH012,5kfv5mo@okicici
ORD2046096,MERCH018,bank_acct_4269****3488
ORD2018421,MERCH018,d0m7fbu@okicici
ORD2042595,MERCH020,bank_acct_3263****0763
ORD2055938,MERCH001,1ygjobg@okhdfcbank
ORD2026427,MERCH016,bank_acct_5345****9000
ORD2020954,MERCH019,bank_acct_6600****4385
ORD2021225,MERCH013,bank_acct_7453****6752
ORD2003992,MERCH001,bank_acct_2315****2590
ORD2034527,MERCH017,4wzktgm@ybl
ORD2038317,MERCH005,j56nllv@okaxis
ORD2033093,MERCH005,bank_acct_7573****3850
ORD2035473,MERCH005,fcucdpy@okicici
ORD2053693,MERCH013,bank_acct_5311****5175
ORD2039825,MERCH019,bank_acct_1428****0260
ORD2043655,MERCH009,bank_acct_7589****7952
ORD2048693,MERCH002,bank_acct_3815****0812
ORD2034398,MERCH012,ltwqbhm@okaxis
ORD2055715,MERCH010,bank_acct_8017****6034
ORD2030010,MERCH020,gz1rarl@ybl
ORD2007081,MERCH014,bank_acct_3750****6857
ORD2031940,MERCH015,bank_acct_9570****8463
ORD2006390,MERCH006,bank_acct_0493****4133
ORD2057933,MERCH015,8fsgxuc@okicici
ORD2055826,MERCH012,bank_acct_5429****7512
ORD2038283,MERCH015,bank_acct_6336****6863
ORD2024770,MERCH017,0sdgeli@ybl
ORD2013991,MERCH010,yjukdus@okaxis
ORD2034383,MERCH009,7jgahuq@okicici
ORD2020621,MERCH014,bank_acct_8759****9798
ORD2007270,MERCH017,ab6shnr@okaxis
ORD2005436,MERCH008,iehhsh1@okhdfcbank
ORD2048822,MERCH004,qtpcoir@oksbi
ORD2028902,MERCH003,wepxuii@okaxis
ORD2007107,MERCH010,bank_acct_2104****9612
ORD2023832,MERCH014,o6fpzny@okhdfcbank
ORD2001727,MERCH011,bank_acct_7600****1944
ORD2058010,MERCH003,9sasf44@okhdfcbank
ORD2008692,MERCH003,bank_acct_4270****3998
ORD2027451,MERCH003,bank_acct_0796****7317
ORD2059421,MERCH008,g0tvbjh@okaxis
ORD2049450,MERCH003,bank_acct_9014****0084
ORD2040669,MERCH006,bank_acct_5485****3641
ORD2047735,MERCH019,bank_acct_4212****0034
ORD2012946,MERCH002,bank_acct_1768****3342
ORD2028192,MERCH003,ullpmlc@okhdfcbank
ORD2041914,MERCH010,phyrcyg@ybl
ORD2046335,MERCH013,bank_acct_1986****8076
ORD2020415,MERCH001,opjsf8y@okicici
ORD2041201,MERCH006,iqrozy9@okicici
ORD2014688,MERCH016,bank_acct_0311****4042
ORD2002211,MERCH016,ummvvst@okhdfcbank
ORD2033645,MERCH017,bank_acct_3433****4038
ORD2053317,MERCH018,6fvy3ei@okicici
ORD2006224,MERCH004,bank_acct_6048****3147
ORD2026538,MERCH013,bvguo68@oksbi
ORD2018509,MERCH020,bank_acct_8293****7867
ORD2023107,MERCH007,bank_acct_2507****2532
ORD2005754,MERCH001,bank_acct_7277****6412
ORD2021243,MERCH014,26yopl2@oksbi
ORD2032646,MERCH018,viqxsqc@okhdfcbank
ORD2009148,MERCH012,bank_acct_0677****2729
ORD2053997,MERCH008,y673jjy@okaxis
ORD2053601,MERCH017,bank_acct_6227****8513
ORD2054849,MERCH020,n5gk6m7@okaxis
ORD2028298,MERCH002,bank_acct_1004****4986
ORD2025549,MERCH020,bank_acct_3229****4770
ORD2012148,MERCH015,bank_acct_5851****4497
ORD2048758,MERCH011,ftdx31l@okicici
ORD2008261,MERCH006,ydgxyx9@okicici
ORD2023807,MERCH003,bank_acct_8267****1399
ORD2059350,MERCH012,bank_acct_1753****0731
ORD2007908,MERCH005,bank_acct_2431****9107
ORD2034958,MERCH017,6tq7gfv@oksbi
ORD2024916,MERCH012,a8qr1mv@oksbi
ORD2054680,MERCH002,bank_acct_0753****3503
ORD2055954,MERCH014,bank_acct_8889****1587
ORD2029054,MERCH016,lga5kyw@okhdfcbank
ORD2000711,MERCH013,bank_acct_9242****8688
ORD2023581,MERCH006,bank_acct_3553****9746
ORD2044668,MERCH012,bank_acct_4063****3859
ORD2007914,MERCH004,bank_acct_4722****7601
ORD2055267,MERCH011,bank_acct_9251****7787
ORD2031158,MERCH008,w45vgtx@okicici
ORD2017952,MERCH018,6x58aqq@ybl
ORD2054078,MERCH004,fec5cea@okhdfcbank
ORD2052574,MERCH010,bank_acct_8332****9765
ORD2013351,MERCH010,bank_acct_7351****6305
ORD2047700,MERCH016,x9aeusv@oksbi
ORD2046633,MERCH010,bank_acct_9483****1565
ORD2039859,MERCH009,zdanhps@okhdfcbank
ORD2057417,MERCH007,bank_acct_1738****4150
ORD2018910,MERCH001,bank_acct_2436****6710
ORD2028402,MERCH019,w4wbul7@okicici
ORD2044980,MERCH013,bank_acct_8544****9289
ORD2055101,MERCH007,bank_acct_3126****5381
ORD2017069,MERCH010,8acmema@okaxis
ORD2047204,MERCH017,xn0vllh@okhdfcbank
ORD2039050,MERCH002,bank_acct_5387****4134
ORD2047407,MERCH015,bank_acct_8576****7753
ORD2005701,MERCH020,bank_acct_9816****6342
ORD2003795,MERCH016,ztlt4ha@ybl
ORD2013131,MERCH002,2ktgg5m@ybl
ORD2018591,MERCH012,bank_acct_9372****8143
ORD2008082,MERCH001,v4lsqow@okaxis
ORD2002500,MERCH020,rbuex9y@oksbi
ORD2010128,MERCH015,bank_acct_7674****2662
ORD2026490,MERCH003,bank_acct_0818****3793
ORD2020426,MERCH012,fgidpd4@ybl
ORD2049737,MERCH004,bank_acct_9527****1502
ORD2058971,MERCH001,ogsyjs4@oksbi
ORD2040837,MERCH012,bank_acct_2923****3804
ORD2040846,MERCH006,bank_acct_5879****3506
ORD2026559,MERCH013,oxrezq8@oksbi
ORD2000428,MERCH012,vr88zer@oksbi
ORD2002866,MERCH017,bank_acct_5315****3249
ORD2036412,MERCH014,bank_acct_8320****8378
ORD2041576,MERCH016,pudyxxi@okicici
ORD2057163,MERCH003,mkdbk6n@okhdfcbank
ORD2056713,MERCH017,cul6qp9@okaxis
ORD2051895,MERCH017,bank_acct_0839****0645
ORD2037189,MERCH005,jarhikl@oksbi
ORD2012128,MERCH014,pdgwppr@ybl
ORD2005149,MERCH004,9pjqe3s@oksbi
ORD2028614,MERCH016,bank_acct_4851****7570
ORD2014626,MERCH001,bank_acct_7511****1601
ORD2039365,MERCH013,bank_acct_7453****6752
ORD2036990,MERCH008,3nklzck@okicici
ORD2014515,MERCH007,bank_acct_9696****3727
ORD2004323,MERCH012,bank_acct_6345****3770
ORD2049562,MERCH010,bank_acct_4270****9870
ORD2002985,MERCH012,yhxyl7x@oksbi
ORD2025368,MERCH014,bank_acct_8617****5005
ORD2059834,MERCH006,bank_acct_8466****8474
ORD2013499,MERCH018,4j52k87@okhdfcbank
ORD2011462,MERCH009,8safrxo@okhdfcbank
ORD2031172,MERCH004,bank_acct_9575****7677
ORD2056038,MERCH015,lncg4k6@okicici
ORD2055449,MERCH015,bank_acct_1694****6096
ORD2022247,MERCH006,bank_acct_6143****1197
ORD2029949,MERCH005,zhptgvy@okhdfcbank
ORD2038347,MERCH012,bank_acct_5292****4778
ORD2041906,MERCH014,aggl4xo@okhdfcbank
ORD2027011,MERCH001,7mk765o@okicici
ORD2000545,MERCH012,bank_acct_3897****6914
ORD2033066,MERCH007,aauaw9d@okicici
ORD2017638,MERCH004,jd1qqjh@okicici
ORD2030608,MERCH007,qfdcwxd@okhdfcbank
ORD2027422,MERCH010,kiij6lk@okhdfcbank
ORD2017923,MERCH002,2lxsrij@okicici
ORD2011221,MERCH005,wkkm2so@oksbi
ORD2055110,MERCH013,bank_acct_2218****3188
ORD2058070,MERCH014,bank_acct_3631****2729
ORD2034677,MERCH011,pzfwszi@okicici
ORD2011044,MERCH002,puavpee@okhdfcbank
ORD2010723,MERCH006,bank_acct_0058****4158
ORD2026135,MERCH007,escq59v@okaxis
ORD2009591,MERCH016,lhlmp7y@okicici
ORD2012188,MERCH009,fsitapj@ybl
ORD2058761,MERCH004,paqhqpa@okhdfcbank
ORD2038569,MERCH014,dz2pp3h@oksbi
ORD2038608,MERCH016,gmnxzdm@okicici
ORD2031349,MERCH018,aem5oju@ybl
ORD2023869,MERCH009,bank_acct_9696****3727
ORD2056719,MERCH011,hiuul63@ybl
ORD2019256,MERCH013,bank_acct_8636****4089
ORD2008714,MERCH017,ki2khmf@oksbi
ORD2028945,MERCH013,ohwoujc@okhdfcbank
ORD2012072,MERCH005,bank_acct_3402****7926
ORD2047380,MERCH003,3t03csc@okhdfcbank
ORD2051675,MERCH001,a5ibzok@okhdfcbank
ORD2007626,MERCH005,bank_acct_0673****2629
ORD2051096,MERCH005,bank_acct_0068****1223
ORD2006633,MERCH012,bank_acct_2715****8701
ORD2029699,MERCH017,mxdqnbc@oksbi
ORD2053288,MERCH001,bank_acct_6092****8132
ORD2000314,MERCH008,qnvkadu@okicici
ORD2001039,MERCH002,eruapdj@oksbi
ORD2001950,MERCH011,jjmk3qi@okicici
ORD2048481,MERCH014,0f6awem@okhdfcbank
ORD2020692,MERCH020,bank_acct_4171****4162
ORD2003074,MERCH001,bank_acct_2616****3957
ORD2057719,MERCH014,enr5drj@okhdfcbank
ORD2011076,MERCH016,jmvagaa@ybl
ORD2041443,MERCH010,bank_acct_5329****4125
ORD2009872,MERCH010,bank_acct_1915****7677
ORD2007356,MERCH016,wixvc16@okicici
ORD2011046,MERCH003,bank_acct_2031****2521
ORD2026145,MERCH014,bank_acct_6706****4974
ORD2041741,MERCH008,bank_acct_9366****2619
ORD2027283,MERCH020,fhts36s@oksbi
ORD2010317,MERCH005,umiwjqh@okhdfcbank
ORD2014259,MERCH017,bank_acct_5477****7297
ORD2054255,MERCH006,jefcgix@oksbi
ORD2010132,MERCH008,x2jlrs4@okhdfcbank
ORD2021559,MERCH009,p8nq7qz@okaxis
ORD2028811,MERCH004,bank_acct_3099****0374
ORD2042577,MERCH009,bank_acct_4112****8148
ORD2010800,MERCH008,bu4cfpc@ybl
ORD2030311,MERCH011,bank_acct_5227****1685
ORD2043899,MERCH007,24chimh@oksbi
ORD2031166,MERCH016,bank_acct_4507****9864
ORD2047731,MERCH004,bank_acct_0958****3478
ORD2051623,MERCH017,bank_acct_8748****5270
ORD2026681,MERCH020,em1gfln@okaxis
ORD2004741,MERCH006,3ezbh2h@okicici
ORD2047303,MERCH007,papuc9p@okicici
ORD2000341,MERCH019,83zonr7@okicici
ORD2055382,MERCH005,4ikqfuh@okhdfcbank
ORD2013209,MERCH008,bank_acct_5102****2597
ORD2031747,MERCH004,bank_acct_7280****6997
ORD2054200,MERCH005,bank_acct_5338****4883
ORD2035592,MERCH013,bank_acct_9790****4701
ORD2032189,MERCH002,bank_acct_8124****0822
ORD2055291,MERCH013,bank_acct_8222****3104
ORD2004838,MERCH005,bank_acct_1680****8558
ORD2002786,MERCH014,cvmxe5s@okhdfcbank
ORD2013480,MERCH001,7hsruga@oksbi
ORD2031419,MERCH020,bank_acct_7612****5142
ORD2052032,MERCH007,9nq9twt@oksbi
ORD2005093,MERCH003,bank_acct_5749****7936
ORD2035366,MERCH002,xsrywcq@okhdfcbank
ORD2041853,MERCH013,bank_acct_7380****3166
ORD2022196,MERCH014,bank_acct_9371****3874
ORD2035526,MERCH017,70lyjph@okicici
ORD2031513,MERCH010,bank_acct_3044****9591
ORD2052281,MERCH008,bank_acct_7522****3226
ORD2034995,MERCH008,arr9ceh@ybl
ORD2017707,MERCH011,bank_acct_2689****5212
ORD2024055,MERCH014,bank_acct_4673****4732
ORD2006872,MERCH016,xlgychs@okicici
ORD2051627,MERCH006,bank_acct_6432****1606
ORD2029922,MERCH002,bank_acct_3561****1929
ORD2021393,MERCH010,bank_acct_1275****3487
ORD2006277,MERCH004,bank_acct_1212****5723
ORD2046855,MERCH009,pmks3da@okicici
ORD2006494,MERCH012,bank_acct_6303****5902
ORD2010194,MERCH009,bf6cae8@okaxis
ORD2017997,MERCH012,o4mv6oq@okicici
ORD2059567,MERCH014,b89mhrs@okicici
ORD2013071,MERCH008,bank_acct_5333****5440
ORD2048598,MERCH011,bank_acct_7899****4263
ORD2048197,MERCH002,bank_acct_3952****3250
ORD2024868,MERCH014,ftdx31l@okicici
ORD2018195,MERCH001,bank_acct_7273****2156
ORD2028399,MERCH002,bank_acct_8257****1683
ORD2050514,MERCH011,bank_acct_5498****6226
ORD2057926,MERCH007,bank_acct_0553****7032
ORD2038167,MERCH010,jipficx@oksbi
ORD2003202,MERCH016,pkj2col@okhdfcbank
ORD2031175,MERCH009,qafdjw0@okaxis
ORD2058810,MERCH020,sefhxsn@okhdfcbank
ORD2053433,MERCH004,3t03csc@okhdfcbank
ORD2052176,MERCH005,ftdx31l@okicici
ORD2054252,MERCH016,nycz6cd@ybl
ORD2025304,MERCH012,xmycfmr@okaxis
ORD2055323,MERCH011,bank_acct_5153****7185
ORD2013147,MERCH016,qtpcoir@oksbi
ORD2039874,MERCH004,75t5aac@okicici
ORD2026192,MERCH001,bank_acct_3747****6974
ORD2012753,MERCH018,l8j4ocn@okhdfcbank
ORD2027562,MERCH005,zpcpkt6@okaxis
ORD2013943,MERCH011,ovhpjng@okicici
ORD2040062,MERCH012,bank_acct_9219****5535
ORD2036717,MERCH012,bank_acct_1818****0389
ORD2013364,MERCH019,ufdjsu8@ybl
ORD2017747,MERCH017,bank_acct_4175****9850
ORD2008195,MERCH020,bank_acct_2525****3701
ORD2036850,MERCH012,tzblvte@oksbi
ORD2034301,MERCH008,bank_acct_4351****1133
ORD2017659,MERCH009,hppkt9a@okicici
ORD2009404,MERCH007,bank_acct_4188****4330
ORD2027691,MERCH019,bank_acct_1931****2133
ORD2027329,MERCH013,5vhashf@oksbi
ORD2030675,MERCH003,bank_acct_8414****8006
ORD2000604,MERCH004,bank_acct_5518****8959
ORD2000401,MERCH005,bank_acct_8258****1667
ORD2021108,MERCH020,zfervpa@ybl
ORD2019303,MERCH004,rodrm5j@oksbi
ORD2043930,MERCH002,dzvyohe@ybl
ORD2001052,MERCH019,bank_acct_8852****5017
ORD2013064,MERCH007,crsn1dv@ybl
ORD2047113,MERCH007,bank_acct_4739****7664
ORD2046511,MERCH015,a3ux2tj@ybl
ORD2059358,MERCH004,thkjjzj@ybl
ORD2023963,MERCH003,odagudn@ybl
ORD2009706,MERCH019,bank_acct_1986****8076
ORD2029125,MERCH010,0ivjsav@okicici
ORD2038693,MERCH016,bank_acct_1293****4209
ORD2018524,MERCH007,3tp19gf@okhdfcbank
ORD2051914,MERCH018,bank_acct_7814****2135
ORD2015581,MERCH005,gfjgemy@oksbi
ORD2018177,MERCH020,bank_acct_6432****1606
ORD2033665,MERCH007,is2hrup@okicici
ORD2043779,MERCH014,bank_acct_2809****8230
ORD2046665,MERCH018,bank_acct_4713****0514
ORD2023473,MERCH009,bank_acct_9024****1565
ORD2018150,MERCH018,j8vbmfx@okicici
ORD2017694,MERCH012,bank_acct_0504****6426
ORD2036516,MERCH012,bank_acct_8421****3278
ORD2005587,MERCH015,bank_acct_1811****8438
ORD2003327,MERCH004,bank_acct_1913****5620
ORD2019070,MERCH014,bank_acct_2997****9282
ORD2022747,MERCH003,bank_acct_5362****7570
ORD2015527,MERCH016,irfxi55@ybl
ORD2032732,MERCH014,odcktwz@oksbi
ORD2022497,MERCH017,maq5w8f@oksbi
ORD2028468,MERCH017,ejkgcuo@okaxis
ORD2000417,MERCH001,bank_acct_3855****3179
ORD2030523,MERCH006,bank_acct_4732****2291
ORD2050233,MERCH020,bank_acct_6918****4023
ORD2042217,MERCH009,qwt8ncm@okaxis
ORD2053027,MERCH005,bank_acct_6393****6694
ORD2048655,MERCH010,bank_acct_5763****0889
ORD2006169,MERCH002,obrzjlg@oksbi
ORD2011635,MERCH019,bank_acct_0187****6362
ORD2018271,MERCH002,bank_acct_9011****7414
ORD2003146,MERCH007,eoq0hel@okicici
ORD2017537,MERCH013,bank_acct_1183****8023
ORD2046614,MERCH016,bank_acct_1548****6991
ORD2006552,MERCH018,bank_acct_5453****7483
ORD2058946,MERCH017,bank_acct_8106****3181
ORD2012211,MERCH003,bank_acct_0472****6364
ORD2041311,MERCH006,yurraof@okhdfcbank
ORD2024552,MERCH015,bank_acct_2702****5977
ORD2052157,MERCH017,bank_acct_6321****5655
ORD2006182,MERCH013,pw3hdos@okaxis
ORD2049113,MERCH018,q0b1gqd@okhdfcbank
ORD2058868,MERCH013,bank_acct_5800****0446
ORD2033730,MERCH013,bank_acct_0213****3795
ORD2001499,MERCH020,jqg0zfx@okhdfcbank
ORD2018777,MERCH009,bank_acct_0601****6025
ORD2005642,MERCH007,bank_acct_5403****9555
ORD2057647,MERCH006,ugvujdu@okhdfcbank
ORD2008599,MERCH001,bank_acct_5978****6554
ORD2039966,MERCH006,bank_acct_3584****9053
ORD2014504,MERCH019,mc25udg@okhdfcbank
ORD2023416,MERCH007,bank_acct_0798****5651
ORD2054522,MERCH019,bank_acct_1539****5645
ORD2017411,MERCH001,je4mefl@ybl
ORD2037360,MERCH017,asjgr6o@okicici
ORD2026049,MERCH015,bank_acct_7258****9483
ORD2046640,MERCH017,bank_acct_3810****5424
ORD2053574,MERCH017,bank_acct_4708****5580
ORD2000403,MERCH009,ik9pvdt@okicici
ORD2005277,MERCH010,tnsyhpa@okaxis
ORD2019307,MERCH008,bank_acct_9602****6522
ORD2052335,MERCH010,bank_acct_9596****6517
ORD2039654,MERCH009,bank_acct_8063****4345
ORD2032994,MERCH018,i3mcmmc@ybl
ORD2001434,MERCH004,bank_acct_4162****4667
ORD2026166,MERCH006,bank_acct_6501****6706
ORD2026473,MERCH008,lulvodb@okaxis
ORD2014453,MERCH002,bank_acct_4286****3566
ORD2027445,MERCH018,bank_acct_5513****1280
ORD2054997,MERCH008,vl1kv5v@oksbi
ORD2015923,MERCH010,bank_acct_5216****3069
ORD2035921,MERCH002,bank_acct_6639****6279
ORD2037264,MERCH005,bank_acct_8855****9720
ORD2055714,MERCH009,gvebocb@okhdfcbank
ORD2003301,MERCH005,ygespwo@oksbi
ORD2003907,MERCH009,bank_acct_7206****7398
ORD2054647,MERCH002,9ojhuis@ybl
ORD2006086,MERCH008,3l3zfxr@okicici
ORD2013667,MERCH007,zyqnefe@ybl
ORD2003858,MERCH018,sfl2dmi@okhdfcbank
ORD2003299,MERCH004,sqf4iup@okaxis
ORD2025141,MERCH001,bank_acct_8194****2589
ORD2000548,MERCH012,bank_acct_3857****8868
ORD2026917,MERCH020,bank_acct_7857****0880
ORD2041462,MERCH012,bank_acct_8864****4414
ORD2025952,MERCH011,bank_acct_2006****3749
ORD2028934,MERCH003,evmbbva@okhdfcbank
ORD2019614,MERCH018,bank_acct_1848****5799
ORD2003012,MERCH009,bank_acct_7021****4032
ORD2042994,MERCH005,i31cjya@okhdfcbank
ORD2013623,MERCH014,bank_acct_3534****9364
ORD2042324,MERCH020,bank_acct_9911****7436
ORD2044169,MERCH010,bank_acct_8919****9099
ORD2019297,MERCH011,izqqwbr@okaxis
ORD2009738,MERCH002,bank_acct_5009****6910
ORD2054321,MERCH001,bank_acct_8100****7829
ORD2044426,MERCH016,bank_acct_6008****0880
ORD2042687,MERCH008,bank_acct_9837****5449
ORD2005266,MERCH009,bank_acct_7433****1313
ORD2020247,MERCH006,bank_acct_1784****2221
ORD2022770,MERCH009,uavirwk@ybl
ORD2047795,MERCH001,bank_acct_2483****4176
ORD2031950,MERCH018,nutoahx@ybl
ORD2049255,MERCH019,bank_acct_7923****6760
ORD2054566,MERCH004,bank_acct_2431****5471
ORD2055535,MERCH013,bank_acct_2914****0845
ORD2002515,MERCH009,0pqihuv@okaxis
ORD2007028,MERCH020,bank_acct_0490****8657
ORD2002518,MERCH018,atkbxzf@ybl
ORD2018897,MERCH007,zeidadm@okicici
ORD2020437,MERCH015,bank_acct_5208****2989
ORD2015477,MERCH008,iwftsyb@okaxis
ORD2030005,MERCH011,bank_acct_3267****5813
ORD2033887,MERCH009,bank_acct_0750****7812
ORD2051753,MERCH007,bank_acct_8803****6529
ORD2016914,MERCH019,meiomrd@okicici
ORD2034513,MERCH013,bank_acct_4808****0735
ORD2017203,MERCH005,bank_acct_0356****1977
ORD2007295,MERCH015,bank_acct_3965****1116
ORD2041941,MERCH008,zazrjbh@okaxis
ORD2006518,MERCH014,bank_acct_5593****4584
ORD2027533,MERCH012,3gz6qix@oksbi
ORD2056750,MERCH005,bank_acct_9226****8278
ORD2010734,MERCH016,yvzcqs8@okicici
ORD2014649,MERCH014,bank_acct_2337****9067
ORD2008411,MERCH006,bank_acct_6554****5129
ORD2051160,MERCH015,bank_acct_8483****6441
ORD2010489,MERCH006,bank_acct_2784****6417
ORD2008418,MERCH006,bank_acct_5182****2044
ORD2033762,MERCH007,bank_acct_6450****9540
ORD2003706,MERCH020,bank_acct_0558****1523
ORD2036458,MERCH006,wtcqhaw@ybl
ORD2056731,MERCH007,bank_acct_5232****5668
ORD2042801,MERCH001,bank_acct_7037****4282
ORD2054872,MERCH010,bank_acct_0137****3134
ORD2010198,MERCH006,bank_acct_4668****8169
ORD2008884,MERCH006,cv9qxrv@okicici
ORD2042585,MERCH013,5b3mw9x@okaxis
ORD2017030,MERCH020,bank_acct_7287****0173
ORD2004089,MERCH007,d8easkz@okicici
ORD2025818,MERCH003,kqyqeel@okaxis
ORD2004918,MERCH005,ebnpgsq@okicici
ORD2025593,MERCH003,bank_acct_7321****6967
ORD2055308,MERCH014,bank_acct_6853****1454
ORD2011686,MERCH008,bank_acct_0987****2967
ORD2037707,MERCH015,bank_acct_7123****4081
ORD2059542,MERCH013,kd85lib@ybl
ORD2054355,MERCH004,wkd7ss8@ybl
ORD2020166,MERCH017,bank_acct_0553****8842
ORD2021357,MERCH005,bank_acct_7502****2218
ORD2038853,MERCH001,bank_acct_5456****5800
ORD2029806,MERCH020,i68vl01@okhdfcbank
ORD2005065,MERCH004,tn5yg7r@ybl
ORD2005985,MERCH013,bank_acct_7748****3294
ORD2043875,MERCH013,bvguo68@oksbi
ORD2026445,MERCH004,bank_acct_6765****5079
ORD2053825,MERCH001,bank_acct_4034****3926
ORD2025527,MERCH002,bank_acct_8063****1385
ORD2009081,MERCH005,bank_acct_6652****3331
ORD2015875,MERCH008,bank_acct_4558****8130
ORD2052701,MERCH003,bank_acct_0607****7814
ORD2024879,MERCH009,pdlatut@okaxis
ORD2040095,MERCH005,bank_acct_0500****7213
ORD2020236,MERCH020,bank_acct_9589****5976
ORD2048200,MERCH001,nybkfgz@okicici
ORD2044059,MERCH001,bank_acct_3483****3305
ORD2016021,MERCH004,zcn4x4z@oksbi
ORD2005566,MERCH018,3nyj3xq@okaxis
ORD2020931,MERCH011,bank_acct_3731****7490
ORD2028950,MERCH003,bank_acct_4330****1003
ORD2026339,MERCH008,mkdbk6n@okhdfcbank
ORD2003182,MERCH016,bank_acct_8361****0680
ORD2000209,MERCH019,bank_acct_1313****8542
ORD2026911,MERCH001,1ygjobg@okhdfcbank
ORD2021000,MERCH006,a0gtu3p@ybl
ORD2009168,MERCH010,k6sylpl@oksbi
ORD2040528,MERCH011,mvznfxx@okaxis
ORD2049272,MERCH016,fb68qge@oksbi
ORD2002200,MERCH005,9gkebnu@okhdfcbank
ORD2007327,MERCH008,ejyhafe@okaxis
ORD2058695,MERCH002,1x3rmpb@oksbi
ORD2053243,MERCH018,bank_acct_4277****1439
ORD2009682,MERCH009,etohcb6@okicici
ORD2024768,MERCH018,73n4v65@okhdfcbank
ORD2000384,MERCH004,bank_acct_7643****2343
ORD2042275,MERCH001,o0kqfbl@okaxis
ORD2028266,MERCH006,bank_acct_6008****0880
ORD2035756,MERCH004,fh5tb3d@okaxis
ORD2007741,MERCH018,bank_acct_7774****0708
ORD2048043,MERCH016,qtpcoir@oksbi
ORD2021593,MERCH017,qbrjmen@ybl
ORD2043723,MERCH014,3j4jrrn@ybl
ORD2050171,MERCH005,vkvdb48@ybl
ORD2000691,MERCH001,bank_acct_5166****8138
ORD2025589,MERCH008,bank_acct_8615****2320
ORD2016950,MERCH001,gkmmjny@okaxis
ORD2034510,MERCH007,bank_acct_8224****6318
ORD2046750,MERCH013,vicktxf@okaxis
ORD2052690,MERCH005,ghbhwch@ybl
ORD2042003,MERCH011,bank_acct_0256****3450
ORD2041256,MERCH008,0a7zmzr@ybl
ORD2019336,MERCH013,bank_acct_3708****9501
ORD2055750,MERCH004,gtthdx1@oksbi
ORD2020777,MERCH016,invce1g@ybl
ORD2055578,MERCH006,uoaxxgy@ybl
ORD2058259,MERCH004,kmspn02@oksbi
ORD2034307,MERCH008,xqoccdm@okicici
ORD2011369,MERCH004,cywne4a@okhdfcbank
ORD2008852,MERCH010,bank_acct_7165****8064
ORD2028877,MERCH012,ikj3kzk@oksbi
ORD2058392,MERCH003,bank_acct_3320****7519
ORD2029474,MERCH020,qiyql2m@okicici
ORD2049673,MERCH011,bank_acct_6257****1218
ORD2042042,MERCH004,bank_acct_9121****2155
ORD2043140,MERCH012,qzveui6@okhdfcbank
ORD2033842,MERCH003,zozv1hg@okaxis
ORD2007524,MERCH002,bank_acct_3306****6377
ORD2035297,MERCH020,ib5dm4c@ybl
ORD2011586,MERCH005,xaasssk@oksbi
ORD2033177,MERCH006,bank_acct_9951****4966
ORD2010010,MERCH014,u0epqlc@okaxis
ORD2054686,MERCH017,e9hgurt@ybl
ORD2013100,MERCH011,vrqrswx@ybl
ORD2059903,MERCH020,yofy7jl@ybl
ORD2017117,MERCH006,bank_acct_7675****1728
ORD2051036,MERCH014,bank_acct_0883****7189
ORD2023853,MERCH005,bank_acct_3896****2115
ORD2015596,MERCH010,bank_acct_1069****7899
ORD2059253,MERCH020,irxu23v@okhdfcbank
ORD2018426,MERCH010,bank_acct_2896****0228
ORD2005786,MERCH012,eqjvuyg@oksbi
ORD2026486,MERCH004,nzynmfx@okicici
ORD2057331,MERCH009,5ycm2ir@ybl
ORD2033676,MERCH016,bank_acct_8463****9837
ORD2029804,MERCH012,bank_acct_9881****8875
ORD2052993,MERCH009,yvcspys@ybl
ORD2010290,MERCH003,ncd9jjb@oksbi
ORD2036023,MERCH001,otxrntz@oksbi
ORD2001131,MERCH005,t0ysx38@okhdfcbank
ORD2020032,MERCH005,bank_acct_0878****1287
ORD2001846,MERCH011,bank_acct_7491****9270
ORD2020922,MERCH005,p6set2b@okhdfcbank
ORD2031456,MERCH013,bank_acct_8530****7298
ORD2023495,MERCH015,hisxqs2@ybl
ORD2004532,MERCH016,bank_acct_2770****1853
ORD2004530,MERCH003,bank_acct_9700****3364
ORD2013262,MERCH004,wxm3tsq@okicici
ORD2033509,MERCH019,tcmndgw@okaxis
ORD2044024,MERCH016,iqrozy9@okicici
ORD2024381,MERCH005,bank_acct_9263****9459
ORD2054622,MERCH003,wscwnmq@okhdfcbank
ORD2042646,MERCH011,bank_acct_3860****8002
ORD2038139,MERCH005,bank_acct_5289****4178
ORD2042020,MERCH006,bank_acct_4808****1096
ORD2045763,MERCH013,bank_acct_4744****3235
ORD2014275,MERCH012,muminj6@okicici
ORD2007611,MERCH011,bank_acct_1136****0183
ORD2051592,MERCH016,bank_acct_6407****8193
ORD2016291,MERCH014,zqajxg0@oksbi
ORD2034119,MERCH016,bank_acct_8133****8755
ORD2020977,MERCH014,4g1cera@okaxis
ORD2042064,MERCH020,dvfaxrn@okicici
ORD2015495,MERCH011,bank_acct_8294****1918
ORD2034654,MERCH005,ypuvohy@okaxis
ORD2035256,MERCH008,bank_acct_3521****1448
ORD2041571,MERCH013,bank_acct_9495****8770
ORD2021043,MERCH014,bank_acct_1035****1814
ORD2006875,MERCH018,bank_acct_2285****5102
ORD2027228,MERCH016,l4xlyqq@okicici
ORD2024539,MERCH018,bank_acct_1225****0154
ORD2039624,MERCH018,fzbnu2b@oksbi
ORD2011153,MERCH016,bank_acct_2533****5209
ORD2009794,MERCH018,bank_acct_3895****6788
ORD2030952,MERCH018,2kdue1e@okicici
ORD2041436,MERCH008,ra7mdzh@oksbi
ORD2051448,MERCH013,bank_acct_7910****8560
ORD2055265,MERCH003,bank_acct_5763****6285
ORD2018358,MERCH019,g28cnuq@okaxis
ORD2012034,MERCH014,8uaq4tr@ybl
ORD2032775,MERCH017,yibdnh5@okicici
ORD2016665,MERCH019,z0ysqaq@ybl
ORD2012373,MERCH008,bank_acct_1864****5776
ORD2001001,MERCH003,bank_acct_9332****7740
ORD2014902,MERCH008,4ugiuhu@oksbi
ORD2013756,MERCH012,q0hid6k@okicici
ORD2003526,MERCH001,bank_acct_0506****8264
ORD2059315,MERCH007,vfhbpqj@okaxis
ORD2000005,MERCH001,bank_acct_4079****3677
ORD2050874,MERCH012,bank_acct_0300****9157
ORD2046334,MERCH018,nkv35ak@oksbi
ORD2020603,MERCH009,bank_acct_9696****3727
ORD2014412,MERCH004,fqm7lta@ybl
ORD2022995,MERCH002,bank_acct_3586****1364
ORD2016870,MERCH012,qndnchm@ybl
ORD2047373,MERCH012,bank_acct_2408****6161
ORD2048346,MERCH005,bank_acct_5276****3263
ORD2005176,MERCH010,bank_acct_0349****2089
ORD2029345,MERCH015,55zbdy9@okhdfcbank
ORD2042683,MERCH005,ga1wjqr@okaxis
ORD2040962,MERCH018,bank_acct_4561****7200
ORD2035624,MERCH014,idcl99l@oksbi
ORD2025559,MERCH008,bank_acct_1183****1421
ORD2019108,MERCH007,4i0wnhr@okaxis
ORD2013647,MERCH006,bank_acct_6008****0880
ORD2059423,MERCH002,j2qewxt@okaxis
ORD2018161,MERCH005,bank_acct_0995****0387
ORD2014509,MERCH004,ofbzlha@ybl
ORD2036575,MERCH005,bank_acct_3873****6092
ORD2023240,MERCH013,bank_acct_3368****2432
ORD2057691,MERCH001,bank_acct_2787****9208
ORD2032248,MERCH014,bank_acct_5278****4358
ORD2001857,MERCH012,bank_acct_6660****1649
ORD2021541,MERCH002,bank_acct_1175****4922
ORD2026220,MERCH004,bank_acct_8146****7086
ORD2057682,MERCH013,bank_acct_5227****1685
ORD2035913,MERCH003,y5sqcnx@okhdfcbank
ORD2031795,MERCH016,bank_acct_2197****9802
ORD2022728,MERCH020,n6quhwa@ybl
ORD2013633,MERCH006,bank_acct_3510****4438
ORD2026788,MERCH001,cgxo2yz@okaxis
ORD2014753,MERCH005,bank_acct_0252****4085
ORD2010284,MERCH012,vuwhng1@okicici
ORD2017620,MERCH005,adutmhl@okicici
ORD2020246,MERCH003,bank_acct_5951****3087
ORD2011943,MERCH008,bank_acct_5340****4489
ORD2007648,MERCH003,tlgiluy@okhdfcbank
ORD2052106,MERCH001,xkq1pts@okicici
ORD2026735,MERCH019,z9wog6d@okaxis
ORD2046412,MERCH014,bank_acct_5527****2196
ORD2055190,MERCH005,bank_acct_5374****0249
ORD2012820,MERCH006,iuyqdxe@okaxis
ORD2058745,MERCH016,dhlruls@oksbi
ORD2033918,MERCH005,zsnkia8@okaxis
ORD2002176,MERCH017,bank_acct_1992****0311
ORD2042166,MERCH010,dm6cjsm@oksbi
ORD2002528,MERCH016,bank_acct_2145****7485
ORD2038638,MERCH014,lqkgn9r@ybl
ORD2000543,MERCH011,e1elzaz@okicici
ORD2012965,MERCH015,bank_acct_9826****6961
ORD2020491,MERCH001,nulfrrw@ybl
ORD2048950,MERCH010,zxgsc9n@okaxis
ORD2013705,MERCH004,vmlgwjx@oksbi
ORD2029382,MERCH005,bank_acct_4238****6974
ORD2022847,MERCH002,bank_acct_4354****8349
ORD2051746,MERCH002,glo2b6f@okicici
ORD2035862,MERCH020,io9ynhs@ybl
ORD2010035,MERCH006,bank_acct_1569****3718
ORD2020927,MERCH017,ebko30s@okhdfcbank
ORD2016616,MERCH006,bank_acct_6204****1228
ORD2043916,MERCH001,2z3omif@oksbi
ORD2004771,MERCH013,bank_acct_8937****1540
ORD2059137,MERCH014,bank_acct_1786****2091
ORD2028553,MERCH015,ypm38ca@ybl
ORD2024091,MERCH019,bank_acct_1986****8076
ORD2042575,MERCH019,bank_acct_0037****6154
ORD2006064,MERCH017,bank_acct_4396****1310
ORD2055751,MERCH010,kdb2gfz@okicici
ORD2011969,MERCH008,bank_acct_9556****1879
ORD2045421,MERCH014,bank_acct_0785****7482
ORD2042376,MERCH006,hwbm8k6@okicici
ORD2031081,MERCH009,nctozrw@ybl
ORD2009441,MERCH003,no4nrzd@okhdfcbank
ORD2002477,MERCH017,vq60hka@okicici
ORD2018207,MERCH013,bank_acct_7996****6394
ORD2020811,MERCH005,696domx@okhdfcbank
ORD2045995,MERCH007,zzdyd5f@oksbi
ORD2028240,MERCH013,ytzposk@okaxis
ORD2014741,MERCH020,bank_acct_0008****9195
ORD2018746,MERCH002,p1z1mmv@oksbi
ORD2013811,MERCH008,bank_acct_3507****7963
ORD2008126,MERCH013,bvguo68@oksbi
ORD2015132,MERCH018,bank_acct_1319****6115
ORD2008729,MERCH020,doiijtw@oksbi
ORD2043668,MERCH003,bank_acct_1176****6220
ORD2041835,MERCH015,bank_acct_5018****9228
ORD2003482,MERCH016,plrwfys@okaxis
ORD2002982,MERCH011,fxowbl3@oksbi
ORD2020539,MERCH013,bank_acct_7945****2770
ORD2016433,MERCH013,bank_acct_7684****9099
ORD2015017,MERCH006,bank_acct_6242****3879
ORD2014685,MERCH002,bank_acct_2451****0362
ORD2054337,MERCH012,bank_acct_8895****5604
ORD2015387,MERCH014,vuhf26n@ybl
ORD2020686,MERCH007,bank_acct_1522****2109
ORD2048943,MERCH009,juihalo@ybl
ORD2032747,MERCH004,b56pl75@ybl
ORD2043543,MERCH004,bank_acct_5587****7661
ORD2042854,MERCH003,aj6oul0@okicici
ORD2030432,MERCH012,bank_acct_9382****6600
ORD2018147,MERCH020,ygqzh50@oksbi
ORD2009232,MERCH011,kjbnfru@okhdfcbank
ORD2042711,MERCH001,ihv3kyw@okicici
ORD2041289,MERCH008,ciqx996@okhdfcbank
ORD2039435,MERCH016,qtpcoir@oksbi
ORD2049572,MERCH018,bank_acct_7853****5640
ORD2053708,MERCH004,etqkygg@ybl
ORD2002347,MERCH003,pjmu14u@okaxis
ORD2013356,MERCH007,qek7hu4@okaxis
ORD2029505,MERCH020,bank_acct_5859****8693
ORD2030639,MERCH001,bank_acct_2205****8239
ORD2042781,MERCH010,qvk7lq7@okicici
ORD2049280,MERCH007,bank_acct_5223****3653
ORD2057446,MERCH018,bank_acct_1822****6833
ORD2038718,MERCH007,1absnls@okhdfcbank
ORD2053937,MERCH002,5cwfz7y@okicici
ORD2032597,MERCH008,amlbo3s@okhdfcbank
ORD2057806,MERCH009,bank_acct_8388****2905
ORD2032557,MERCH003,krufz9g@okaxis
ORD2056259,MERCH019,iuq0mng@oksbi
ORD2042193,MERCH019,jvxh5os@oksbi
ORD2014101,MERCH002,bank_acct_0224****1071
ORD2043877,MERCH019,bank_acct_2828****0952
ORD2002666,MERCH016,mnm7xbi@oksbi
ORD2024860,MERCH002,bank_acct_9817****2654
ORD2013847,MERCH002,bank_acct_1236****7601
ORD2057202,MERCH011,d0uypzu@oksbi
ORD2037560,MERCH003,bank_acct_5606****4367
ORD2051413,MERCH010,bank_acct_3451****9708
ORD2006936,MERCH019,bank_acct_5315****3249
ORD2028029,MERCH010,1fukatv@oksbi
ORD2040861,MERCH013,bank_acct_8482****5726
ORD2043816,MERCH017,bank_acct_1434****9000
ORD2011952,MERCH007,zmghjcl@okicici
ORD2046350,MERCH011,bank_acct_1310****5546
ORD2052303,MERCH013,bank_acct_0755****2643
ORD2029996,MERCH012,f8g22s9@okhdfcbank
ORD2039743,MERCH005,xgsy4nv@okaxis
ORD2028852,MERCH004,bank_acct_2056****9212
ORD2006012,MERCH011,bank_acct_8790****2283
ORD2001936,MERCH014,bank_acct_1463****1456
ORD2028705,MERCH017,jg25w1b@okicici
ORD2053915,MERCH004,bank_acct_2037****2243
ORD2031169,MERCH017,bank_acct_5304****3341
ORD2011093,MERCH005,fixijgg@oksbi
ORD2046991,MERCH001,h77coy3@ybl
ORD2042843,MERCH019,bank_acct_9579****9073
ORD2003098,MERCH013,bank_acct_5895****1445
ORD2002844,MERCH016,bank_acct_0862****6698
ORD2011509,MERCH019,bank_acct_9438****0395
ORD2053393,MERCH017,bank_acct_5013****5422
ORD2022701,MERCH010,bank_acct_9501****7485
ORD2049329,MERCH006,bank_acct_8897****4017
ORD2014279,MERCH013,bank_acct_7453****6752
ORD2049500,MERCH003,avmwpbv@okhdfcbank
ORD2047217,MERCH003,aucfypx@okhdfcbank
ORD2031338,MERCH008,0z5drqc@okhdfcbank
ORD2030386,MERCH007,k3wcmoy@okhdfcbank
ORD2014820,MERCH005,bank_acct_2668****3621
ORD2054988,MERCH015,2urdfpr@oksbi
ORD2016177,MERCH017,bank_acct_8311****9085
ORD2056314,MERCH017,bank_acct_6093****5800
ORD2028673,MERCH020,xmvkivm@okhdfcbank
ORD2026230,MERCH017,5glx7uv@okicici
ORD2003183,MERCH011,bank_acct_4751****7631
ORD2039954,MERCH015,9oyxoqi@okaxis
ORD2007423,MERCH005,bank_acct_8770****2575
ORD2005224,MERCH011,8bw6khb@oksbi
ORD2053354,MERCH010,bank_acct_7674****7036
ORD2023967,MERCH012,a8txyfq@oksbi
ORD2007667,MERCH020,qabpxy5@ybl
ORD2007038,MERCH014,bank_acct_7206****1585
ORD2038746,MERCH002,miprzhe@okhdfcbank
ORD2008234,MERCH013,bank_acct_5174****1806
ORD2037743,MERCH010,bank_acct_8224****6318
ORD2020229,MERCH020,oalsdaa@okhdfcbank
ORD2051498,MERCH020,bank_acct_0463****3854
ORD2018848,MERCH003,bank_acct_1569****2209
ORD2015137,MERCH005,uqhdwea@ybl
ORD2052764,MERCH019,bank_acct_7664****4061
ORD2000575,MERCH016,bank_acct_2854****6367
ORD2057606,MERCH004,nfgx6aj@oksbi
ORD2045241,MERCH001,7e5cy27@okicici
ORD2038079,MERCH005,bank_acct_5048****1077
ORD2059887,MERCH002,2urdfpr@oksbi
ORD2041103,MERCH018,bank_acct_0641****7450
ORD2018215,MERCH003,8scy1id@okicici
ORD2001841,MERCH016,bank_acct_3080****9066
ORD2044939,MERCH004,xxg3lka@okicici
ORD2052552,MERCH015,bank_acct_7202****0526
ORD2006149,MERCH011,bank_acct_5733****4802
ORD2038471,MERCH006,bank_acct_9065****6025
ORD2024259,MERCH010,qjhoolm@okicici
ORD2020123,MERCH006,bdtsmbz@okhdfcbank
ORD2025198,MERCH003,bank_acct_9702****3615
ORD2024867,MERCH009,bank_acct_3531****7904
ORD2026007,MERCH019,mtjh6kq@okhdfcbank
ORD2038993,MERCH012,zvlz6kr@ybl
ORD2043044,MERCH012,bank_acct_4900****8846
ORD2023394,MERCH003,0ffo9n8@ybl
ORD2053053,MERCH003,bank_acct_6002****9249
ORD2014888,MERCH006,yysxs2f@okaxis
ORD2024435,MERCH015,bank_acct_7050****5654
ORD2023537,MERCH009,vyuenzr@oksbi
ORD2051282,MERCH016,6cbwb6g@okhdfcbank
ORD2041306,MERCH009,bank_acct_9032****8833
ORD2053695,MERCH015,bank_acct_7843****6491
ORD2030464,MERCH005,p5uygal@okhdfcbank
ORD2049396,MERCH004,tqjbcgk@okaxis
ORD2000761,MERCH019,bank_acct_5355****6679
ORD2039397,MERCH016,bank_acct_8776****1236
ORD2011248,MERCH002,c2xqehw@okicici
ORD2026420,MERCH012,bank_acct_6203****0141
ORD2000840,MERCH010,z76pre4@okicici
ORD2045646,MERCH013,bank_acct_2326****5928
ORD2055686,MERCH014,bank_acct_9600****2920
ORD2057797,MERCH020,bank_acct_5695****4733
ORD2021592,MERCH005,bank_acct_1132****7920
ORD2014999,MERCH015,bank_acct_5951****0060
ORD2025968,MERCH012,kveyx0m@okhdfcbank
ORD2005666,MERCH017,asruowu@oksbi
ORD2030607,MERCH020,bank_acct_7190****4874
ORD2044170,MERCH011,bank_acct_6823****0369
ORD2019042,MERCH012,begdpvi@okicici
ORD2005481,MERCH003,bank_acct_1485****9739
ORD2053641,MERCH014,bank_acct_4837****8452
ORD2053126,MERCH017,bank_acct_1606****7354
ORD2019395,MERCH015,bank_acct_8594****7437
ORD2005629,MERCH009,hbhruq2@okaxis
ORD2008006,MERCH002,pj7gbqj@okaxis
ORD2003256,MERCH020,bank_acct_8906****0379
ORD2051826,MERCH002,bank_acct_3759****0580
ORD2022433,MERCH008,bank_acct_3147****8148
ORD2001027,MERCH018,dapi33n@okhdfcbank
ORD2040586,MERCH001,mjsdnp2@okicici
ORD2052161,MERCH005,yxxirtt@okaxis
ORD2020535,MERCH004,mdhh8bt@ybl
ORD2010163,MERCH010,h8fqxya@okicici
ORD2013068,MERCH013,bank_acct_8242****8197
ORD2055882,MERCH006,bank_acct_4386****8288
ORD2057530,MERCH019,7huqdp8@oksbi
ORD2033349,MERCH013,lk2dlsh@oksbi
ORD2011459,MERCH003,bank_acct_4250****6426
ORD2005513,MERCH008,bank_acct_0633****6998
ORD2022542,MERCH013,bank_acct_8231****2035
ORD2057566,MERCH015,bank_acct_2885****0164
ORD2045582,MERCH003,bank_acct_7139****0495
ORD2035352,MERCH012,xpcgtfv@ybl
ORD2054107,MERCH003,bank_acct_6254****4968
ORD2044850,MERCH018,5cxdbkh@okaxis
ORD2042702,MERCH015,hgohjw8@ybl
ORD2012824,MERCH004,bzhfthl@ybl
ORD2041870,MERCH003,bank_acct_8698****1251
ORD2015806,MERCH014,ftdx31l@okicici
ORD2057132,MERCH013,yktykwg@ybl
ORD2054437,MERCH014,bank_acct_4839****3187
ORD2001177,MERCH007,bank_acct_3274****1689
ORD2002582,MERCH019,bvguo68@oksbi
ORD2038524,MERCH003,sfrbu0o@okicici
ORD2035162,MERCH003,bank_acct_0818****3793
ORD2001817,MERCH020,tvt4b7m@oksbi
ORD2047542,MERCH016,bank_acct_8415****9709
ORD2038751,MERCH007,jejagvw@okicici
ORD2018116,MERCH016,bank_acct_3748****5875
ORD2047129,MERCH004,vy4gmve@ybl
ORD2037041,MERCH009,bank_acct_0090****2624
ORD2002644,MERCH015,bank_acct_8763****5768
ORD2006455,MERCH002,dai9olk@okaxis
ORD2017867,MERCH018,usprgzj@okhdfcbank
ORD2041265,MERCH005,qxzsprp@okhdfcbank
ORD2001855,MERCH016,bank_acct_5432****7357
ORD2050315,MERCH005,el7dada@okaxis
ORD2015381,MERCH007,bank_acct_5040****1139
ORD2058733,MERCH011,vvmrjnl@ybl
ORD2029664,MERCH019,k03ekc1@oksbi
ORD2008986,MERCH002,bank_acct_7735****7683
ORD2016510,MERCH020,bank_acct_2897****3592
ORD2005949,MERCH013,bank_acct_4319****6577
ORD2031918,MERCH002,bank_acct_7832****0697
ORD2031885,MERCH012,bank_acct_9118****7393
ORD2039884,MERCH014,cfiylm2@okaxis
ORD2055326,MERCH009,bank_acct_9696****3727
ORD2014099,MERCH002,bank_acct_1356****0387
ORD2034430,MERCH007,bank_acct_0403****6292
ORD2049811,MERCH001,s1wgzsb@okaxis
ORD2018767,MERCH014,hwghrnz@oksbi
ORD2024294,MERCH009,bank_acct_7096****5309
ORD2052271,MERCH009,bank_acct_6669****4879
ORD2003049,MERCH006,bank_acct_0036****6103
ORD2050335,MERCH003,bank_acct_1319****4694
ORD2055965,MERCH005,khygr1q@okhdfcbank
ORD2017361,MERCH003,bxmoyrp@okhdfcbank
ORD2057584,MERCH009,ehdpyzg@okhdfcbank
ORD2056082,MERCH013,bank_acct_4163****2551
ORD2006302,MERCH003,bf9jkgb@okicici
ORD2019862,MERCH010,bank_acct_9808****7532
ORD2049959,MERCH015,bank_acct_3023****0448
ORD2011246,MERCH014,bank_acct_8763****5288
ORD2010050,MERCH017,bank_acct_2735****5432
ORD2017099,MERCH007,bank_acct_3646****5311
ORD2045493,MERCH009,edz7wkt@oksbi
ORD2036397,MERCH006,bank_acct_6531****2134
ORD2055495,MERCH002,ian4u2q@okicici
ORD2028421,MERCH003,bank_acct_1585****6006
ORD2008083,MERCH014,yd9nfmd@okhdfcbank
ORD2047378,MERCH011,rwejewu@okaxis
ORD2019714,MERCH010,eycvihx@ybl
ORD2028963,MERCH006,bank_acct_0219****8281
ORD2058397,MERCH007,bank_acct_7936****3545
ORD2015884,MERCH012,bank_acct_6012****3061
ORD2055850,MERCH014,bank_acct_4997****9498
ORD2026778,MERCH016,bank_acct_5786****3669
ORD2010527,MERCH016,wfuxhsv@okicici
ORD2018776,MERCH018,bank_acct_2644****8528
ORD2042593,MERCH006,bank_acct_7746****1020
ORD2022856,MERCH014,dbj6wgk@okaxis
ORD2011920,MERCH012,b6uydnf@oksbi
ORD2005758,MERCH019,bank_acct_9309****0384
ORD2037862,MERCH013,bvguo68@oksbi
ORD2003434,MERCH018,bank_acct_9638****8115
ORD2016371,MERCH020,v8zd4gy@ybl
ORD2058123,MERCH007,ky3pav8@okaxis
ORD2012999,MERCH003,rjf4wck@okhdfcbank
ORD2048747,MERCH003,sdmemmq@oksbi
ORD2042209,MERCH019,bank_acct_7929****6592
ORD2014994,MERCH020,bank_acct_8000****6701
ORD2014779,MERCH005,gdypmxt@okicici
ORD2012956,MERCH011,bank_acct_0121****9720
ORD2002779,MERCH011,x46nr9l@okicici
ORD2020039,MERCH001,6otrafj@ybl
ORD2014621,MERCH005,bank_acct_0243****9177
ORD2014819,MERCH015,bank_acct_9376****8633
ORD2002405,MERCH005,bank_acct_3614****1333
ORD2007357,MERCH016,1ofgrud@oksbi
ORD2004593,MERCH011,bank_acct_3125****3030
ORD2029308,MERCH004,bank_acct_4223****3688
ORD2013253,MERCH014,bank_acct_5183****4659
ORD2021600,MERCH009,bank_acct_6439****6062
ORD2050625,MERCH017,dizak6r@okhdfcbank
ORD2056266,MERCH002,sdmemmq@oksbi
ORD2001568,MERCH015,i9pj9mc@okhdfcbank
ORD2007209,MERCH005,rrzozm7@okhdfcbank
ORD2035711,MERCH015,bank_acct_1930****2619
ORD2051534,MERCH019,xbhcaxp@okhdfcbank
ORD2004526,MERCH004,qy9wwsw@okicici
ORD2023653,MERCH002,ygvmogd@oksbi
ORD2013860,MERCH007,loypzkk@okaxis
ORD2058434,MERCH007,bank_acct_9921****4708
ORD2051846,MERCH014,bank_acct_1778****5657
ORD2015984,MERCH018,o3k3wa4@okaxis
ORD2042462,MERCH006,y5poe9m@okicici
ORD2058608,MERCH020,wivfyzf@okicici
ORD2013091,MERCH013,bank_acct_2836****5019
ORD2035493,MERCH007,4aazgjl@okhdfcbank
ORD2045599,MERCH012,bank_acct_1983****6908
ORD2008511,MERCH007,bank_acct_7541****9443
ORD2026695,MERCH007,bank_acct_1568****1705
ORD2023673,MERCH013,bank_acct_5227****1685
ORD2011073,MERCH001,ycsijba@okaxis
ORD2037056,MERCH012,bank_acct_5165****1773
ORD2003125,MERCH012,nrpv7mb@okhdfcbank
ORD2000375,MERCH001,bank_acct_7132****6214
ORD2044237,MERCH010,bank_acct_1698****9742
ORD2019894,MERCH010,bank_acct_6365****6070
ORD2044822,MERCH017,bank_acct_5953****3876
ORD2013668,MERCH004,bank_acct_3920****8312
ORD2005506,MERCH016,bank_acct_6651****9223
ORD2005431,MERCH015,pqw0qg4@okaxis
ORD2042443,MERCH014,baiehqv@okicici
ORD2015027,MERCH014,em86pjy@okaxis
ORD2032684,MERCH012,dzn82n9@okaxis
ORD2021565,MERCH012,mkizedk@okicici
ORD2051222,MERCH016,bank_acct_6008****0880
ORD2000910,MERCH017,bank_acct_9232****3260
ORD2032968,MERCH011,bank_acct_1272****7875
ORD2012893,MERCH004,bank_acct_5579****4375
ORD2020994,MERCH006,vefao6l@okhdfcbank
ORD2028497,MERCH015,vbhaczq@okicici
ORD2014666,MERCH014,bank_acct_3281****0545
ORD2006067,MERCH012,mrrfqpb@okhdfcbank
ORD2052050,MERCH006,bank_acct_9692****1268
ORD2045033,MERCH018,bank_acct_0806****4719
ORD2044322,MERCH020,qdnrdlw@okicici
ORD2013383,MERCH006,bank_acct_0847****5080
ORD2015251,MERCH018,k5hj9af@okhdfcbank
ORD2051426,MERCH014,bajd1th@okhdfcbank
ORD2023425,MERCH013,bank_acct_2521****7835
ORD2010444,MERCH010,bank_acct_7520****2211
ORD2049853,MERCH014,bank_acct_4656****5344
ORD2033254,MERCH010,ivx5ivx@okhdfcbank
ORD2041819,MERCH020,bank_acct_6982****7933
ORD2024502,MERCH004,t1tr6e8@okicici
ORD2057822,MERCH003,oxoyczy@okhdfcbank
ORD2024377,MERCH004,bank_acct_7918****1890
ORD2012042,MERCH003,bank_acct_3942****8502
ORD2050341,MERCH001,bhgld0z@okhdfcbank
ORD2051866,MERCH003,euykdp3@okaxis
ORD2056390,MERCH004,bank_acct_1500****3797
ORD2040130,MERCH016,bank_acct_3248****0783
ORD2034285,MERCH020,5o7puki@okicici
ORD2025671,MERCH018,bank_acct_8248****1817
ORD2019809,MERCH004,acsxb6u@okaxis
ORD2047662,MERCH007,bank_acct_5232****5668
ORD2050596,MERCH017,bank_acct_8470****7255
ORD2037188,MERCH019,bank_acct_9654****5521
ORD2053689,MERCH002,usymdyv@okicici
ORD2002868,MERCH010,bank_acct_2732****5406
ORD2035518,MERCH014,ighqncp@okaxis
ORD2011026,MERCH007,bank_acct_9435****0145
ORD2039703,MERCH008,9jkr7ff@ybl
ORD2035453,MERCH015,bank_acct_5675****4461
ORD2012341,MERCH018,bank_acct_9300****7936
ORD2021654,MERCH013,bank_acct_2595****1231
ORD2026528,MERCH004,bank_acct_6892****8235
ORD2022131,MERCH007,bank_acct_1639****9380
ORD2036292,MERCH016,bank_acct_0202****4741
ORD2015098,MERCH004,aalnhsu@oksbi
ORD2015351,MERCH012,bank_acct_5517****3704
ORD2025748,MERCH015,bank_acct_1551****0976
ORD2012948,MERCH014,bank_acct_1465****3288
ORD2005827,MERCH013,xqmmh1w@okhdfcbank
ORD2038180,MERCH001,ixrhqya@oksbi
ORD2050861,MERCH012,bank_acct_4540****6036
ORD2034489,MERCH008,kaavrof@oksbi
ORD2035763,MERCH013,boqikqk@oksbi
ORD2025867,MERCH009,au08wla@okicici
ORD2047100,MERCH009,bank_acct_0126****7023
ORD2042070,MERCH010,bank_acct_5871****2035
ORD2052101,MERCH014,yagefje@okhdfcbank
ORD2008001,MERCH008,xshrza0@ybl
ORD2021914,MERCH001,bank_acct_7141****4745
ORD2006922,MERCH014,litt4gl@ybl
ORD2013625,MERCH002,jrqrb7l@oksbi
ORD2045748,MERCH001,sa1xdze@okhdfcbank
ORD2013827,MERCH001,pkckc0u@ybl
ORD2007573,MERCH005,3j4wdsk@oksbi
ORD2054596,MERCH012,bank_acct_9489****2683
ORD2025927,MERCH017,bank_acct_1783****6091
ORD2041547,MERCH020,bank_acct_3121****5562
ORD2001748,MERCH011,bank_acct_7778****7100
ORD2001074,MERCH016,bank_acct_0818****3793
ORD2044359,MERCH019,jvin5e8@okhdfcbank
ORD2042838,MERCH006,iqrozy9@okicici
ORD2036702,MERCH018,bank_acct_1046****1371
ORD2011649,MERCH013,bvguo68@oksbi
ORD2022930,MERCH020,bank_acct_5035****5709
ORD2011195,MERCH013,qoftfgr@okaxis
ORD2043430,MERCH006,bank_acct_6008****0880
ORD2012915,MERCH019,bank_acct_1233****4315
ORD2052459,MERCH014,xa1eadg@okhdfcbank
ORD2016991,MERCH005,gg7f2xm@oksbi
ORD2011283,MERCH013,bank_acct_1123****3113
ORD2007309,MERCH006,lyp5s4o@okicici
ORD2038039,MERCH013,obklj7h@okhdfcbank
ORD2058491,MERCH011,bank_acct_6620****8572
ORD2006716,MERCH017,2cxh23e@oksbi
ORD2055583,MERCH008,ftdx31l@okicici
ORD2039523,MERCH008,dq1gadf@okicici
ORD2023909,MERCH004,bank_acct_3627****4509
ORD2036305,MERCH005,bank_acct_8582****7453
ORD2016534,MERCH002,boqikqk@oksbi
ORD2009486,MERCH019,bank_acct_5396****2559
ORD2056834,MERCH013,zl4tlyj@ybl
ORD2012912,MERCH009,bank_acct_0027****1938
ORD2019970,MERCH018,ws0gd31@ybl
ORD2010657,MERCH006,bank_acct_8309****9721
ORD2002669,MERCH011,bank_acct_4115****7079
ORD2002876,MERCH007,egrxvxv@okaxis
ORD2022662,MERCH003,n1andmf@okhdfcbank
ORD2056149,MERCH003,bank_acct_0174****3247
ORD2002163,MERCH001,bank_acct_7851****7321
ORD2030580,MERCH018,iqrozy9@okicici
ORD2005328,MERCH019,bank_acct_4033****6234
ORD2048420,MERCH005,bank_acct_5098****0149
ORD2001148,MERCH001,ghn2cmq@okaxis
ORD2038798,MERCH010,euykdp3@okaxis
ORD2029809,MERCH018,bank_acct_3414****3540
ORD2024647,MERCH003,bank_acct_3879****5463
ORD2032839,MERCH019,qvpwemv@okicici
ORD2029249,MERCH013,k1uatzp@okaxis
ORD2036323,MERCH001,ckzduos@ybl
ORD2034220,MERCH005,mkvj3l1@okhdfcbank
ORD2056797,MERCH015,bank_acct_3144****7724
ORD2046593,MERCH012,qwx9fym@okaxis
ORD2032226,MERCH006,wqcgyej@okhdfcbank
ORD2003687,MERCH008,atrpzkc@oksbi
ORD2000708,MERCH008,bank_acct_6312****9468
ORD2041531,MERCH010,nateqsw@ybl
ORD2035035,MERCH007,bank_acct_6043****9285
ORD2014946,MERCH018,kkhc4ur@okicici
ORD2049888,MERCH008,miioro9@oksbi
ORD2032192,MERCH013,pa93dtt@okicici
ORD2013995,MERCH009,bank_acct_0501****4412
ORD2048685,MERCH002,bank_acct_0713****0740
ORD2008724,MERCH009,bank_acct_4141****2311
ORD2003549,MERCH003,2pupmuh@okaxis
ORD2010436,MERCH005,11aknob@okhdfcbank
ORD2058656,MERCH001,wiqgcmg@oksbi
ORD2054349,MERCH019,bank_acct_3908****7655
ORD2056619,MERCH004,n0s0lqp@okaxis
ORD2019139,MERCH004,khhvhqh@okicici
ORD2020181,MERCH015,bank_acct_4504****6736
ORD2007069,MERCH020,bank_acct_1128****5818
ORD2002138,MERCH004,ghow4p9@okaxis
ORD2046405,MERCH004,bank_acct_1341****9038
ORD2023622,MERCH005,nuuohno@oksbi
ORD2018615,MERCH010,5e8fjin@oksbi
ORD2047515,MERCH009,bank_acct_5553****4903
ORD2032191,MERCH006,vek6qtb@okhdfcbank
ORD2026710,MERCH003,9j7dln3@okhdfcbank
ORD2020158,MERCH003,bank_acct_7268****2815
ORD2057929,MERCH016,o3azfnw@okaxis
ORD2014331,MERCH012,bank_acct_3697****4605
ORD2022061,MERCH007,s6kp158@okhdfcbank
ORD2041007,MERCH013,bank_acct_9231****2753
ORD2023251,MERCH004,bank_acct_8760****5745
ORD2044760,MERCH016,0ohjk8y@okicici
ORD2041570,MERCH001,ndy64yg@okicici
ORD2047474,MERCH014,vugvtzj@okicici
ORD2009385,MERCH014,bank_acct_2337****9067
ORD2009053,MERCH003,ptblga6@okhdfcbank
ORD2024653,MERCH007,bank_acct_1032****5838
ORD2045143,MERCH014,bank_acct_1767****3778
ORD2019157,MERCH013,bank_acct_7597****2414
ORD2013961,MERCH011,1kljfcl@ybl
ORD2036951,MERCH015,bank_acct_2199****8616
ORD2040424,MERCH006,xp0my38@okicici
ORD2042988,MERCH006,ncsfxcq@ybl
ORD2003697,MERCH010,efnnkos@okhdfcbank
ORD2033047,MERCH017,bank_acct_5315****3249
ORD2005943,MERCH019,bank_acct_4595****0911
ORD2026251,MERCH020,bank_acct_2878****8520
ORD2027791,MERCH002,rvgt4gu@ybl
ORD2043701,MERCH004,bank_acct_0033****6293
ORD2047549,MERCH011,bank_acct_2629****4192
ORD2031442,MERCH011,bank_acct_0256****3450
ORD2050828,MERCH020,1pj5hx6@okicici
ORD2018299,MERCH020,njqnd1t@oksbi
ORD2039087,MERCH018,bank_acct_1463****3742
ORD2048853,MERCH001,bank_acct_5454****4954
ORD2041903,MERCH006,bank_acct_2362****4123
ORD2021781,MERCH017,ozjidbq@okicici
ORD2059037,MERCH009,rt0jl9d@okaxis
ORD2051727,MERCH004,zcg1ajy@okicici
ORD2026358,MERCH007,emffh9d@ybl
ORD2001488,MERCH020,fz6achl@oksbi
ORD2044485,MERCH001,bank_acct_7215****3864
ORD2030640,MERCH018,bank_acct_4729****6074
ORD2037065,MERCH001,a7qfkdl@okhdfcbank
ORD2035433,MERCH017,bank_acct_5704****0484
ORD2031574,MERCH017,lj8qtxf@okhdfcbank
ORD2056900,MERCH005,bank_acct_1044****9874
ORD2022465,MERCH007,0vavzkz@okicici
ORD2023813,MERCH012,rnai0qy@ybl
ORD2023390,MERCH004,bank_acct_7862****5380
ORD2057887,MERCH007,kp0whda@okhdfcbank
ORD2012431,MERCH001,bank_acct_7135****7596
ORD2052342,MERCH011,kbjvtv3@ybl
ORD2038251,MERCH005,epykkr2@oksbi
ORD2037361,MERCH008,bank_acct_6160****0928
ORD2001448,MERCH003,bank_acct_1358****5851
ORD2029633,MERCH005,fc8mmrd@okicici
ORD2048555,MERCH009,bank_acct_7274****0714
ORD2028519,MERCH009,bank_acct_1482****9090
ORD2044483,MERCH016,weeyhyc@ybl
ORD2015908,MERCH007,xojyfe4@ybl
ORD2056119,MERCH003,bank_acct_9353****6228
ORD2021716,MERCH012,n1qzirf@oksbi
ORD2044196,MERCH018,o9chfv5@ybl
ORD2000767,MERCH010,bank_acct_5841****4462
ORD2024785,MERCH015,slo5kid@okhdfcbank
ORD2046462,MERCH016,bank_acct_8889****1771
ORD2005003,MERCH014,bank_acct_0956****7946
ORD2049807,MERCH017,bank_acct_2636****6949
ORD2057263,MERCH013,p1bnthp@okicici
ORD2029948,MERCH007,bank_acct_4920****6269
ORD2046885,MERCH009,bank_acct_4503****3920
ORD2036947,MERCH006,unxgrk9@okicici
ORD2010543,MERCH018,mkdbk6n@okhdfcbank
ORD2043881,MERCH013,y8jw9hf@okhdfcbank
ORD2047574,MERCH004,9ctwjrd@oksbi
ORD2038631,MERCH019,bank_acct_6938****6285
ORD2009667,MERCH019,bank_acct_9260****7677
ORD2047094,MERCH010,zsqjms5@ybl
ORD2053099,MERCH011,ftdx31l@okicici
ORD2008617,MERCH016,ubwh0lu@okhdfcbank
ORD2020273,MERCH014,yrkg4mp@okaxis
ORD2027323,MERCH015,ito6vgb@okicici
ORD2032025,MERCH014,bank_acct_8326****0696
ORD2020055,MERCH020,bank_acct_0570****4847
ORD2000117,MERCH009,bank_acct_6119****9350
ORD2004801,MERCH011,cmed84o@okaxis
ORD2021125,MERCH020,bank_acct_6705****8799
ORD2023099,MERCH004,hmkbt4s@okicici
ORD2035420,MERCH020,bank_acct_6499****9654
ORD2050340,MERCH019,bvguo68@oksbi
ORD2011166,MERCH007,bank_acct_4263****6781
ORD2055470,MERCH020,bank_acct_0558****1523
ORD2044048,MERCH012,8abcxf4@okhdfcbank
ORD2015113,MERCH003,vbrzp44@okaxis
ORD2006639,MERCH015,bank_acct_1528****2447
ORD2008070,MERCH006,nirdpad@okaxis
ORD2049930,MERCH002,qzqb3w9@ybl
ORD2047368,MERCH017,gylncza@oksbi
ORD2025485,MERCH009,bank_acct_9022****8075
ORD2018055,MERCH019,bank_acct_0394****4004
ORD2025126,MERCH014,y0y4yut@ybl
ORD2016402,MERCH010,bank_acct_1711****3279
ORD2046293,MERCH010,euykdp3@okaxis
ORD2020945,MERCH017,pl2aeel@okhdfcbank
ORD2016850,MERCH012,4jqnqht@okicici
ORD2019774,MERCH013,bank_acct_1931****8343
ORD2032886,MERCH001,sh3tjmi@ybl
ORD2022541,MERCH004,bank_acct_2195****8661
ORD2052447,MERCH006,bank_acct_4573****3826
ORD2043383,MERCH011,znloiav@okhdfcbank
ORD2004410,MERCH014,bank_acct_9254****5987
ORD2018264,MERCH006,bank_acct_5338****8847
ORD2025536,MERCH012,rm7auxd@okicici
ORD2036336,MERCH008,bank_acct_9197****6067
ORD2032593,MERCH003,bank_acct_1064****4723
ORD2058292,MERCH007,7ogyhub@oksbi
ORD2042033,MERCH012,k3ohsvq@okicici
ORD2040581,MERCH012,zdbkeaa@oksbi
ORD2059492,MERCH013,bank_acct_7453****6752
ORD2004707,MERCH004,bank_acct_0248****9398
ORD2057227,MERCH001,bank_acct_6958****4345
ORD2059306,MERCH011,8qyoe3g@ybl
ORD2020851,MERCH001,bank_acct_0918****9017
ORD2018242,MERCH011,bank_acct_1765****2902
ORD2038588,MERCH007,6mrnfu5@okaxis
ORD2046612,MERCH015,vjzqjpz@okicici
ORD2024519,MERCH019,k4yczot@okicici
ORD2049348,MERCH011,c51n9sb@okaxis
ORD2038736,MERCH008,bank_acct_1150****5175
ORD2036228,MERCH018,bank_acct_8849****3532
ORD2025190,MERCH003,2t17bzq@okhdfcbank
ORD2023824,MERCH019,bvguo68@oksbi
ORD2037981,MERCH020,bank_acct_4230****9467
ORD2051812,MERCH007,bank_acct_4513****4360
ORD2059425,MERCH017,bank_acct_3595****8408
ORD2041816,MERCH007,32vfmbz@ybl
ORD2011416,MERCH004,bank_acct_6371****1085
ORD2021184,MERCH018,8hv3e2g@okhdfcbank
ORD2030322,MERCH009,bank_acct_3076****2413
ORD2023019,MERCH020,8v6yc5y@ybl
ORD2042927,MERCH003,dplf9mo@okhdfcbank
ORD2017054,MERCH019,bank_acct_7201****6932
ORD2058995,MERCH014,bank_acct_8074****7258
ORD2012693,MERCH014,4fq2r0v@okicici
ORD2059144,MERCH011,fiengrz@okhdfcbank
ORD2031764,MERCH011,34bdt2n@oksbi
ORD2012706,MERCH007,bank_acct_5724****2493
ORD2055584,MERCH007,bank_acct_0111****7134
ORD2031807,MERCH002,bank_acct_3584****2253
ORD2023868,MERCH016,qrl8ivg@oksbi
ORD2027203,MERCH016,e8oemex@ybl
ORD2000071,MERCH002,uypzphy@oksbi
ORD2012637,MERCH009,h1l3esr@okicici
ORD2010251,MERCH014,rrhcgy2@okicici
ORD2012260,MERCH004,bank_acct_1673****1330
ORD2010197,MERCH004,cvawpei@oksbi
ORD2014501,MERCH015,bank_acct_9946****1563
ORD2052649,MERCH006,iwj3kiu@okhdfcbank
ORD2002753,MERCH020,bank_acct_4769****2170
ORD2029968,MERCH011,bhgawam@okhdfcbank
ORD2052550,MERCH019,bank_acct_1406****2189
ORD2007568,MERCH013,8azfoqu@okaxis
ORD2057169,MERCH008,bank_acct_4330****0119
ORD2011250,MERCH019,b5qhwac@okaxis
ORD2044070,MERCH001,sto6y0k@okaxis
ORD2003132,MERCH010,pbxxsrx@okhdfcbank
ORD2034807,MERCH017,bank_acct_5315****3249
ORD2031421,MERCH015,paojkmk@ybl
ORD2042606,MERCH010,bank_acct_6469****9205
ORD2020787,MERCH005,bsvbfrv@okaxis
ORD2018136,MERCH013,1jciggi@okaxis
ORD2008116,MERCH002,yj3uz6e@okhdfcbank
ORD2033673,MERCH018,gyxg5wr@oksbi
ORD2012933,MERCH017,bank_acct_1811****2635
ORD2031422,MERCH002,u1dzuqr@okaxis
ORD2035477,MERCH011,6z7i8l0@okaxis
ORD2033180,MERCH001,9gp4qe2@okaxis
ORD2030031,MERCH003,mthnwnf@okhdfcbank
ORD2026726,MERCH016,yyditvx@okicici
ORD2008888,MERCH004,7wog6ia@ybl
ORD2004422,MERCH014,lfgdefs@okhdfcbank
ORD2015040,MERCH010,piygcsa@okaxis
ORD2052326,MERCH009,p8mvjed@ybl
ORD2002501,MERCH011,u2fbwuo@ybl
ORD2037441,MERCH012,22ul38w@okhdfcbank
ORD2020883,MERCH013,6vmel8w@oksbi
ORD2018345,MERCH003,bank_acct_2504****7572
ORD2018745,MERCH018,h0pspum@okhdfcbank
ORD2037231,MERCH011,rethke5@okaxis
ORD2012451,MERCH009,bank_acct_9696****3727
ORD2018601,MERCH013,bank_acct_8977****7504
ORD2049539,MERCH010,mlu8stq@okhdfcbank
ORD2027245,MERCH015,bank_acct_5685****4598
ORD2008471,MERCH016,shydkag@oksbi
ORD2015701,MERCH004,50qaql5@okicici
ORD2018875,MERCH012,ov73zl9@oksbi
ORD2022511,MERCH020,bank_acct_0243****6602
ORD2004062,MERCH004,gqusx7n@okaxis
ORD2023108,MERCH001,ejjv7ct@okhdfcbank
ORD2019065,MERCH008,bank_acct_9085****2424
ORD2030613,MERCH002,bank_acct_3282****2782
ORD2056734,MERCH001,bank_acct_0369****7076
ORD2043540,MERCH005,i7fgolx@ybl
ORD2025892,MERCH004,bank_acct_5853****8420
ORD2010685,MERCH011,bank_acct_1977****4417
ORD2014940,MERCH014,oz7ol4g@oksbi
ORD2036630,MERCH008,ito5iug@ybl
ORD2001217,MERCH006,bank_acct_9694****7966
ORD2018154,MERCH003,tsrefdv@okaxis
ORD2041769,MERCH007,eskixta@ybl
ORD2040218,MERCH012,gyyhde9@oksbi
ORD2040604,MERCH018,bank_acct_0971****5706
ORD2040077,MERCH001,tksuuw2@oksbi
ORD2025087,MERCH002,bank_acct_7648****7708
ORD2015804,MERCH009,bank_acct_5383****4609
ORD2037748,MERCH002,ffpbvbx@oksbi
ORD2009724,MERCH004,bank_acct_4306****9434
ORD2000320,MERCH002,bank_acct_7065****4226
ORD2036494,MERCH010,j8ogwph@okhdfcbank
ORD2044081,MERCH003,bank_acct_3775****4662
ORD2035084,MERCH009,bank_acct_7740****4918
ORD2017424,MERCH017,bank_acct_0818****3793
ORD2058750,MERCH020,bank_acct_3601****0311
ORD2026413,MERCH013,bei7std@ybl
ORD2031079,MERCH009,iqwooc7@oksbi
ORD2003736,MERCH006,dvubujs@okaxis
ORD2040272,MERCH005,bank_acct_7411****9366
ORD2026026,MERCH019,iwlqdin@okicici
ORD2006828,MERCH015,bank_acct_6607****0483
ORD2045291,MERCH004,bank_acct_3158****3257
ORD2059173,MERCH005,ufui3wh@okicici
ORD2033658,MERCH011,bank_acct_2127****4568
ORD2008923,MERCH005,byhh6x3@okhdfcbank
ORD2016426,MERCH019,bank_acct_2295****8383
ORD2045865,MERCH001,1ygjobg@okhdfcbank
ORD2059013,MERCH015,bank_acct_8613****8198
ORD2048989,MERCH004,bank_acct_7034****7114
ORD2051410,MERCH002,boqikqk@oksbi
ORD2031692,MERCH019,bank_acct_5481****1937
ORD2018319,MERCH016,bank_acct_4232****4203
ORD2024527,MERCH016,bank_acct_1049****5692
ORD2050073,MERCH009,ehwp4a8@okicici
ORD2030582,MERCH011,diiedvu@okicici
ORD2000497,MERCH016,bank_acct_8473****4999
ORD2048388,MERCH008,ehbv2wu@okhdfcbank
ORD2032114,MERCH003,wm8z7di@oksbi
ORD2030041,MERCH009,cebf8ow@okicici
ORD2025267,MERCH010,0tiarjq@ybl
ORD2048553,MERCH003,bank_acct_6538****3953
ORD2010250,MERCH012,bank_acct_1797****8302
ORD2032667,MERCH018,a3ilp1a@oksbi
ORD2044507,MERCH008,bank_acct_9678****5611
ORD2058575,MERCH007,vrn4x2j@okaxis
ORD2048778,MERCH003,hxetx7g@okhdfcbank
ORD2027689,MERCH003,bank_acct_2241****6017
ORD2003623,MERCH016,bank_acct_4816****1260
ORD2015889,MERCH002,z0w6p35@okhdfcbank
ORD2023140,MERCH007,smpmdgl@okaxis
ORD2028522,MERCH001,fzydfpm@ybl
ORD2053954,MERCH007,fclqrwb@okhdfcbank
ORD2043400,MERCH015,vyrqs0w@ybl
ORD2054072,MERCH013,bank_acct_1521****0190
ORD2028597,MERCH007,bank_acct_5710****8090
ORD2042917,MERCH009,bank_acct_9696****3727
ORD2045919,MERCH011,brblf12@okaxis
ORD2058380,MERCH018,mkdbk6n@okhdfcbank
ORD2043130,MERCH010,bank_acct_2646****7076
ORD2005872,MERCH015,lgbsfij@okicici
ORD2043032,MERCH005,ossjs52@oksbi
ORD2015194,MERCH017,bank_acct_3154****4718
ORD2038813,MERCH004,qikla3i@okhdfcbank
ORD2022366,MERCH005,bank_acct_2607****3361
ORD2024829,MERCH008,jt45gey@oksbi
ORD2015493,MERCH012,bank_acct_6259****0759
ORD2049200,MERCH013,11gmtbe@okicici
ORD2034682,MERCH019,bank_acct_6254****4968
ORD2019560,MERCH013,o2pf6iw@okaxis
ORD2058323,MERCH007,bank_acct_8328****7127
ORD2030399,MERCH003,bank_acct_1824****9907
ORD2047356,MERCH009,bank_acct_5000****0979
ORD2059506,MERCH014,lhy3vdb@okhdfcbank
ORD2057289,MERCH006,bank_acct_7207****7783
ORD2056460,MERCH010,slodd4f@okaxis
ORD2007820,MERCH019,bank_acct_3135****9501
ORD2050180,MERCH004,bank_acct_8973****6271
ORD2031124,MERCH005,bank_acct_9322****5533
ORD2054870,MERCH015,bank_acct_6102****9861
ORD2033579,MERCH004,bank_acct_9408****2731
ORD2051161,MERCH004,f78dgr7@ybl
ORD2057789,MERCH008,zyk5tym@ybl
ORD2046507,MERCH001,bank_acct_3333****4586
ORD2023674,MERCH015,bank_acct_8436****7914
ORD2015295,MERCH006,rtpatuc@oksbi
ORD2032644,MERCH009,5lcaanu@okicici
ORD2006780,MERCH001,0cwzg0u@okicici
ORD2014186,MERCH016,guflcuk@ybl
ORD2020190,MERCH017,mhceank@ybl
ORD2002231,MERCH015,bank_acct_6841****9634
ORD2019701,MERCH012,gxmhjjx@oksbi
ORD2014353,MERCH009,ym5xdpw@okicici
ORD2035543,MERCH004,bank_acct_9954****0488
ORD2029980,MERCH018,zzrh5qo@okicici
ORD2049104,MERCH003,hsmpsq9@okhdfcbank
ORD2016649,MERCH012,bank_acct_6114****1270
ORD2041981,MERCH014,bank_acct_3045****9035
ORD2006111,MERCH007,bank_acct_2345****9408
ORD2004663,MERCH005,9nuedeh@ybl
ORD2009997,MERCH013,bank_acct_2166****0017
ORD2037136,MERCH017,bank_acct_2836****3423
ORD2034134,MERCH014,bank_acct_0796****6813
ORD2056201,MERCH017,xncnprt@okicici
ORD2022118,MERCH011,0kyvmuf@okhdfcbank
ORD2051796,MERCH002,bank_acct_2188****0890
ORD2028932,MERCH015,bank_acct_3871****8922
ORD2029276,MERCH009,rdx5ous@okicici
ORD2018933,MERCH012,bank_acct_4298****9402
ORD2002037,MERCH004,f6folyx@oksbi
ORD2022475,MERCH002,ipdc5id@oksbi
ORD2037295,MERCH013,zfq7lcg@oksbi
ORD2051319,MERCH014,bank_acct_2738****6666
ORD2038577,MERCH007,ki1anhk@okaxis
ORD2045140,MERCH010,bank_acct_4622****5733
ORD2014869,MERCH010,mkdbk6n@okhdfcbank
ORD2000434,MERCH006,ettfmfc@okhdfcbank
ORD2020323,MERCH020,sj0rkj2@ybl
ORD2017364,MERCH009,qjxaout@ybl
ORD2023248,MERCH017,gasijch@oksbi
ORD2004125,MERCH020,bank_acct_1453****1455
ORD2007053,MERCH016,bank_acct_6953****7579
ORD2059622,MERCH017,bank_acct_7011****7966
ORD2012059,MERCH014,i5mxweu@okicici
ORD2017764,MERCH004,bank_acct_1826****9878
ORD2007239,MERCH002,bank_acct_1615****1431
ORD2008945,MERCH008,bank_acct_9383****8529
ORD2001632,MERCH003,3t03csc@okhdfcbank
ORD2049622,MERCH004,q6fvqdl@oksbi
ORD2013438,MERCH002,wyn7fey@oksbi
ORD2053116,MERCH002,bank_acct_1524****7879
ORD2033413,MERCH019,bank_acct_3826****3730
ORD2047644,MERCH009,bank_acct_5900****1411
ORD2029435,MERCH008,bank_acct_4200****0187
ORD2003759,MERCH003,lfxg45h@oksbi
ORD2047977,MERCH018,0zotmfv@ybl
ORD2030853,MERCH004,2kdm2wi@okicici
ORD2041544,MERCH009,bank_acct_5146****6431
ORD2032093,MERCH008,atrlv2m@okicici
ORD2012980,MERCH020,b1fh865@okicici
ORD2046739,MERCH014,bank_acct_8017****6034
ORD2002819,MERCH013,fjno2ea@okaxis
ORD2014925,MERCH013,bank_acct_4948****5624
ORD2017581,MERCH004,xy11yqa@ybl
ORD2001712,MERCH008,1wrmvty@okicici
ORD2048722,MERCH009,symasch@oksbi
ORD2008728,MERCH016,rjx8omq@okicici
ORD2053342,MERCH007,e3jjvbr@okicici
ORD2022405,MERCH006,bank_acct_7487****9598
ORD2054363,MERCH007,nbys75w@okhdfcbank
ORD2042510,MERCH012,dq4d1kw@oksbi
ORD2020102,MERCH010,5aoyow0@ybl
ORD2055221,MERCH020,bank_acct_0965****4994
ORD2045915,MERCH010,np2lf4n@ybl
ORD2006601,MERCH001,bank_acct_4397****8118
ORD2004662,MERCH004,bank_acct_6250****7238
ORD2059590,MERCH006,bank_acct_5460****9761
ORD2052094,MERCH017,bank_acct_1975****1952
ORD2040001,MERCH020,bank_acct_9647****7637
ORD2047462,MERCH016,bank_acct_1535****1400
ORD2058276,MERCH010,qoeloxy@okicici
ORD2048174,MERCH008,chzseth@oksbi
ORD2003553,MERCH006,bank_acct_1782****6653
ORD2038837,MERCH011,bank_acct_8297****3334
ORD2035650,MERCH003,bank_acct_3880****4979
ORD2057917,MERCH006,bank_acct_7638****9138
ORD2031617,MERCH006,bank_acct_8671****2932
ORD2050369,MERCH011,fjp5ma3@okhdfcbank
ORD2017905,MERCH015,bank_acct_1888****5709
ORD2023555,MERCH005,d5clsks@okaxis
ORD2032476,MERCH001,tx1i0v4@oksbi
ORD2019478,MERCH016,bank_acct_6755****1339
ORD2000386,MERCH014,bank_acct_4255****9367
ORD2015237,MERCH011,iwb2anu@okaxis
ORD2004907,MERCH001,bank_acct_5149****3122
ORD2040292,MERCH006,86p7hhv@ybl
ORD2004474,MERCH009,whxqhip@ybl
ORD2010694,MERCH003,bkgig00@ybl
ORD2007013,MERCH006,bank_acct_0347****0597
ORD2004447,MERCH001,bank_acct_0320****0039
ORD2016061,MERCH020,bank_acct_6053****4409
ORD2002278,MERCH012,bank_acct_2984****5953
ORD2058599,MERCH016,59bpb9w@oksbi
ORD2027249,MERCH019,pkkujsb@okaxis
ORD2015085,MERCH001,bank_acct_5610****4602
ORD2052912,MERCH016,bank_acct_3489****1438
ORD2006102,MERCH008,bank_acct_6386****6831
ORD2035978,MERCH016,bank_acct_8422****8893
ORD2029862,MERCH004,bank_acct_4937****4985
ORD2036204,MERCH002,bank_acct_2792****9406
ORD2007071,MERCH001,bank_acct_4895****8334
ORD2010792,MERCH019,bank_acct_8934****9973
ORD2027834,MERCH010,baauupb@okaxis
ORD2045833,MERCH008,hianfcp@ybl
ORD2032890,MERCH017,bank_acct_8911****7431
ORD2056399,MERCH017,ocgkzdl@okicici
ORD2036152,MERCH006,bank_acct_2221****8113
ORD2036695,MERCH005,uggdxj7@ybl
ORD2004891,MERCH004,ksiqohe@okhdfcbank
ORD2056366,MERCH004,bank_acct_9706****0611
ORD2019933,MERCH010,bank_acct_6452****6384
ORD2038126,MERCH011,bank_acct_5658****3500
ORD2035923,MERCH015,bank_acct_8215****3693
ORD2013081,MERCH016,bank_acct_4631****1022
ORD2056667,MERCH012,7hzuoun@oksbi
ORD2014028,MERCH018,j8e4rm8@okicici
ORD2043519,MERCH002,bank_acct_8222****3104
ORD2043485,MERCH016,bank_acct_5446****3246
ORD2033427,MERCH009,bank_acct_1745****9890
ORD2028206,MERCH012,md4ciyu@oksbi
ORD2026411,MERCH015,yue5whc@ybl
ORD2058926,MERCH001,bank_acct_8464****8531
ORD2026190,MERCH012,a6jk3nf@okaxis
ORD2025930,MERCH010,xwmctcw@okaxis
ORD2034776,MERCH011,bank_acct_3768****8869
ORD2004879,MERCH017,bank_acct_6879****5953
ORD2054989,MERCH020,72wt7hl@oksbi
ORD2053594,MERCH016,kzivupy@okicici
ORD2033372,MERCH004,q7yp3hp@oksbi
ORD2047521,MERCH009,mdeoy6v@oksbi
ORD2048035,MERCH017,bank_acct_0811****1054
ORD2005416,MERCH001,bank_acct_1030****8683
ORD2045395,MERCH005,bank_acct_6445****1005
ORD2052199,MERCH014,6zap6ul@okhdfcbank
ORD2030527,MERCH008,bank_acct_9429****8954
ORD2044788,MERCH005,bank_acct_3799****6995
ORD2047759,MERCH012,bank_acct_0986****9117
ORD2058254,MERCH016,2uqrmp3@okaxis
ORD2012979,MERCH001,bank_acct_4999****0630
ORD2003859,MERCH007,bank_acct_8224****6318
ORD2017563,MERCH012,nlhxjhs@okaxis
ORD2009124,MERCH007,bank_acct_0255****0757
ORD2015401,MERCH003,tdh76ee@okhdfcbank
ORD2011751,MERCH007,bank_acct_7576****2850
ORD2039205,MERCH013,xdekkev@okicici
ORD2030545,MERCH004,mwuuccm@oksbi
ORD2055121,MERCH009,bank_acct_1555****1175
ORD2038279,MERCH018,tjh5per@okhdfcbank
ORD2008924,MERCH015,xcvmttz@okicici
ORD2044007,MERCH017,bank_acct_2445****6200
ORD2029604,MERCH006,bank_acct_1109****4249
ORD2040849,MERCH009,exq7rwb@oksbi
ORD2034642,MERCH012,bank_acct_6776****7844
ORD2046242,MERCH011,zywvhxe@oksbi
ORD2037197,MERCH013,bank_acct_8279****1663
ORD2004338,MERCH019,87rae8i@ybl
ORD2023435,MERCH014,2jsefay@okaxis
ORD2031440,MERCH009,9xfusac@oksbi
ORD2002006,MERCH010,bank_acct_8209****7090
ORD2039917,MERCH007,xaxeh8u@ybl
ORD2011185,MERCH002,bank_acct_6540****7347
ORD2023309,MERCH019,hpafvft@okaxis
ORD2044393,MERCH017,opqbtvj@oksbi
ORD2044240,MERCH011,debg1bo@oksbi
ORD2019563,MERCH020,bank_acct_8473****2749
ORD2026516,MERCH004,bank_acct_1543****4692
ORD2043160,MERCH014,bank_acct_4050****2101
ORD2039686,MERCH015,6ahdaro@okicici
ORD2037382,MERCH019,cnakpvl@okaxis
ORD2039830,MERCH012,cbhu3zw@okicici
ORD2028096,MERCH010,0lvevv6@okaxis
ORD2031257,MERCH004,b5kzlxm@okaxis
ORD2023296,MERCH001,aemrfkx@okaxis
ORD2039951,MERCH009,bank_acct_9696****3727
ORD2003979,MERCH015,zgl1xqe@okhdfcbank
ORD2051770,MERCH005,bank_acct_9968****2168
ORD2003270,MERCH013,boqikqk@oksbi
ORD2029007,MERCH020,g839eby@okhdfcbank
ORD2024710,MERCH018,bank_acct_3999****0200
ORD2017075,MERCH018,bank_acct_5227****1685
ORD2017720,MERCH010,bank_acct_4452****2481
ORD2038044,MERCH016,0ebfxhj@oksbi
ORD2029150,MERCH016,qtpcoir@oksbi
ORD2048392,MERCH010,kgxjisr@oksbi
ORD2040453,MERCH001,mrrc8e2@okaxis
ORD2055884,MERCH015,bank_acct_5923****1431
ORD2006782,MERCH002,ffxzaam@okicici
ORD2029637,MERCH007,bank_acct_3816****8453
ORD2029381,MERCH010,eohnumg@okhdfcbank
ORD2004864,MERCH019,bank_acct_1424****8231
ORD2056678,MERCH004,cjqpyul@okhdfcbank
ORD2007597,MERCH002,bank_acct_2194****6780
ORD2008973,MERCH016,bank_acct_1069****3518
ORD2009630,MERCH010,bank_acct_9350****7601
ORD2036597,MERCH001,bank_acct_1751****0908
ORD2053032,MERCH014,m2owclc@oksbi
ORD2025369,MERCH012,xm7nyx2@okicici
ORD2034600,MERCH001,bank_acct_5162****6793
ORD2019569,MERCH006,bank_acct_6432****1606
ORD2037678,MERCH005,bank_acct_5621****4851
ORD2030684,MERCH012,bank_acct_4783****8000
ORD2048552,MERCH010,9wioro6@okhdfcbank
ORD2015160,MERCH017,bank_acct_6889****6381
ORD2057084,MERCH018,bank_acct_9799****5324
ORD2015604,MERCH019,bank_acct_7453****6752
ORD2058004,MERCH009,bank_acct_0931****7143
ORD2048846,MERCH005,bank_acct_5440****0823
ORD2015403,MERCH007,bank_acct_2583****5606
ORD2010328,MERCH014,bank_acct_9274****4515
ORD2048682,MERCH019,bank_acct_1600****8964
ORD2033788,MERCH003,bank_acct_8526****4557
ORD2043622,MERCH010,bbdtnej@ybl
ORD2059482,MERCH008,bank_acct_5837****2625
ORD2027024,MERCH002,bank_acct_8718****8204
ORD2058969,MERCH016,bank_acct_5177****0768
ORD2016942,MERCH012,foip77j@okaxis
ORD2011006,MERCH008,bank_acct_7248****6383
ORD2028154,MERCH013,m0q16d9@okaxis
ORD2044469,MERCH014,bank_acct_7754****8132
ORD2056137,MERCH013,bank_acct_0882****8883
ORD2013029,MERCH004,bank_acct_4482****2098
ORD2001642,MERCH009,vdmfxtw@okicici
ORD2024083,MERCH010,kuq1yps@okaxis
ORD2034622,MERCH020,bank_acct_0651****1478
ORD2016812,MERCH010,bank_acct_1291****1288
ORD2031391,MERCH008,ftdx31l@okicici
ORD2000196,MERCH011,hviduuh@oksbi
ORD2043381,MERCH019,rgz6kw0@okicici
ORD2025069,MERCH019,bank_acct_7453****6752
ORD2005225,MERCH009,bank_acct_7838****7010
ORD2020472,MERCH005,ylge606@okaxis
ORD2059344,MERCH014,qnfctk3@oksbi
ORD2015556,MERCH018,bank_acct_9068****6236
ORD2038248,MERCH007,okyv7zx@okicici
ORD2045602,MERCH010,ibrngs2@okhdfcbank
ORD2032370,MERCH010,bank_acct_7380****8798
ORD2058562,MERCH003,bank_acct_8984****1227
ORD2020053,MERCH010,bank_acct_1723****1346
ORD2005126,MERCH019,hs8spua@okicici
ORD2001889,MERCH015,1oel8yl@oksbi
ORD2053435,MERCH018,lg0duyp@ybl
ORD2049681,MERCH006,bank_acct_2457****5235
ORD2050859,MERCH013,dpahlur@okaxis
ORD2009442,MERCH014,bank_acct_1896****6927
ORD2017207,MERCH003,3t03csc@okhdfcbank
ORD2031849,MERCH017,bank_acct_3568****2741
ORD2039886,MERCH015,bank_acct_0346****8577
ORD2000569,MERCH011,bank_acct_9522****6248
ORD2032607,MERCH017,p4vsoac@okaxis
ORD2005385,MERCH012,b9iayay@ybl
ORD2003908,MERCH015,bank_acct_6755****0777
ORD2017204,MERCH012,bank_acct_9872****1552
ORD2006816,MERCH014,bank_acct_7453****1539
ORD2014299,MERCH015,mimhpq8@oksbi
ORD2035423,MERCH003,iqrozy9@okicici
ORD2020713,MERCH015,1a8tz7w@okhdfcbank
ORD2001895,MERCH001,7sb28re@okhdfcbank
ORD2020614,MERCH014,vcoedgj@okhdfcbank
ORD2032054,MERCH014,e3ai4cp@okaxis
ORD2026838,MERCH003,bank_acct_8209****9417
ORD2004281,MERCH005,sv9gmam@oksbi
ORD2047592,MERCH020,bank_acct_2319****1339
ORD2055693,MERCH010,2mcm0bf@oksbi
ORD2009127,MERCH008,ybhkukp@oksbi
ORD2054166,MERCH019,xexnjxa@okicici
ORD2002981,MERCH017,bank_acct_0197****0461
ORD2039197,MERCH012,fkocu7d@oksbi
ORD2030508,MERCH005,fy0yndx@okaxis
ORD2036365,MERCH020,bank_acct_2531****2854
ORD2034032,MERCH018,bank_acct_0463****3479
ORD2011546,MERCH019,bank_acct_8014****5147
ORD2054613,MERCH010,ehuw7i6@oksbi
ORD2046635,MERCH006,bank_acct_6432****1606
ORD2033031,MERCH005,bank_acct_6287****7093
ORD2047651,MERCH013,81uayoi@okaxis
ORD2017542,MERCH001,xrmfqyj@ybl
ORD2028751,MERCH015,dvf9kub@ybl
ORD2044749,MERCH017,ovvnyps@ybl
ORD2016071,MERCH015,sqarvbx@okicici
ORD2049764,MERCH002,bank_acct_1331****3427
ORD2034027,MERCH003,bank_acct_6985****7412
ORD2004575,MERCH002,jna2mvi@oksbi
ORD2017845,MERCH002,bank_acct_8222****3104
ORD2057778,MERCH004,ngadrgf@okhdfcbank
ORD2051489,MERCH011,bank_acct_8442****2532
ORD2010968,MERCH020,bank_acct_0119****5889
ORD2047882,MERCH004,zqczcr1@oksbi
ORD2046826,MERCH010,xm4qbym@okicici
ORD2057997,MERCH019,bank_acct_7489****9588
ORD2045559,MERCH016,zjiqat4@oksbi
ORD2026404,MERCH011,bank_acct_6348****7483
ORD2002944,MERCH002,bank_acct_7155****2727
ORD2004128,MERCH004,bank_acct_1523****6836
ORD2011531,MERCH019,bank_acct_4847****5007
ORD2002928,MERCH017,vqqimjb@oksbi
ORD2026204,MERCH002,bank_acct_0099****6190
ORD2006640,MERCH007,bank_acct_8132****5715
ORD2053292,MERCH017,bank_acct_9359****8295
ORD2036370,MERCH005,bank_acct_5840****8636
ORD2054612,MERCH018,ghnrvwq@okhdfcbank
ORD2010686,MERCH016,bank_acct_4414****9450
ORD2049727,MERCH005,bank_acct_9367****0428
ORD2031870,MERCH008,kdirkpo@okhdfcbank
ORD2018078,MERCH005,bank_acct_1274****0301
ORD2022151,MERCH010,bank_acct_2222****6012
ORD2012571,MERCH007,bank_acct_5232****5668
ORD2050993,MERCH001,bank_acct_5298****8146
ORD2059257,MERCH016,1rx8pvt@okhdfcbank
ORD2054520,MERCH020,4hmc1a2@okicici
ORD2038235,MERCH007,bank_acct_1281****4644
ORD2014363,MERCH004,3kasefi@ybl
ORD2000224,MERCH003,omgmvia@okaxis
ORD2047768,MERCH001,ieguh9h@oksbi
ORD2003776,MERCH005,rr6nhvn@okicici
ORD2056597,MERCH020,bank_acct_5542****8558
ORD2002336,MERCH004,bank_acct_8272****9522
ORD2052659,MERCH017,xrdqcum@okicici
ORD2050734,MERCH004,bank_acct_6372****4618
ORD2052252,MERCH008,pfmujpz@oksbi
ORD2033776,MERCH003,mkdbk6n@okhdfcbank
ORD2024265,MERCH016,su5r9vq@oksbi
ORD2027286,MERCH001,8o6ajid@okhdfcbank
ORD2023209,MERCH016,bank_acct_6008****0880
ORD2026673,MERCH013,bank_acct_9086****8399
ORD2014340,MERCH002,l0htrtv@oksbi
ORD2054610,MERCH004,ljrlq0w@okhdfcbank
ORD2027948,MERCH010,rbvcdth@okaxis
ORD2027101,MERCH013,bank_acct_0660****7152
ORD2024125,MERCH016,tcacuid@okicici
ORD2054190,MERCH006,bank_acct_3400****5511
ORD2005286,MERCH008,cnawunl@okhdfcbank
ORD2007149,MERCH018,ffajsgx@ybl
ORD2045384,MERCH009,gtfj21d@okicici
ORD2025780,MERCH020,bank_acct_1377****7913
ORD2017229,MERCH015,bank_acct_1828****5132
ORD2040356,MERCH020,bank_acct_1874****8919
ORD2045025,MERCH004,3t03csc@okhdfcbank
ORD2003978,MERCH005,bank_acct_2525****4977
ORD2044508,MERCH001,bank_acct_4686****0523
ORD2045941,MERCH006,7ddgsh7@okhdfcbank
ORD2023321,MERCH019,bank_acct_7453****6752
ORD2032743,MERCH006,bank_acct_6192****8166
ORD2022155,MERCH002,boqikqk@oksbi
ORD2014683,MERCH016,bank_acct_7966****3093
ORD2009499,MERCH016,bank_acct_4263****4274
ORD2017057,MERCH010,bank_acct_6840****8380
ORD2036950,MERCH010,idkkhrp@okaxis
ORD2015454,MERCH004,hv9n3pv@ybl
ORD2013270,MERCH019,bank_acct_9009****9238
ORD2030724,MERCH016,ox20q87@okhdfcbank
ORD2044672,MERCH012,bank_acct_7904****8534
ORD2038774,MERCH009,lsvs6zg@ybl
ORD2007578,MERCH013,bank_acct_3931****2983
ORD2002835,MERCH013,bank_acct_1676****4763
ORD2015542,MERCH004,bank_acct_2757****8185
ORD2012119,MERCH015,bank_acct_4772****8422
ORD2016858,MERCH014,qfsrosx@okaxis
ORD2032014,MERCH014,bank_acct_1314****7845
ORD2024449,MERCH005,yuavrkc@ybl
ORD2004207,MERCH001,y3dsbsv@oksbi
ORD2053534,MERCH013,qtpcoir@oksbi
ORD2031877,MERCH004,bank_acct_1465****9811
ORD2025220,MERCH019,pxpehxk@ybl
ORD2041709,MERCH013,6sttmni@oksbi
ORD2049262,MERCH001,uilzgci@okicici
ORD2049382,MERCH019,bank_acct_5704****5205
ORD2004510,MERCH010,fysnc82@okaxis
ORD2007404,MERCH002,bank_acct_3838****3366
ORD2059894,MERCH020,5hh5arj@okhdfcbank
ORD2015651,MERCH015,k7nqutx@okaxis
ORD2025451,MERCH002,npsqywf@okhdfcbank
ORD2023548,MERCH012,bank_acct_0765****5238
ORD2056196,MERCH005,bank_acct_3816****3285
ORD2054471,MERCH015,mpqeeao@okhdfcbank
ORD2041511,MERCH015,u31rmmw@okhdfcbank
ORD2019697,MERCH009,bank_acct_7789****4422
ORD2026182,MERCH001,jxrdhou@oksbi
ORD2008020,MERCH006,xju8vxi@ybl
ORD2013911,MERCH012,bank_acct_9631****1634
ORD2046227,MERCH017,fcnoudx@okicici
ORD2019716,MERCH017,ocrcn6y@okicici
ORD2022735,MERCH007,uuyid4p@oksbi
ORD2020457,MERCH012,bank_acct_3333****7019
ORD2058980,MERCH017,bank_acct_0675****6120
ORD2019876,MERCH013,2hdhcc8@okicici
ORD2002716,MERCH017,bank_acct_7657****4281
ORD2043027,MERCH003,bank_acct_1421****5671
ORD2016637,MERCH006,bank_acct_0209****8427
ORD2058469,MERCH005,bank_acct_9348****3289
ORD2024322,MERCH012,bank_acct_3881****7336
ORD2016967,MERCH019,bank_acct_5623****8236
ORD2010498,MERCH011,bank_acct_6242****9935
ORD2045149,MERCH015,bank_acct_4869****8627
ORD2040256,MERCH005,o9hyzge@okhdfcbank
ORD2031394,MERCH009,bank_acct_4267****3247
ORD2020163,MERCH010,bank_acct_2900****7023
ORD2011190,MERCH013,pyunhcz@okhdfcbank
ORD2056239,MERCH003,bank_acct_6987****8769
ORD2037885,MERCH016,v29ksxh@okicici
ORD2052642,MERCH013,uyhnuop@ybl
ORD2017082,MERCH016,fzb4ijp@okhdfcbank
ORD2030227,MERCH020,stqsffs@okhdfcbank
ORD2038125,MERCH006,m5y9mv4@oksbi
ORD2004563,MERCH019,bank_acct_8760****9640
ORD2031326,MERCH017,bank_acct_5099****1938
ORD2014912,MERCH017,fgbeyhy@okicici
ORD2051116,MERCH009,bank_acct_1858****9041
ORD2003366,MERCH005,wxh38ij@okhdfcbank
ORD2059508,MERCH011,73ffrnp@okaxis
ORD2034150,MERCH019,h6d2gir@okaxis
ORD2047395,MERCH019,bank_acct_8910****7820
ORD2007761,MERCH012,ufggrot@ybl
ORD2027051,MERCH019,ioe6yhd@okhdfcbank
ORD2007207,MERCH020,yfga7gk@okhdfcbank
ORD2036069,MERCH013,bank_acct_8598****9236
ORD2049373,MERCH003,bank_acct_1455****9349
ORD2019341,MERCH002,itgatgz@okicici
ORD2008315,MERCH001,metdkex@okaxis
ORD2053139,MERCH020,bank_acct_5013****5422
ORD2020527,MERCH008,bank_acct_2047****7908
ORD2056328,MERCH004,bank_acct_2386****5951
ORD2042566,MERCH004,ajaakxj@ybl
ORD2036291,MERCH016,bank_acct_5330****9386
ORD2007924,MERCH016,sr9onl4@okaxis
ORD2031527,MERCH011,z3ugwbt@okhdfcbank
ORD2023253,MERCH008,qr6chen@okhdfcbank
ORD2006669,MERCH008,bank_acct_4365****5152
ORD2012997,MERCH004,bank_acct_7789****0026
ORD2022943,MERCH009,1ygjobg@okhdfcbank
ORD2031582,MERCH008,sdmemmq@oksbi
ORD2006534,MERCH014,bank_acct_4132****0620
ORD2055509,MERCH003,bank_acct_7836****0115
ORD2037858,MERCH002,q1dj8wz@okhdfcbank
ORD2045071,MERCH020,z5z99k2@okhdfcbank
ORD2023767,MERCH009,82m7rks@okaxis
ORD2017773,MERCH004,bank_acct_0854****0523
ORD2059682,MERCH002,bank_acct_5954****5702
ORD2029973,MERCH017,bank_acct_5013****5422
ORD2053057,MERCH015,assesbp@okaxis
ORD2048868,MERCH012,mfhnz78@oksbi
ORD2056023,MERCH020,bank_acct_4633****4486
ORD2040047,MERCH001,boslsuk@okhdfcbank
ORD2049384,MERCH006,1lwecch@okhdfcbank
ORD2017544,MERCH011,a9dnrxy@okicici
ORD2003655,MERCH004,hqxt3ep@okicici
ORD2034700,MERCH015,bank_acct_9090****3531
ORD2026786,MERCH013,324sffv@ybl
ORD2003241,MERCH005,jylz6pf@ybl
ORD2035413,MERCH019,etlcd30@okicici
ORD2015540,MERCH018,4yjvgid@oksbi
ORD2033048,MERCH007,bank_acct_9252****5715
ORD2012698,MERCH007,zgduhpm@ybl
ORD2034112,MERCH010,bank_acct_8222****3104
ORD2012191,MERCH015,bank_acct_3820****6825
ORD2008251,MERCH010,ljhjol1@okicici
ORD2052302,MERCH008,cbbyrpj@okhdfcbank
ORD2026101,MERCH007,r8pdaqc@okicici
ORD2054543,MERCH006,bank_acct_4631****7289
ORD2008381,MERCH014,bank_acct_1942****0067
ORD2031727,MERCH017,z8mpe14@oksbi
ORD2003994,MERCH001,otxrntz@oksbi
ORD2018019,MERCH003,alromel@ybl
ORD2019669,MERCH019,bank_acct_3090****5278
ORD2001653,MERCH001,6ofvnkd@okhdfcbank
ORD2059745,MERCH004,bank_acct_6115****8305
ORD2057471,MERCH007,bank_acct_1268****2977
ORD2023452,MERCH002,bank_acct_1256****4171
ORD2029022,MERCH005,bank_acct_9423****4835
ORD2003774,MERCH001,bank_acct_5937****5587
ORD2050270,MERCH012,buxewrc@okaxis
ORD2054142,MERCH014,bank_acct_3252****3977
ORD2057514,MERCH019,bank_acct_9376****6577
ORD2003436,MERCH018,mrozxpe@okhdfcbank
ORD2032794,MERCH003,bank_acct_2544****8986
ORD2052276,MERCH011,eq5cl8o@oksbi
ORD2040267,MERCH006,bank_acct_9322****8070
ORD2047310,MERCH017,bank_acct_4910****2195
ORD2001110,MERCH016,bank_acct_3923****3208
ORD2034967,MERCH007,bank_acct_7107****0183
ORD2033201,MERCH007,a0n6hej@okaxis
ORD2017935,MERCH019,gnwn3tz@okaxis
ORD2058359,MERCH016,bank_acct_0188****1764
ORD2037853,MERCH017,bank_acct_8478****8688
ORD2030946,MERCH012,bank_acct_5304****7710
ORD2032067,MERCH012,ew9spyj@okhdfcbank
ORD2045872,MERCH020,bank_acct_0575****1345
ORD2032267,MERCH018,ieqv5u2@ybl
ORD2038603,MERCH005,m4b8otr@oksbi
ORD2053911,MERCH003,tysfw4i@okaxis
ORD2044743,MERCH003,bank_acct_6254****4968
ORD2011674,MERCH013,bank_acct_6877****8785
ORD2038270,MERCH003,bank_acct_8610****4327
ORD2013859,MERCH019,bank_acct_6849****5910
ORD2036422,MERCH003,vavi2qz@okhdfcbank
ORD2015350,MERCH005,rsczs9p@okhdfcbank
ORD2056335,MERCH017,y1vlqb6@okaxis
ORD2044285,MERCH010,bank_acct_1698****4392
ORD2041445,MERCH004,bank_acct_9818****2345
ORD2040688,MERCH004,bank_acct_4572****9407
ORD2056730,MERCH009,bank_acct_9696****3727
ORD2057751,MERCH002,bank_acct_0592****4646
ORD2039839,MERCH020,xbbvvjz@okicici
ORD2059731,MERCH018,3jxpjb8@oksbi
ORD2012778,MERCH011,bank_acct_3227****0219
ORD2003147,MERCH001,ewomf06@oksbi
ORD2050900,MERCH008,bank_acct_5411****8909
ORD2021346,MERCH010,bjpw2yu@ybl
ORD2021395,MERCH009,bank_acct_8931****4037
ORD2005579,MERCH013,oqyvgtf@ybl
ORD2029193,MERCH012,bank_acct_1031****0161
ORD2049073,MERCH003,bank_acct_1192****3970
ORD2053320,MERCH006,bank_acct_3253****0537
ORD2021539,MERCH010,bank_acct_0201****1878
ORD2028246,MERCH003,n33rq8v@okicici
ORD2047257,MERCH018,sbg11g1@okhdfcbank
ORD2032971,MERCH019,6kc9drl@oksbi
ORD2046004,MERCH008,ukau8vk@okaxis
ORD2018782,MERCH017,bank_acct_0746****0361
ORD2027983,MERCH020,vybrthz@okaxis
ORD2027039,MERCH017,kuo0bys@okhdfcbank
ORD2012600,MERCH010,heurpxi@oksbi
ORD2000583,MERCH013,cgi9hpq@okicici
ORD2059917,MERCH020,cxhc5ps@okicici
ORD2037353,MERCH002,i3u1kqo@oksbi
ORD2034514,MERCH018,bank_acct_1395****0637
ORD2013037,MERCH004,bank_acct_7249****4046
ORD2054809,MERCH019,bank_acct_7168****9140
ORD2051703,MERCH016,vcxsuoi@okaxis
ORD2058907,MERCH009,bank_acct_6806****5908
ORD2025056,MERCH001,bank_acct_1410****5291
ORD2011013,MERCH002,bank_acct_6603****4736
ORD2025253,MERCH011,bank_acct_4378****3430
ORD2011289,MERCH014,q8sym6f@okicici
ORD2055109,MERCH009,jfwzq2c@okicici
ORD2016099,MERCH007,dy4b2zc@okhdfcbank
ORD2007928,MERCH011,bank_acct_7975****8954
ORD2042930,MERCH002,4beejiw@oksbi
ORD2016477,MERCH005,op2vm3h@oksbi
ORD2056160,MERCH007,bank_acct_2113****0258
ORD2000905,MERCH018,bank_acct_8758****9145
ORD2028737,MERCH011,bank_acct_4325****8578
ORD2013898,MERCH014,vcoedgj@okhdfcbank
ORD2048171,MERCH008,fixxat6@ybl
ORD2012476,MERCH016,bank_acct_3092****5997
ORD2004896,MERCH003,0dzzylv@okhdfcbank
ORD2005220,MERCH001,otxrntz@oksbi
ORD2058176,MERCH012,hchmwtz@ybl
ORD2002167,MERCH003,v3bukob@ybl
ORD2006658,MERCH014,bank_acct_5806****5726
ORD2047430,MERCH020,onasov3@oksbi
ORD2041134,MERCH020,bank_acct_7820****0879
ORD2023453,MERCH003,z9lqjd0@okicici
ORD2001041,MERCH018,ft6o3gy@ybl
ORD2040261,MERCH016,bank_acct_8052****3505
ORD2036089,MERCH005,bank_acct_3083****0658
ORD2033888,MERCH009,bank_acct_7980****4162
ORD2011737,MERCH002,bank_acct_9298****8344
ORD2017986,MERCH004,yynbccp@ybl
ORD2002938,MERCH002,bank_acct_6699****5106
ORD2050776,MERCH009,bank_acct_9696****3727
ORD2018482,MERCH012,c0ugpbm@okhdfcbank
ORD2045050,MERCH014,bank_acct_8278****3806
ORD2018186,MERCH016,mni0zsl@oksbi
ORD2007558,MERCH010,2wtfdvf@okaxis
ORD2054816,MERCH008,bank_acct_9503****1402
ORD2043404,MERCH001,bank_acct_0901****0202
ORD2016820,MERCH002,bank_acct_5064****0707
ORD2040236,MERCH017,bank_acct_5315****3249
ORD2047420,MERCH018,7eokgtd@oksbi
ORD2036935,MERCH020,w3fv4tn@okaxis
ORD2004228,MERCH013,dgrju0t@okhdfcbank
ORD2002177,MERCH001,an4es1i@okicici
ORD2015260,MERCH018,bank_acct_4163****2458
ORD2046278,MERCH016,bank_acct_4415****7962
ORD2043915,MERCH002,78ydiaw@okhdfcbank
ORD2026313,MERCH013,bank_acct_6530****9549
ORD2007225,MERCH013,bank_acct_7309****9005
ORD2010400,MERCH005,xys9moj@oksbi
ORD2045458,MERCH014,xbknztg@okicici
ORD2039818,MERCH014,bank_acct_8065****4215
ORD2026392,MERCH018,to2wqpg@okicici
ORD2021778,MERCH005,3qdmj46@oksbi
ORD2000650,MERCH004,bank_acct_2606****7017
ORD2028922,MERCH019,bank_acct_6254****4968
ORD2028821,MERCH020,bank_acct_1319****6097
ORD2001553,MERCH012,bank_acct_0636****4942
ORD2053219,MERCH012,opkbpvz@okaxis
ORD2042029,MERCH007,bank_acct_3385****4586
ORD2018688,MERCH011,lurl7lc@oksbi
ORD2008150,MERCH014,zwdsaoi@oksbi
ORD2058304,MERCH002,8c405xs@okaxis
ORD2054925,MERCH008,lgkdvcy@ybl
ORD2037098,MERCH008,bijw80z@okaxis
ORD2041774,MERCH003,ldht2r4@okaxis
ORD2037410,MERCH019,bank_acct_6166****8233
ORD2014928,MERCH001,k8bqaiw@okicici
ORD2048521,MERCH008,bank_acct_1514****2047
ORD2016425,MERCH014,bank_acct_5306****1461
ORD2053111,MERCH018,bank_acct_5437****7982
ORD2039570,MERCH019,zkp5nbt@okaxis
ORD2034728,MERCH002,bank_acct_3159****9229
ORD2031428,MERCH001,bank_acct_9442****2240
ORD2028649,MERCH008,bank_acct_5178****1184
ORD2000478,MERCH002,cu4imde@ybl
ORD2020382,MERCH003,bank_acct_4822****8651
ORD2007799,MERCH002,bank_acct_8442****3499
ORD2051025,MERCH005,bank_acct_0901****8887
ORD2024361,MERCH015,bank_acct_7542****9592
ORD2007381,MERCH006,eauvjjc@ybl
ORD2014938,MERCH010,bank_acct_8954****2921
ORD2032220,MERCH002,7wccx0w@okicici
ORD2007246,MERCH011,g2areqc@okhdfcbank
ORD2039462,MERCH012,bank_acct_4141****9907
ORD2000630,MERCH010,euykdp3@okaxis
ORD2015905,MERCH008,bank_acct_6421****3417
ORD2006874,MERCH016,qtpcoir@oksbi
ORD2001005,MERCH020,bank_acct_9294****4300
ORD2020344,MERCH013,bank_acct_7589****2141
ORD2006955,MERCH016,bank_acct_2994****3935
ORD2055281,MERCH004,bank_acct_9579****5281
ORD2024422,MERCH003,bank_acct_1832****8455
ORD2038371,MERCH003,bank_acct_2513****3052
ORD2012710,MERCH009,bank_acct_0640****5847
ORD2014660,MERCH018,cvsr1l2@okaxis
ORD2050775,MERCH007,gfrqq9v@okaxis
ORD2016180,MERCH016,bank_acct_2455****0253
ORD2000424,MERCH012,rzjkwpr@okaxis
ORD2028268,MERCH008,bank_acct_8627****2128
ORD2040738,MERCH015,b8lusmg@okicici
ORD2039217,MERCH010,bank_acct_4088****8135
ORD2011689,MERCH012,bank_acct_2671****1372
ORD2026852,MERCH018,h8hpkwe@ybl
ORD2010087,MERCH010,bank_acct_1427****7963
ORD2015787,MERCH008,mx40nbn@oksbi
ORD2052036,MERCH017,tfw7ouq@ybl
ORD2059782,MERCH009,bank_acct_7717****8917
ORD2056067,MERCH011,jt4ae07@okicici
ORD2009753,MERCH018,4mtggr6@okaxis
ORD2059458,MERCH017,bank_acct_1964****5905
ORD2019077,MERCH004,bank_acct_3683****8378
ORD2014417,MERCH002,bank_acct_2695****5505
ORD2037664,MERCH012,b23ougp@okhdfcbank
ORD2005378,MERCH014,o7btpys@ybl
ORD2020540,MERCH020,hkqrlsf@okaxis
ORD2036320,MERCH016,cgava10@oksbi
ORD2037488,MERCH009,bank_acct_4514****4646
ORD2028018,MERCH003,v0g1ba1@okhdfcbank
ORD2025962,MERCH007,wwbvmfe@okicici
ORD2000334,MERCH005,kqslpxv@okicici
ORD2041836,MERCH017,zyyirys@okaxis
ORD2051069,MERCH008,bank_acct_5880****4500
ORD2003126,MERCH010,xdjgsdt@okicici
ORD2051552,MERCH018,q7zmsb2@okhdfcbank
ORD2049720,MERCH007,bank_acct_4101****9895
ORD2000480,MERCH004,wqihclg@okhdfcbank
ORD2039455,MERCH012,ndglyga@oksbi
ORD2032321,MERCH005,m0mbfit@okhdfcbank
ORD2020330,MERCH002,w9qfzjw@okhdfcbank
ORD2041239,MERCH008,bzfbljp@okaxis
ORD2020704,MERCH015,bank_acct_7336****0130
ORD2009908,MERCH015,bank_acct_4415****6479
ORD2022736,MERCH004,bank_acct_2218****0624
ORD2020494,MERCH001,bank_acct_6937****9177
ORD2006264,MERCH009,bank_acct_9696****3727
ORD2056017,MERCH009,bank_acct_6532****1104
ORD2049296,MERCH009,rh3ww19@ybl
ORD2003811,MERCH019,ubke6oe@oksbi
ORD2048769,MERCH013,xpqcbdp@okaxis
ORD2012155,MERCH010,fml8fmk@ybl
ORD2005555,MERCH003,bank_acct_7208****6175
ORD2017186,MERCH002,u03yw6h@okicici
ORD2014635,MERCH009,bank_acct_1326****1657
ORD2053159,MERCH020,hqn2tos@oksbi
ORD2043025,MERCH013,9tqudqk@okhdfcbank
ORD2032064,MERCH016,kp0pvwe@okicici
ORD2035963,MERCH001,xckvxpw@oksbi
ORD2059633,MERCH013,bank_acct_4864****9933
ORD2035316,MERCH013,bank_acct_7477****6035
ORD2017312,MERCH015,bank_acct_4986****2270
ORD2030660,MERCH002,bh4bhh1@okaxis
ORD2019110,MERCH008,nrpubra@ybl
ORD2029612,MERCH007,zveptwi@oksbi
ORD2044775,MERCH013,bank_acct_3808****4911
ORD2045813,MERCH006,s0clicm@ybl
ORD2036169,MERCH014,pwsu27s@okicici
ORD2022448,MERCH018,zkno1ay@okhdfcbank
ORD2049887,MERCH002,s5og4d0@okhdfcbank
ORD2027802,MERCH010,bank_acct_7390****8641
ORD2037115,MERCH002,bank_acct_0021****6623
ORD2001990,MERCH018,bank_acct_1483****0700
ORD2051220,MERCH012,o29pgyc@okaxis
ORD2042456,MERCH001,bank_acct_8612****4322
ORD2004856,MERCH020,bank_acct_1679****6449
ORD2056963,MERCH011,bank_acct_5669****4494
ORD2050033,MERCH009,bank_acct_2006****1982
ORD2059621,MERCH019,7pfwt60@oksbi
ORD2014770,MERCH007,xnnqq6u@oksbi
ORD2051823,MERCH001,42xh02t@oksbi
ORD2042006,MERCH011,bank_acct_0370****9672
ORD2040117,MERCH020,dlzthi5@okicici
ORD2053849,MERCH014,ywbeccp@okicici
ORD2032652,MERCH014,qsisdeo@okicici
ORD2031676,MERCH002,bank_acct_3415****0292
ORD2005404,MERCH004,bank_acct_4793****0394
ORD2001843,MERCH018,bank_acct_3088****5715
ORD2034663,MERCH013,umbsdgz@oksbi
ORD2013161,MERCH010,bank_acct_6324****4307
ORD2016889,MERCH018,bank_acct_2563****9030
ORD2008061,MERCH015,bank_acct_0746****3456
ORD2026782,MERCH014,bank_acct_6045****4580
ORD2046806,MERCH019,iqjrjna@ybl
ORD2009657,MERCH019,bank_acct_8045****2162
ORD2003122,MERCH017,hiomoip@okhdfcbank
ORD2046622,MERCH009,bank_acct_4835****4774
ORD2041441,MERCH006,bank_acct_2341****8623
ORD2032009,MERCH013,vzdbm0m@ybl
ORD2054333,MERCH015,a5b8p0r@ybl
ORD2010505,MERCH008,rnaouah@ybl
ORD2017169,MERCH005,bank_acct_3508****7696
ORD2045545,MERCH001,bank_acct_5856****8371
ORD2010924,MERCH009,jhsgt51@okicici
ORD2010350,MERCH009,bank_acct_7385****5675
ORD2018276,MERCH003,bank_acct_2564****4084
ORD2056233,MERCH008,bank_acct_9219****6281
ORD2010090,MERCH018,bank_acct_2626****0662
ORD2047306,MERCH010,bank_acct_6362****2029
ORD2003025,MERCH011,bank_acct_9611****9760
ORD2003838,MERCH019,opqpkw2@okaxis
ORD2046505,MERCH013,bank_acct_3561****1791
ORD2051630,MERCH002,djsnvc2@ybl
ORD2015476,MERCH003,euykdp3@okaxis
ORD2035237,MERCH012,gbh1ohf@oksbi
ORD2020521,MERCH009,bank_acct_9079****1476
ORD2004156,MERCH009,2btag30@okicici
ORD2058417,MERCH020,cchjlyw@ybl
ORD2055799,MERCH001,bank_acct_0416****0214
ORD2043933,MERCH004,iusobe1@oksbi
ORD2046201,MERCH010,bank_acct_5825****7214
ORD2054194,MERCH019,t3uf3yz@okaxis
ORD2026569,MERCH011,7sto6kt@okhdfcbank
ORD2011611,MERCH009,bank_acct_6038****3963
ORD2002003,MERCH006,75kehey@okaxis
ORD2028509,MERCH015,bank_acct_6579****9302
ORD2039268,MERCH015,bank_acct_7567****9641
ORD2025109,MERCH001,bank_acct_8765****6985
ORD2019280,MERCH015,y3q13dw@okaxis
ORD2038510,MERCH001,csdbo2h@okicici
ORD2050533,MERCH015,bank_acct_4507****9109
ORD2020192,MERCH002,bank_acct_5199****2836
ORD2037550,MERCH012,smpwazy@okhdfcbank
ORD2009226,MERCH016,faoyghg@ybl
ORD2013443,MERCH018,o3gri60@okhdfcbank
ORD2005765,MERCH007,bank_acct_5111****0784
ORD2009030,MERCH018,iqrozy9@okicici
ORD2010665,MERCH019,fh0ityr@okicici
ORD2002715,MERCH003,bank_acct_3012****9513
ORD2057088,MERCH009,vvaa5ek@oksbi
ORD2040562,MERCH020,9olswue@ybl
ORD2005190,MERCH018,zghcull@okhdfcbank
ORD2004906,MERCH011,bank_acct_5460****7285
ORD2033199,MERCH014,bank_acct_2337****9067
ORD2014071,MERCH006,bank_acct_8065****6184
ORD2029581,MERCH009,obv4it9@okhdfcbank
ORD2045460,MERCH009,z5ynqik@okicici
ORD2026552,MERCH009,pmmzgpw@okaxis
ORD2014764,MERCH016,7b3aocs@ybl
ORD2009533,MERCH019,bank_acct_7453****6752
ORD2000137,MERCH006,bank_acct_0848****3420
ORD2042559,MERCH005,e8tebd4@okhdfcbank
ORD2008292,MERCH020,a1wq7uw@ybl
ORD2055556,MERCH002,bank_acct_9189****7411
ORD2057783,MERCH008,r2seryh@oksbi
ORD2012170,MERCH004,bank_acct_7125****3349
ORD2002971,MERCH002,bank_acct_1749****8382
ORD2000846,MERCH006,p3sqdd4@oksbi
ORD2046199,MERCH017,bank_acct_0325****1841
ORD2017011,MERCH015,bank_acct_0428****3476
ORD2020545,MERCH019,mderkg1@okhdfcbank
ORD2039237,MERCH011,bank_acct_8748****3285
ORD2024078,MERCH002,bank_acct_8866****3860
ORD2011048,MERCH018,bank_acct_1318****6341
ORD2039153,MERCH008,bank_acct_3605****3960
ORD2005007,MERCH002,z7lergj@oksbi
ORD2007018,MERCH009,k1e7twa@okhdfcbank
ORD2039254,MERCH013,bank_acct_8222****3104
ORD2048880,MERCH012,bank_acct_4513****9148
ORD2053382,MERCH018,bank_acct_5635****3042
ORD2025384,MERCH002,bank_acct_1201****1243
ORD2027497,MERCH020,vnbehjp@oksbi
ORD2058313,MERCH008,bank_acct_1319****1278
ORD2005393,MERCH012,bank_acct_7333****8741
ORD2016767,MERCH004,diq0ukd@oksbi
ORD2035735,MERCH003,s9sn233@oksbi
ORD2028105,MERCH017,bank_acct_7086****2140
ORD2011723,MERCH015,bank_acct_8173****0698
ORD2052390,MERCH004,pqhjtqj@okicici
ORD2039776,MERCH017,bank_acct_0607****3978
ORD2004150,MERCH003,bank_acct_0397****9463
ORD2035881,MERCH008,ir3toex@oksbi
ORD2001193,MERCH007,bank_acct_1930****6085
ORD2006267,MERCH011,bank_acct_9924****7878
ORD2013904,MERCH019,bank_acct_8130****9799
ORD2027952,MERCH012,bank_acct_6964****3278
ORD2023757,MERCH014,bank_acct_0057****3782
ORD2047595,MERCH003,bank_acct_4830****2161
ORD2045737,MERCH014,bank_acct_6362****7459
ORD2000348,MERCH010,bank_acct_9396****3746
ORD2037377,MERCH005,bank_acct_1435****0132
ORD2004979,MERCH001,bank_acct_2245****3418
ORD2022107,MERCH011,bank_acct_6833****7269
ORD2029850,MERCH003,euykdp3@okaxis
ORD2034299,MERCH011,q3nwc8i@okicici
ORD2021664,MERCH014,bank_acct_2444****5985
ORD2050804,MERCH012,bank_acct_2381****2661
ORD2033485,MERCH016,bank_acct_9791****3413
ORD2027549,MERCH010,bank_acct_0652****9320
ORD2044670,MERCH020,7hbtnuc@okaxis
ORD2006291,MERCH001,bank_acct_4193****7763
ORD2005546,MERCH006,nafcdyg@okaxis
ORD2022075,MERCH012,bank_acct_4717****1601
ORD2026447,MERCH002,bank_acct_8109****2583
ORD2001878,MERCH010,bank_acct_5165****8651
ORD2045667,MERCH005,bank_acct_1111****0057
ORD2044017,MERCH019,bank_acct_4656****4340
ORD2009713,MERCH001,ymmhq2q@ybl
ORD2051434,MERCH004,bank_acct_6891****2841
ORD2047874,MERCH020,bank_acct_9354****0874
ORD2041130,MERCH007,bank_acct_4739****7843
ORD2047626,MERCH011,g2wvncl@ybl
ORD2012888,MERCH017,fmqzzyt@oksbi
ORD2034090,MERCH017,bkcimte@okaxis
ORD2027462,MERCH019,5ocarzj@okhdfcbank
ORD2036371,MERCH012,8hvfvaz@oksbi
ORD2039955,MERCH007,uy0a8fk@okaxis
ORD2028263,MERCH013,bank_acct_2916****9058
ORD2056715,MERCH019,spe26ji@okaxis
ORD2005829,MERCH002,bank_acct_2997****6544
ORD2037699,MERCH005,chmpi1i@okhdfcbank
ORD2013593,MERCH013,bank_acct_1573****3516
ORD2045988,MERCH003,kxx0ipe@okicici
ORD2034725,MERCH003,wgdgsp5@okicici
ORD2025560,MERCH008,h5apn12@okaxis
ORD2037580,MERCH019,zoqxcup@ybl
ORD2048089,MERCH017,9trlrf5@okicici
ORD2020143,MERCH019,geclqcb@okhdfcbank
ORD2010401,MERCH018,ooto3s6@oksbi
ORD2046636,MERCH014,ptixqex@okhdfcbank
ORD2033081,MERCH018,bank_acct_0519****7484
ORD2030597,MERCH002,sdmemmq@oksbi
ORD2035505,MERCH017,bank_acct_9428****9409
ORD2012976,MERCH002,bank_acct_8747****3728
ORD2010357,MERCH020,bank_acct_7773****3556
ORD2014239,MERCH016,ezrt0c5@okhdfcbank
ORD2028856,MERCH017,bank_acct_0730****1073
ORD2024009,MERCH017,bank_acct_6947****0369
ORD2009936,MERCH015,bank_acct_4841****2466
ORD2046541,MERCH011,6umscjs@okaxis
ORD2032274,MERCH009,iybl1u0@okicici
ORD2006543,MERCH007,bank_acct_2535****1816
ORD2049330,MERCH019,bank_acct_6906****6585
ORD2049084,MERCH010,tb5xihb@okaxis
ORD2033770,MERCH008,bank_acct_5415****2708
ORD2052718,MERCH011,bank_acct_5090****1362
ORD2021685,MERCH008,bank_acct_5115****3590
ORD2052794,MERCH012,bank_acct_5193****7762
ORD2041420,MERCH008,rpytwdf@ybl
ORD2046478,MERCH015,bank_acct_4031****0740
ORD2025079,MERCH011,bank_acct_2618****5012
ORD2035730,MERCH004,bank_acct_8116****5567
ORD2028354,MERCH008,bank_acct_0614****5890
ORD2023204,MERCH015,bank_acct_6271****3484
ORD2046518,MERCH014,hd9ov5w@okicici
ORD2020108,MERCH012,ljtnkmd@okhdfcbank
ORD2038380,MERCH003,bank_acct_8494****4668
ORD2045929,MERCH012,bank_acct_0256****3450
ORD2045985,MERCH012,kgwwhnj@okhdfcbank
ORD2029168,MERCH016,bank_acct_3847****0043
ORD2013260,MERCH020,bank_acct_8471****3511
ORD2039270,MERCH008,bank_acct_4355****2640
ORD2000242,MERCH015,bank_acct_0132****2428
ORD2056336,MERCH014,mwiqtgo@ybl
ORD2021498,MERCH010,bank_acct_8224****6318
ORD2001140,MERCH018,bank_acct_7823****2880
ORD2028600,MERCH008,bank_acct_5894****5246
ORD2010461,MERCH014,zm93mzw@ybl
ORD2017769,MERCH019,i73szk5@okicici
ORD2009862,MERCH005,bank_acct_7389****3348
ORD2045702,MERCH020,bank_acct_4231****3493
ORD2054161,MERCH009,bank_acct_3185****7262
ORD2056842,MERCH010,bank_acct_9679****2255
ORD2051189,MERCH011,ovgul3x@ybl
ORD2022016,MERCH011,bank_acct_2825****0738
ORD2032488,MERCH004,bank_acct_6072****3308
ORD2036468,MERCH003,lvzpjwb@oksbi
ORD2024566,MERCH014,bank_acct_4866****5907
ORD2024593,MERCH014,bank_acct_1244****4628
ORD2039563,MERCH017,e7fcpdk@ybl
ORD2038357,MERCH005,bank_acct_8020****3304
ORD2008110,MERCH019,z6fjkib@okhdfcbank
ORD2054830,MERCH016,ur7uvpl@ybl
ORD2015288,MERCH007,qytgqev@okaxis
ORD2048847,MERCH006,m4vgoi4@ybl
ORD2003712,MERCH015,bank_acct_1256****4080
ORD2045761,MERCH001,hkphcyr@okicici
ORD2050856,MERCH006,bank_acct_6982****6368
ORD2006484,MERCH004,xd4dkit@oksbi
ORD2052487,MERCH014,bank_acct_3913****0380
ORD2014998,MERCH009,bank_acct_8466****8567
ORD2009145,MERCH018,bank_acct_2303****6050
ORD2025937,MERCH016,bank_acct_8651****5707
ORD2003354,MERCH004,fc2tjig@okhdfcbank
ORD2050903,MERCH005,bank_acct_7987****7595
ORD2009412,MERCH002,pt9fg0m@okaxis
ORD2011065,MERCH014,bank_acct_2250****7107
ORD2045757,MERCH001,htirscv@okhdfcbank
ORD2052340,MERCH006,bank_acct_9568****1432
ORD2019487,MERCH003,9dnnmjc@okaxis
ORD2027614,MERCH005,6foiqul@okhdfcbank
ORD2022032,MERCH017,bank_acct_3416****7777
ORD2026662,MERCH017,r2i3x4e@okhdfcbank
ORD2027077,MERCH013,uvkyiz2@oksbi
ORD2051312,MERCH014,wb2kbtx@okaxis
ORD2039602,MERCH012,bank_acct_1380****2168
ORD2030563,MERCH005,bank_acct_3703****4545
ORD2053874,MERCH013,qurso36@okicici
ORD2036209,MERCH018,bank_acct_8223****9357
ORD2007203,MERCH008,x6fyqfs@okhdfcbank
ORD2002898,MERCH014,bank_acct_8017****6034
ORD2054189,MERCH004,s2yuv25@ybl
ORD2008606,MERCH011,bank_acct_8805****1948
ORD2008435,MERCH011,bank_acct_1293****5536
ORD2022454,MERCH019,bank_acct_2501****8628
ORD2035056,MERCH020,tbadfbs@okhdfcbank
ORD2032533,MERCH020,bank_acct_3389****3162
ORD2044518,MERCH004,6ecs5cu@okhdfcbank
ORD2015972,MERCH002,bank_acct_2384****7886
ORD2049466,MERCH005,bank_acct_2337****9067
ORD2032766,MERCH015,sm5u1ec@okaxis
ORD2045743,MERCH014,dqidlaf@okaxis
ORD2052220,MERCH015,bank_acct_9443****8063
ORD2019773,MERCH014,bank_acct_4391****7832
ORD2012835,MERCH010,bank_acct_2591****7837
ORD2040539,MERCH016,bank_acct_4957****2315
ORD2008358,MERCH005,bank_acct_1310****3100
ORD2053006,MERCH006,bank_acct_2040****5737
ORD2010695,MERCH019,zjvl55q@okicici
ORD2015838,MERCH017,wo21lho@okaxis
ORD2038775,MERCH003,bank_acct_3969****3992
ORD2043213,MERCH005,bank_acct_2520****1001
ORD2027301,MERCH001,bank_acct_3823****4710
ORD2032852,MERCH019,bank_acct_7988****0515
ORD2037128,MERCH020,bank_acct_0558****1523
ORD2003944,MERCH015,g3vloko@okhdfcbank
ORD2010867,MERCH013,bank_acct_4843****2254
ORD2054525,MERCH011,bank_acct_4386****2890
ORD2051593,MERCH015,bank_acct_6679****4460
ORD2058305,MERCH006,9gbhkqt@oksbi
ORD2059676,MERCH017,bank_acct_8668****5244
ORD2029954,MERCH019,bank_acct_0754****8230
ORD2034121,MERCH009,alnzcly@ybl
ORD2057403,MERCH004,bank_acct_6681****8215
ORD2013142,MERCH008,bank_acct_3667****0858
ORD2014362,MERCH010,ibpdybu@okhdfcbank
ORD2059861,MERCH016,us6yh6l@okhdfcbank
ORD2055345,MERCH011,bank_acct_9509****6826
ORD2057026,MERCH002,xccupmo@ybl
ORD2014155,MERCH019,bank_acct_8661****4882
ORD2053597,MERCH017,qop3tcm@oksbi
ORD2016939,MERCH017,opkhfw5@okaxis
ORD2052197,MERCH019,mctuy3b@ybl
ORD2014973,MERCH017,bank_acct_5542****9691
ORD2002019,MERCH014,gq8oahe@ybl
ORD2045132,MERCH010,bank_acct_0917****3268
ORD2021113,MERCH011,yohmp1n@oksbi
ORD2030173,MERCH013,bank_acct_7344****5866
ORD2043330,MERCH011,bank_acct_3569****9639
ORD2039725,MERCH006,7tnk0of@okicici
ORD2030672,MERCH005,mcyu1lr@oksbi
ORD2019080,MERCH002,znm62po@okaxis
ORD2048263,MERCH007,bank_acct_8510****3441
ORD2002827,MERCH014,bank_acct_0031****1919
ORD2005585,MERCH017,v5dqtdy@okicici
ORD2020490,MERCH009,yabla0v@okhdfcbank
ORD2003662,MERCH020,bank_acct_0558****1523
ORD2029151,MERCH004,da0i6at@okicici
ORD2059643,MERCH012,6hyddzg@oksbi
ORD2038869,MERCH010,bank_acct_0652****5503
ORD2049597,MERCH014,ftdx31l@okicici
ORD2009170,MERCH010,o662fem@oksbi
ORD2059025,MERCH009,fv8cvvr@okaxis
ORD2028287,MERCH016,bswpwjf@okicici
ORD2025381,MERCH015,bank_acct_2323****1644
ORD2033112,MERCH008,xrxhmrt@oksbi
ORD2057509,MERCH006,dkmqsa5@oksbi
ORD2058148,MERCH010,rheapmn@ybl
ORD2050379,MERCH009,bank_acct_5964****2500
ORD2023536,MERCH009,euykdp3@okaxis
ORD2037343,MERCH008,pnecjfs@okicici
ORD2004808,MERCH009,bank_acct_9011****2599
ORD2012640,MERCH005,bank_acct_7399****1823
ORD2059017,MERCH004,bank_acct_9082****8021
ORD2006963,MERCH007,2no5qwq@ybl
ORD2019091,MERCH018,bank_acct_6886****1916
ORD2041522,MERCH017,bank_acct_6347****8811
ORD2005802,MERCH006,enwr1qk@ybl
ORD2005327,MERCH001,acw6rxk@okhdfcbank
ORD2040361,MERCH020,tc13asc@okhdfcbank
ORD2018795,MERCH002,bank_acct_4386****7741
ORD2016602,MERCH018,rp7jgvo@okhdfcbank
ORD2021787,MERCH018,hqners7@okaxis
ORD2029263,MERCH007,ltxxb5l@ybl
ORD2004396,MERCH001,bank_acct_3727****2527
ORD2017668,MERCH016,fvx201a@oksbi
ORD2053416,MERCH001,2vovmoo@oksbi
ORD2010074,MERCH012,bank_acct_7347****5462
ORD2044302,MERCH018,mkdbk6n@okhdfcbank
ORD2020817,MERCH019,bank_acct_7714****4357
ORD2014146,MERCH014,tdru9pj@okicici
ORD2010533,MERCH015,bank_acct_5399****2504
ORD2010966,MERCH017,rio7oul@ybl
ORD2026694,MERCH005,bank_acct_9402****7587
ORD2032761,MERCH015,wg9iyyf@oksbi
ORD2014337,MERCH010,bank_acct_2372****0759
ORD2033473,MERCH004,hkkkspa@okaxis
ORD2002453,MERCH004,bun5b9h@okicici
ORD2008104,MERCH015,plgfzjy@ybl
ORD2012263,MERCH014,bank_acct_1046****1461
ORD2046921,MERCH016,bank_acct_4208****6043
ORD2059466,MERCH009,bank_acct_1509****1751
ORD2023755,MERCH003,p4qmcvh@okaxis
ORD2032004,MERCH005,icszkaf@okhdfcbank
ORD2032579,MERCH009,bank_acct_5384****2162
ORD2028296,MERCH004,q2pcz8p@okaxis
ORD2044490,MERCH012,bank_acct_8178****7845
ORD2026932,MERCH003,bank_acct_5218****4772
ORD2013573,MERCH008,re8eylp@okicici
ORD2024457,MERCH003,bank_acct_6059****9717
ORD2055234,MERCH011,i0ehrav@okicici
ORD2003374,MERCH006,bank_acct_3857****6746
ORD2050639,MERCH017,bank_acct_1170****9526
ORD2018410,MERCH011,molfedj@okhdfcbank
ORD2038649,MERCH009,oqrguge@okhdfcbank
ORD2006446,MERCH015,ysbbstw@okicici
ORD2021144,MERCH017,bank_acct_6807****1502
ORD2003821,MERCH003,bank_acct_1799****1579
ORD2006156,MERCH011,wehwftr@okhdfcbank
ORD2018740,MERCH002,bank_acct_2251****5562
ORD2039053,MERCH014,xfetvb1@okicici
ORD2011951,MERCH004,bank_acct_8010****4660
ORD2055625,MERCH017,bank_acct_6851****8088
ORD2039417,MERCH011,bank_acct_2991****1473
ORD2054318,MERCH003,mkdbk6n@okhdfcbank
ORD2006796,MERCH001,bank_acct_0814****4114
ORD2003912,MERCH008,v4gtvqe@okhdfcbank
ORD2050287,MERCH005,bank_acct_7222****2707
ORD2013609,MERCH019,qmrcc3d@okhdfcbank
ORD2028948,MERCH013,bank_acct_7407****1928
ORD2045103,MERCH008,bank_acct_6261****8342
ORD2007016,MERCH007,bank_acct_1932****2596
ORD2024886,MERCH009,bank_acct_2920****4265
ORD2013189,MERCH016,bank_acct_3676****3718
ORD2037728,MERCH013,bank_acct_7453****6752
ORD2056309,MERCH006,bank_acct_9651****5212
ORD2048787,MERCH016,lc2bpaq@oksbi
ORD2048502,MERCH010,bank_acct_8447****3666
ORD2049023,MERCH005,d8698w5@okhdfcbank
ORD2010081,MERCH007,bank_acct_7501****6033
ORD2044326,MERCH003,lfkbwlr@okicici
ORD2034790,MERCH017,bank_acct_0168****8476
ORD2043609,MERCH007,bank_acct_4369****7597
ORD2018090,MERCH001,bank_acct_3399****6297
ORD2039017,MERCH014,f8zli9m@ybl
ORD2026280,MERCH003,bank_acct_9259****3478
ORD2006938,MERCH016,0yacrm5@okhdfcbank
ORD2034562,MERCH018,hrohgou@okicici
ORD2028461,MERCH020,bsuna3b@ybl
ORD2030374,MERCH008,mkdbk6n@okhdfcbank
ORD2002316,MERCH002,bank_acct_2113****7534
ORD2034715,MERCH014,bank_acct_4708****3420
ORD2048451,MERCH014,bank_acct_8017****6034
ORD2046772,MERCH020,bank_acct_3779****8873
ORD2013919,MERCH014,bvguo68@oksbi
ORD2019058,MERCH019,srwmatu@okaxis
ORD2017805,MERCH008,cgg4mil@oksbi
ORD2029662,MERCH007,bank_acct_5232****5668
ORD2047028,MERCH016,pr4t5xs@okicici
ORD2049435,MERCH017,bank_acct_9419****5016
ORD2018403,MERCH018,bank_acct_5227****1685
ORD2009132,MERCH010,bank_acct_3230****1096
ORD2057388,MERCH008,bank_acct_7980****3381
ORD2049354,MERCH010,cbhpq8w@oksbi
ORD2059649,MERCH016,bank_acct_8622****0154
ORD2032249,MERCH016,bank_acct_2191****6142
ORD2032087,MERCH013,bank_acct_0786****0023
ORD2023575,MERCH020,bank_acct_5761****0609
ORD2056653,MERCH011,bank_acct_0256****3450
ORD2004082,MERCH010,bank_acct_5775****0570
ORD2024726,MERCH004,bank_acct_5186****3043
ORD2014380,MERCH008,ibswrec@oksbi
ORD2036795,MERCH004,3t03csc@okhdfcbank
ORD2024284,MERCH014,bank_acct_7494****4836
ORD2034989,MERCH015,mrd0lhl@oksbi
ORD2021199,MERCH011,1tgm3pp@okaxis
ORD2039007,MERCH008,bank_acct_7762****9765
ORD2058365,MERCH014,bank_acct_0933****1257
ORD2028675,MERCH003,3t03csc@okhdfcbank
ORD2043976,MERCH015,bank_acct_3277****4179
ORD2002481,MERCH011,9nszbea@oksbi
ORD2036900,MERCH004,kdrpte1@okaxis
ORD2045782,MERCH012,u2yhfuq@oksbi
ORD2003499,MERCH013,ruovhqy@okicici
ORD2011732,MERCH005,bank_acct_4156****7562
ORD2000052,MERCH016,bl4dkr2@okhdfcbank
ORD2025365,MERCH016,f1ecs5e@ybl
ORD2008583,MERCH020,bank_acct_1153****8879
ORD2004626,MERCH014,bank_acct_4362****6499
ORD2031973,MERCH008,sb3ubu0@okaxis
ORD2048613,MERCH001,bank_acct_4556****9716
ORD2055604,MERCH010,yvjxgea@okicici
ORD2011229,MERCH009,eyttbpm@oksbi
ORD2006599,MERCH017,r7dzmhk@oksbi
ORD2009463,MERCH007,g2mkqv7@okicici
ORD2038076,MERCH014,wvjczth@ybl
ORD2029261,MERCH002,bank_acct_0032****6840
ORD2024834,MERCH018,bank_acct_9873****9663
ORD2011090,MERCH011,x4awe5x@okaxis
ORD2028314,MERCH009,bank_acct_4109****5807
ORD2001679,MERCH011,bank_acct_5227****1685
ORD2015142,MERCH014,fisbkjx@ybl
ORD2026522,MERCH013,bank_acct_5280****2672
ORD2032423,MERCH015,yfa5o1v@okaxis
ORD2042013,MERCH014,bank_acct_6947****4374
ORD2039564,MERCH013,hhdqvog@okhdfcbank
ORD2016528,MERCH009,gqgcyg8@okhdfcbank
ORD2036912,MERCH002,7twu22p@okaxis
ORD2018386,MERCH009,stips3e@ybl
ORD2011562,MERCH016,zrdgbsi@ybl
ORD2058988,MERCH008,bank_acct_1545****6996
ORD2047698,MERCH011,rqxwyb0@okaxis
ORD2004632,MERCH002,bank_acct_8843****9992
ORD2056910,MERCH010,bank_acct_7167****6361
ORD2016493,MERCH015,bank_acct_4557****2343
ORD2019066,MERCH014,bank_acct_1242****6765
ORD2026062,MERCH008,bank_acct_2835****9017
ORD2008277,MERCH019,ggopli7@ybl
ORD2050891,MERCH006,e5hz0h7@ybl
ORD2039410,MERCH014,bank_acct_1986****8076
ORD2055076,MERCH004,bank_acct_8457****7666
ORD2048985,MERCH010,euykdp3@okaxis
ORD2018819,MERCH011,cmut9ne@okhdfcbank
ORD2044610,MERCH005,bank_acct_7920****3453
ORD2054250,MERCH020,4mt1trj@okicici
ORD2044296,MERCH018,bank_acct_5837****0218
ORD2048099,MERCH001,bank_acct_3991****6287
ORD2038884,MERCH001,bank_acct_5189****7878
ORD2049507,MERCH013,ddvjcix@okicici
ORD2033684,MERCH003,o16wubq@okhdfcbank
ORD2023846,MERCH011,uo13mhh@okaxis
ORD2028719,MERCH012,bank_acct_1349****1888
ORD2021691,MERCH018,bank_acct_3726****0384
ORD2018356,MERCH003,jhrprtk@ybl
ORD2044181,MERCH002,bank_acct_1722****8288
ORD2031819,MERCH017,bank_acct_2351****8371
ORD2029912,MERCH007,bank_acct_4444****0820
ORD2056274,MERCH012,ni26ijw@okicici
ORD2052119,MERCH018,bank_acct_9398****8673
ORD2004805,MERCH007,bank_acct_9446****8700
ORD2001457,MERCH006,bank_acct_5856****9645
ORD2001276,MERCH018,ef5htuf@oksbi
ORD2001550,MERCH013,bank_acct_7403****3517
ORD2017365,MERCH008,krgftxb@okhdfcbank
ORD2016134,MERCH010,prbqtak@okaxis
ORD2021721,MERCH006,vgvamz2@okaxis
ORD2025775,MERCH012,bank_acct_4023****7625
ORD2006146,MERCH011,kkjzw4d@oksbi
ORD2034211,MERCH014,bank_acct_5144****9058
ORD2041676,MERCH007,bank_acct_1628****6799
ORD2051326,MERCH018,bank_acct_1306****0524
ORD2046474,MERCH008,bank_acct_7398****0856
ORD2024213,MERCH001,bank_acct_4860****2598
ORD2034190,MERCH002,g4kfxob@okicici
ORD2047844,MERCH001,motsbly@okicici
ORD2010273,MERCH017,tadtkli@oksbi
ORD2019704,MERCH004,dtq7fvw@okicici
ORD2036372,MERCH017,axddxrl@okaxis
ORD2030412,MERCH013,alhift7@okicici
ORD2001808,MERCH016,7oi52tb@oksbi
ORD2017040,MERCH002,bank_acct_8355****7562
ORD2016307,MERCH006,bank_acct_5171****6963
ORD2053759,MERCH010,bank_acct_6511****7030
ORD2023888,MERCH010,bank_acct_6840****6697
ORD2013547,MERCH001,2sat76j@ybl
ORD2035317,MERCH008,bank_acct_5471****8936
ORD2031126,MERCH008,gdx1aer@ybl
ORD2000103,MERCH002,bank_acct_8816****2867
ORD2028609,MERCH009,bank_acct_7787****9956
ORD2045964,MERCH004,bank_acct_9216****8715
ORD2037567,MERCH013,bank_acct_9057****0269
ORD2014420,MERCH013,p0bid8a@okaxis
ORD2001192,MERCH005,gv4vyll@okaxis
ORD2028025,MERCH009,bank_acct_0900****7712
ORD2038285,MERCH003,oqsaebh@okicici
ORD2044177,MERCH003,vkfpevo@okaxis
ORD2057498,MERCH003,kkewukr@oksbi
ORD2000146,MERCH013,boqikqk@oksbi
ORD2055131,MERCH001,bank_acct_4648****9058
ORD2023959,MERCH001,bank_acct_3585****7651
ORD2021882,MERCH018,bank_acct_4205****8497
ORD2000557,MERCH020,aypq3xa@okaxis
ORD2042129,MERCH005,6ptarff@okaxis
ORD2031298,MERCH004,tg6eiuy@ybl
ORD2033414,MERCH019,5rer409@ybl
ORD2001118,MERCH013,pzq594s@okhdfcbank
ORD2013077,MERCH007,gzjbyiy@okhdfcbank
ORD2040268,MERCH020,bank_acct_0302****0706
ORD2038814,MERCH010,bank_acct_1577****8442
ORD2058308,MERCH011,bank_acct_6606****6104
ORD2028534,MERCH014,1xqog43@okaxis
ORD2000595,MERCH017,fcrlifs@okicici
ORD2057140,MERCH001,roplew5@okicici
ORD2033313,MERCH010,2zgfsia@oksbi
ORD2007983,MERCH009,bank_acct_5249****1397
ORD2052074,MERCH015,pbbgtvy@ybl
ORD2031203,MERCH007,pf3wjv9@okhdfcbank
ORD2017574,MERCH004,lubrmlk@okaxis
ORD2012419,MERCH009,4flb96o@okaxis
ORD2050063,MERCH007,bank_acct_5232****5668
ORD2017987,MERCH013,bank_acct_2946****3286
ORD2013388,MERCH010,5gpcud7@okicici
ORD2016455,MERCH014,ja2c4u2@ybl
ORD2009079,MERCH003,qdfpbfe@okicici
ORD2001890,MERCH008,piryirs@okhdfcbank
ORD2037962,MERCH014,bank_acct_6851****0737
ORD2018702,MERCH018,okfs5dl@ybl
ORD2044965,MERCH010,bank_acct_8222****3104
ORD2056867,MERCH010,bank_acct_7611****5920
ORD2036416,MERCH018,bank_acct_4016****3087
ORD2010046,MERCH017,bank_acct_7009****7111
ORD2036354,MERCH008,kqlmhi5@oksbi
ORD2054616,MERCH013,1tciksh@okhdfcbank
ORD2038062,MERCH001,bank_acct_8181****3819
ORD2028333,MERCH016,bank_acct_0781****9507
ORD2021879,MERCH013,lgipgbv@okaxis
ORD2055349,MERCH012,bank_acct_2601****4438
ORD2009446,MERCH018,dwktsww@okhdfcbank
ORD2030786,MERCH004,pcldc2f@ybl
ORD2055330,MERCH015,ent5cnb@okhdfcbank
ORD2030752,MERCH010,bank_acct_8224****6318
ORD2018916,MERCH013,bank_acct_3948****1864
ORD2027351,MERCH008,fdsahba@ybl
ORD2007888,MERCH015,bank_acct_1218****3094
ORD2046920,MERCH012,bank_acct_4238****9991
ORD2029350,MERCH016,bank_acct_6342****0611
ORD2015016,MERCH019,lymh1bv@oksbi
ORD2002659,MERCH004,bank_acct_8015****1464
ORD2039670,MERCH010,nzbghss@okicici
ORD2021571,MERCH011,bank_acct_0784****0303
ORD2048531,MERCH005,bank_acct_0501****9233
ORD2018727,MERCH003,y4bkfuw@okicici
ORD2000832,MERCH004,bank_acct_6259****9448
ORD2004444,MERCH018,50gmkli@ybl
ORD2012647,MERCH006,ltqlynp@okhdfcbank
ORD2047110,MERCH007,n1dfe6r@okaxis
ORD2040646,MERCH016,eaj3ju6@okicici
ORD2053192,MERCH018,bank_acct_0558****1523
ORD2014231,MERCH003,bank_acct_4587****1374
ORD2032218,MERCH005,fvakeu2@okaxis
ORD2025344,MERCH013,bank_acct_0551****6116
ORD2015895,MERCH020,axljs6g@okaxis
ORD2058182,MERCH016,lcruwoh@okhdfcbank
ORD2058482,MERCH017,i5limis@ybl
ORD2030262,MERCH019,cyx22bi@oksbi
ORD2007988,MERCH008,g4fgtjc@okhdfcbank
ORD2035394,MERCH002,bank_acct_6413****8361
ORD2010609,MERCH016,bank_acct_7320****4641
ORD2028379,MERCH009,bank_acct_5834****0461
ORD2020902,MERCH014,bank_acct_8456****4086
ORD2004785,MERCH010,lgcnr9x@oksbi
ORD2009345,MERCH011,btepfgy@ybl
ORD2040429,MERCH005,bank_acct_9062****5520
ORD2024082,MERCH002,bank_acct_3363****8424
ORD2035108,MERCH011,gmdqp1b@ybl
ORD2022852,MERCH019,gbqaumq@okaxis
ORD2045817,MERCH020,bank_acct_9206****7269
ORD2004965,MERCH014,bank_acct_1225****1843
ORD2000580,MERCH001,csewqe1@ybl
ORD2049054,MERCH009,bank_acct_6255****5668
ORD2015811,MERCH007,rvifjm5@oksbi
ORD2036367,MERCH018,bank_acct_6619****9894
ORD2048895,MERCH016,yrvivbk@okhdfcbank
ORD2041808,MERCH013,bank_acct_1986****8076
ORD2030757,MERCH011,bank_acct_2295****9438
ORD2027316,MERCH008,e9mwpqv@okaxis
ORD2002351,MERCH003,bank_acct_0818****3793
ORD2013674,MERCH016,tfcklba@okaxis
ORD2025049,MERCH017,fweczvf@okhdfcbank
ORD2039031,MERCH018,bank_acct_6552****3225
ORD2047859,MERCH003,bank_acct_5513****4390
ORD2013959,MERCH004,9q9bkwy@oksbi
ORD2026884,MERCH018,iqrozy9@okicici
ORD2052299,MERCH013,bank_acct_7937****5176
ORD2006436,MERCH005,bank_acct_2127****6463
ORD2037912,MERCH001,b8yfqyb@ybl
ORD2052635,MERCH006,bank_acct_3225****9154
ORD2055017,MERCH017,ymcry9a@okicici
ORD2009162,MERCH004,bank_acct_4671****4815
ORD2002460,MERCH006,bank_acct_6596****1030
ORD2024858,MERCH007,kn9vtr2@okaxis
ORD2002738,MERCH015,bank_acct_9202****5121
ORD2054395,MERCH004,bank_acct_0463****8134
ORD2038423,MERCH002,bank_acct_9607****2462
ORD2020371,MERCH014,atvek1q@ybl
ORD2045634,MERCH016,bank_acct_8987****0804
ORD2047322,MERCH006,bank_acct_7781****6654
ORD2023616,MERCH017,bank_acct_6996****3110
ORD2055356,MERCH016,bank_acct_5185****9966
ORD2003219,MERCH005,quywomj@okaxis
ORD2006329,MERCH018,nmelzqk@ybl
ORD2027890,MERCH014,mvke55z@ybl
ORD2057684,MERCH013,bank_acct_5812****3158
ORD2045438,MERCH001,bank_acct_8105****1787
ORD2058776,MERCH010,bank_acct_2171****8051
ORD2025360,MERCH004,3t03csc@okhdfcbank
ORD2004134,MERCH010,bank_acct_2059****4211
ORD2013621,MERCH009,etfot6b@okicici
ORD2006058,MERCH017,sr4jaxn@okhdfcbank
ORD2025820,MERCH011,zbvu3tt@okaxis
ORD2049849,MERCH020,bank_acct_6723****1192
ORD2034300,MERCH012,bank_acct_0728****5199
ORD2018675,MERCH019,bank_acct_3011****8715
ORD2042182,MERCH006,bank_acct_3796****5421
ORD2002661,MERCH005,g8vgngm@okhdfcbank
ORD2026747,MERCH010,bank_acct_9460****7688
ORD2001150,MERCH017,bank_acct_0047****9057
ORD2050461,MERCH007,jgnixi6@ybl
ORD2032161,MERCH020,bank_acct_6574****0946
ORD2041967,MERCH012,5dv4di0@okhdfcbank
ORD2027237,MERCH013,boqikqk@oksbi
ORD2048829,MERCH016,bank_acct_9783****3868
ORD2013243,MERCH015,bank_acct_8897****9389
ORD2038121,MERCH007,bank_acct_9761****7182
ORD2050670,MERCH011,xe6apvq@oksbi
ORD2013562,MERCH005,ykwksjv@okicici
ORD2054777,MERCH006,bank_acct_3407****5149
ORD2014323,MERCH017,e6tqj2t@okhdfcbank
ORD2049056,MERCH016,bank_acct_4956****4135
ORD2014917,MERCH001,ln7b9qb@ybl
ORD2001180,MERCH011,q0vvr8m@okicici
ORD2049543,MERCH014,1qdnfat@okhdfcbank
ORD2027450,MERCH006,4a1glu8@oksbi
ORD2041899,MERCH005,bank_acct_9058****6218
ORD2048220,MERCH016,bank_acct_0476****9597
ORD2035895,MERCH003,e4njh8f@okaxis
ORD2004193,MERCH001,bank_acct_3311****6367
ORD2052832,MERCH010,f0rjka2@oksbi
ORD2026489,MERCH007,bank_acct_9046****6349
ORD2027649,MERCH007,bank_acct_0495****5710
ORD2035910,MERCH004,9zp1a5q@ybl
ORD2057616,MERCH018,bank_acct_0630****2781
ORD2026657,MERCH015,k71rbb6@ybl
ORD2023032,MERCH011,bank_acct_7579****1937
ORD2042018,MERCH004,udovtlf@oksbi
ORD2027907,MERCH002,bank_acct_1762****3589
ORD2017660,MERCH020,qhcku0z@okicici
ORD2033158,MERCH015,dyq04f5@ybl
ORD2013895,MERCH020,bank_acct_8649****3609
ORD2054342,MERCH006,bwtcqii@okhdfcbank
ORD2014790,MERCH003,yb3uffo@ybl
ORD2006334,MERCH012,bank_acct_2056****5328
ORD2057183,MERCH018,bank_acct_0602****1853
ORD2050289,MERCH008,varjfmb@oksbi
ORD2040689,MERCH012,ladyt37@ybl
ORD2040486,MERCH001,r30roji@okicici
ORD2038436,MERCH007,yugnahm@okaxis
ORD2054095,MERCH009,bank_acct_4283****4178
ORD2055873,MERCH010,bank_acct_9020****4487
ORD2011141,MERCH014,5md3rje@okaxis
ORD2051608,MERCH019,bank_acct_4400****9393
ORD2049403,MERCH010,bank_acct_0472****5638
ORD2040306,MERCH012,bank_acct_4445****1856
ORD2036508,MERCH020,r1zg7nj@ybl
ORD2053866,MERCH013,oelesla@okicici
ORD2013626,MERCH009,a2httgr@oksbi
ORD2051194,MERCH018,ga3me9w@okaxis
ORD2049645,MERCH018,mnowj8o@okaxis
ORD2010805,MERCH007,bank_acct_0381****1664
ORD2005359,MERCH003,vvdgs30@okhdfcbank
ORD2044118,MERCH019,bank_acct_6949****4733
ORD2049116,MERCH005,yeamic4@okhdfcbank
ORD2030370,MERCH004,uthlppi@ybl
ORD2013464,MERCH007,bank_acct_4909****9018
ORD2023411,MERCH009,bank_acct_1201****5998
ORD2020892,MERCH006,bank_acct_4347****8168
ORD2022489,MERCH009,qehsqpd@okhdfcbank
ORD2059440,MERCH019,qjphece@okhdfcbank
ORD2042099,MERCH004,jn288cq@okicici
ORD2034906,MERCH005,yq1fpnw@okaxis
ORD2030103,MERCH017,b2pgak1@okaxis
ORD2024455,MERCH019,bank_acct_6444****1048
ORD2000462,MERCH013,ikvdwvu@okhdfcbank
ORD2057393,MERCH011,wa6hoap@okicici
ORD2053359,MERCH019,bank_acct_1560****3906
ORD2042835,MERCH019,b3y5pnu@okicici
ORD2052317,MERCH020,r7xwfwo@okhdfcbank
ORD2002926,MERCH009,bank_acct_5625****7040
ORD2026702,MERCH020,bank_acct_2869****5259
ORD2005781,MERCH016,bank_acct_6862****0455
ORD2059694,MERCH008,mkdbk6n@okhdfcbank
ORD2049127,MERCH001,bank_acct_7476****5165
ORD2040474,MERCH008,crc5yd1@okicici
ORD2040945,MERCH007,bank_acct_1001****8923
ORD2033991,MERCH003,bank_acct_6323****9073
ORD2047617,MERCH020,bank_acct_0517****2193
ORD2032401,MERCH005,bank_acct_2933****6995
ORD2024498,MERCH005,bank_acct_3792****0552
ORD2056603,MERCH006,bank_acct_1417****2649
ORD2020308,MERCH016,bank_acct_0769****5212
ORD2012276,MERCH001,bank_acct_7141****9089
ORD2017454,MERCH011,nheodjn@okhdfcbank
ORD2014338,MERCH003,fkdggsu@okhdfcbank
ORD2018281,MERCH002,rvr3jmz@oksbi
ORD2017906,MERCH005,bank_acct_6844****6385
ORD2053996,MERCH017,uskbd2x@okaxis
ORD2002280,MERCH015,y3skjwr@okaxis
ORD2045344,MERCH014,bank_acct_0113****9488
ORD2005844,MERCH016,ydczhz1@ybl
ORD2017561,MERCH011,kj8mvmc@okaxis
ORD2035393,MERCH010,bank_acct_2985****2191
ORD2014783,MERCH017,bank_acct_8155****0853
ORD2016044,MERCH004,bank_acct_6115****0623
ORD2015406,MERCH008,tgbwebf@okicici
ORD2010430,MERCH018,bank_acct_3990****3001
ORD2005390,MERCH013,ondmckk@okaxis
ORD2000488,MERCH013,bank_acct_2177****4873
ORD2048511,MERCH013,2b7s92g@okhdfcbank
ORD2014939,MERCH016,bank_acct_0899****4793
ORD2052154,MERCH012,ieqslur@ybl
ORD2022989,MERCH010,bank_acct_6961****3700
ORD2034366,MERCH017,bank_acct_6679****1235
ORD2002079,MERCH017,bank_acct_0818****3793
ORD2006590,MERCH003,d2gji92@okhdfcbank
ORD2036926,MERCH020,bank_acct_5846****6844
ORD2056105,MERCH007,cjc3blp@ybl
ORD2054367,MERCH006,h5dbbhb@okhdfcbank
ORD2034799,MERCH009,0mdwzyi@okaxis
ORD2042210,MERCH005,7eqqgpz@okicici
ORD2009440,MERCH016,bank_acct_6008****0880
ORD2002180,MERCH018,bank_acct_6163****1178
ORD2027671,MERCH015,bank_acct_4171****9383
ORD2024046,MERCH016,bank_acct_2593****6180
ORD2044997,MERCH009,mr2oqgc@okhdfcbank
ORD2055215,MERCH004,bank_acct_3303****7789
ORD2033959,MERCH018,u8r7phe@okhdfcbank
ORD2041394,MERCH014,bank_acct_8203****0557
ORD2018744,MERCH012,bank_acct_7685****4847
ORD2018184,MERCH006,bkvxtl2@okicici
ORD2039683,MERCH001,bank_acct_5054****7165
ORD2030742,MERCH012,amkxblq@oksbi
ORD2040404,MERCH015,5mpjffi@okhdfcbank
ORD2056307,MERCH012,bank_acct_9656****8005
ORD2012198,MERCH014,bank_acct_5317****1474
ORD2048308,MERCH007,bank_acct_9446****3742
ORD2053026,MERCH020,bank_acct_8653****9208
ORD2017883,MERCH018,bank_acct_0978****4717
ORD2034059,MERCH007,bank_acct_2509****2804
ORD2049129,MERCH013,6nueeao@okaxis
ORD2026208,MERCH012,hfrz5eq@oksbi
ORD2006491,MERCH006,jidu8ph@ybl
ORD2049696,MERCH001,bank_acct_6123****0645
ORD2042600,MERCH007,bank_acct_7669****7418
ORD2021657,MERCH015,avywjyx@okicici
ORD2046219,MERCH012,bank_acct_1794****9834
ORD2026000,MERCH017,qpg4ajs@okicici
ORD2048052,MERCH007,6gtqfw0@okaxis
ORD2057271,MERCH001,bank_acct_1308****3602
ORD2002792,MERCH019,bank_acct_4445****4681
ORD2018982,MERCH010,bank_acct_5363****9010
ORD2005049,MERCH011,bank_acct_4960****8304
ORD2034418,MERCH004,o7dkeku@okicici
ORD2018687,MERCH012,bank_acct_6307****6195
ORD2042258,MERCH009,bank_acct_1756****5366
ORD2008821,MERCH017,bank_acct_9799****2368
ORD2033922,MERCH001,p3jsalk@okaxis
ORD2019421,MERCH020,bank_acct_1548****1598
ORD2012554,MERCH009,bank_acct_8742****6113
ORD2007105,MERCH002,bank_acct_6007****9310
ORD2009306,MERCH009,bank_acct_5122****6926
ORD2028633,MERCH016,dppjvyp@oksbi
ORD2049273,MERCH013,bvguo68@oksbi
ORD2047981,MERCH009,6iubrvi@okicici
ORD2028229,MERCH009,diuodz5@okicici
ORD2046649,MERCH002,zc3tuqz@okhdfcbank
ORD2032452,MERCH019,bank_acct_8660****5849
ORD2020197,MERCH001,bank_acct_9237****1603
ORD2051833,MERCH016,ujotuku@ybl
ORD2016894,MERCH020,noi84am@oksbi
ORD2013180,MERCH015,8qnipru@okaxis
ORD2036196,MERCH016,agv9eul@okaxis
ORD2028070,MERCH006,i6yn1qp@okaxis
ORD2045310,MERCH009,bank_acct_9696****3727
ORD2005268,MERCH002,bank_acct_0108****3556
ORD2010891,MERCH012,bank_acct_6595****1300
ORD2002362,MERCH001,bank_acct_7692****0954
ORD2034251,MERCH020,apmgmye@okaxis
ORD2001346,MERCH009,1ygjobg@okhdfcbank
ORD2056014,MERCH010,bank_acct_8017****6034
ORD2058961,MERCH005,lssqpyb@oksbi
ORD2055575,MERCH014,bank_acct_2337****9067
ORD2039534,MERCH006,bank_acct_6008****0880
ORD2004933,MERCH002,bank_acct_0506****0152
ORD2022534,MERCH015,teoxscr@oksbi
ORD2006836,MERCH002,hrcc4uv@oksbi
ORD2050754,MERCH011,bank_acct_4560****9705
ORD2048760,MERCH004,bank_acct_6593****2224
ORD2010312,MERCH018,xnlfrpb@okaxis
ORD2038152,MERCH009,bank_acct_8615****0994
ORD2049724,MERCH007,bank_acct_4779****4015
ORD2017098,MERCH020,bank_acct_6472****5186
ORD2053210,MERCH001,bank_acct_7237****1183
ORD2017163,MERCH011,bank_acct_8741****0154
ORD2021977,MERCH011,bank_acct_0461****2833
ORD2050105,MERCH006,bank_acct_0855****2116
ORD2029627,MERCH019,bank_acct_7862****0698
ORD2052126,MERCH012,stlfske@oksbi
ORD2042963,MERCH017,2mk3mnm@okicici
ORD2056207,MERCH001,jnaeuow@okicici
ORD2050755,MERCH013,bank_acct_0170****5477
ORD2039245,MERCH014,agjwdpm@oksbi
ORD2006539,MERCH006,bank_acct_6008****0880
ORD2024986,MERCH003,bank_acct_1723****1064
ORD2049174,MERCH007,y2hyj7h@okicici
ORD2033567,MERCH017,hwgvklb@oksbi
ORD2027773,MERCH005,bank_acct_8666****3646
ORD2001142,MERCH009,9ga5baf@oksbi
ORD2046620,MERCH003,9ibtqew@oksbi
ORD2041084,MERCH006,vjtp8lq@okhdfcbank
ORD2039399,MERCH015,bank_acct_3297****6088
ORD2042190,MERCH002,gmtn0xn@okaxis
ORD2018084,MERCH009,8aml13z@okicici
ORD2007208,MERCH020,o244kbt@okaxis
ORD2049963,MERCH007,bank_acct_4846****7115
ORD2043679,MERCH017,bank_acct_5183****6859
ORD2050809,MERCH014,wwyvlx2@okicici
ORD2034167,MERCH006,bepmcsq@okhdfcbank
ORD2036987,MERCH001,oq7f3ap@okhdfcbank
ORD2057144,MERCH010,aobbobz@okhdfcbank
ORD2006068,MERCH009,s4nwgws@okaxis
ORD2033283,MERCH018,bank_acct_6702****0821
ORD2052348,MERCH012,sersa3n@ybl
ORD2057480,MERCH004,bank_acct_6343****8711
ORD2035544,MERCH011,3bgwydv@ybl
ORD2029097,MERCH015,veguuwj@ybl
ORD2044217,MERCH019,hjfw48r@okicici
ORD2000147,MERCH003,bank_acct_3502****5218
ORD2005886,MERCH019,bank_acct_2841****5535
ORD2004997,MERCH015,oljiaxm@okaxis
ORD2047497,MERCH003,h4dywz6@oksbi
ORD2004159,MERCH004,bank_acct_3812****6800
ORD2045492,MERCH003,5xxrwg4@okicici
ORD2014769,MERCH006,qd9x3ld@oksbi
ORD2006985,MERCH003,rppfpbo@ybl
ORD2026077,MERCH006,bank_acct_7679****4856
ORD2046542,MERCH011,bank_acct_0449****6440
ORD2014268,MERCH019,bank_acct_2459****9587
ORD2039124,MERCH001,bank_acct_9047****7384
ORD2025125,MERCH006,l3peaty@okaxis
ORD2013914,MERCH001,bank_acct_8669****8283
ORD2001478,MERCH007,bank_acct_4467****7145
ORD2031340,MERCH012,bank_acct_0754****6725
ORD2038227,MERCH015,bmqmzpu@okicici
ORD2049274,MERCH003,bank_acct_4422****9314
ORD2029115,MERCH008,bank_acct_9043****4875
ORD2009247,MERCH010,bank_acct_4316****5988
ORD2003658,MERCH007,bank_acct_0666****0835
ORD2019480,MERCH005,b9na6hj@okhdfcbank
ORD2006642,MERCH010,vvxbabo@ybl
ORD2008474,MERCH002,bank_acct_5556****6620
ORD2040974,MERCH013,bank_acct_9038****2889
ORD2001430,MERCH010,pzuqe1l@oksbi
ORD2006206,MERCH006,bank_acct_9513****8569
ORD2034609,MERCH009,bank_acct_9636****3645
ORD2021411,MERCH005,glcowq5@ybl
ORD2017465,MERCH019,s1nwekd@okhdfcbank
ORD2040730,MERCH011,bank_acct_3330****7892
ORD2030900,MERCH014,bank_acct_6221****9022
ORD2058168,MERCH008,uonvmcn@okhdfcbank
ORD2054381,MERCH007,xattfhd@okhdfcbank
ORD2035819,MERCH009,bank_acct_9422****8157
ORD2027478,MERCH007,bank_acct_9970****3521
ORD2052034,MERCH006,bank_acct_9355****8374
ORD2043694,MERCH010,bank_acct_0927****7860
ORD2002359,MERCH009,bank_acct_4883****3691
ORD2049896,MERCH015,bank_acct_5588****3613
ORD2056278,MERCH009,21fqwau@ybl
ORD2054423,MERCH003,alw2znf@oksbi
ORD2023564,MERCH016,u1c7qdb@ybl
ORD2034170,MERCH012,bank_acct_5642****0404
ORD2054581,MERCH019,higcsni@oksbi
ORD2022726,MERCH012,e1sf5bn@okhdfcbank
ORD2046544,MERCH012,1plhsq9@okaxis
ORD2009258,MERCH017,azt5euo@okhdfcbank
ORD2015293,MERCH015,dqwdbie@ybl
ORD2059758,MERCH006,svd4kdk@okaxis
ORD2052961,MERCH002,iaor2lk@okicici
ORD2059654,MERCH019,adb0yyc@okicici
ORD2040228,MERCH013,hp4o4fh@okaxis
ORD2055936,MERCH005,c2xc7b1@okhdfcbank
ORD2042097,MERCH018,bank_acct_2043****8048
ORD2051774,MERCH019,hs7adcy@okicici
ORD2055451,MERCH007,ipzh7kw@okicici
ORD2041654,MERCH014,bank_acct_1974****6305
ORD2022164,MERCH012,bank_acct_2826****1616
ORD2051930,MERCH010,ljovity@okaxis
ORD2048102,MERCH007,bank_acct_9424****1357
ORD2000778,MERCH011,bank_acct_6086****7926
ORD2053801,MERCH017,wpojplz@okicici
ORD2055473,MERCH018,v0mbq3r@okaxis
ORD2052280,MERCH009,uqffieg@ybl
ORD2015486,MERCH003,bank_acct_5330****3421
ORD2057145,MERCH017,8h4j1sh@okhdfcbank
ORD2056943,MERCH007,bank_acct_6421****5438
ORD2000207,MERCH013,bank_acct_8222****3104
ORD2044540,MERCH015,hdlgq82@okicici
ORD2049135,MERCH009,bank_acct_1431****6518
ORD2034696,MERCH002,bank_acct_2551****6884
ORD2040092,MERCH004,bank_acct_4476****9223
ORD2006584,MERCH017,bank_acct_3114****8009
ORD2011588,MERCH006,bank_acct_7665****8233
ORD2046359,MERCH016,vrjhi0x@okaxis
ORD2041432,MERCH005,bank_acct_1516****2786
ORD2006883,MERCH015,x2yl7un@ybl
ORD2015682,MERCH019,bank_acct_2643****0851
ORD2007290,MERCH011,bank_acct_4904****6259
ORD2056532,MERCH011,bank_acct_0256****3450
ORD2016896,MERCH019,bank_acct_1839****2892
ORD2006142,MERCH002,asabn4z@oksbi
ORD2039808,MERCH011,bank_acct_5944****1969
ORD2031220,MERCH004,bank_acct_3933****1055
ORD2013354,MERCH012,bank_acct_1731****1321
ORD2019832,MERCH001,bank_acct_4574****6836
ORD2023055,MERCH008,ftdx31l@okicici
ORD2042739,MERCH016,bank_acct_4599****0657
ORD2028270,MERCH011,wijgpck@okaxis
ORD2036580,MERCH017,bank_acct_0818****3793
ORD2034036,MERCH004,bank_acct_5163****6628
ORD2022795,MERCH006,y24pjy0@okhdfcbank
ORD2020562,MERCH012,cbxxpn7@okaxis
ORD2055176,MERCH010,nceh8ik@okhdfcbank
ORD2026157,MERCH006,cfb0hwx@okaxis
ORD2057792,MERCH015,5f5qn2r@oksbi
ORD2032052,MERCH018,bank_acct_2615****0551
ORD2040158,MERCH006,bank_acct_1634****7134
ORD2038578,MERCH001,bank_acct_2971****2470
ORD2021937,MERCH003,bank_acct_6254****4968
ORD2031691,MERCH019,bank_acct_3842****4171
ORD2005440,MERCH019,bank_acct_6307****5419
ORD2053625,MERCH014,l9xjblf@okaxis
ORD2007512,MERCH013,bank_acct_9264****2588
ORD2007552,MERCH016,bank_acct_8926****7083
ORD2024850,MERCH006,bank_acct_6008****0880
ORD2058455,MERCH002,bank_acct_8222****3104
ORD2042036,MERCH012,nefyddp@okicici
ORD2057888,MERCH020,izwn6aj@okicici
ORD2011544,MERCH011,bank_acct_9716****8602
ORD2027438,MERCH016,bank_acct_7703****1820
ORD2007760,MERCH013,bank_acct_5584****7353
ORD2011367,MERCH010,bank_acct_8916****2943
ORD2018571,MERCH002,7vy8veo@ybl
ORD2038827,MERCH008,qcnu0u8@okhdfcbank
ORD2006476,MERCH006,2urdfpr@oksbi
ORD2039566,MERCH004,bank_acct_4963****1538
ORD2053985,MERCH014,6cibq22@okhdfcbank
ORD2049759,MERCH014,bank_acct_9795****8405
ORD2052058,MERCH009,deadgzr@okaxis
ORD2014007,MERCH019,bank_acct_9043****6978
ORD2053268,MERCH013,bank_acct_3619****9999
ORD2001577,MERCH019,bank_acct_8787****1557
ORD2046599,MERCH001,bank_acct_3727****4509
ORD2008997,MERCH006,uf2yv3f@okicici
ORD2042714,MERCH017,c8e70mg@okaxis
ORD2024410,MERCH006,olrnhrm@ybl
ORD2011918,MERCH010,bank_acct_0265****9994
ORD2034783,MERCH020,alk3fqm@okhdfcbank
ORD2044172,MERCH017,bank_acct_4380****2605
ORD2022041,MERCH007,bj9mof9@ybl
ORD2023068,MERCH019,bank_acct_9310****1768
ORD2054895,MERCH005,bank_acct_8234****0626
ORD2017103,MERCH005,bank_acct_8650****9875
ORD2015036,MERCH011,htepduo@okhdfcbank
ORD2035406,MERCH002,cxfpylb@oksbi
ORD2054705,MERCH003,0dguddz@okicici
ORD2012690,MERCH010,bank_acct_5092****7798
ORD2042460,MERCH005,soehvzk@okicici
ORD2001673,MERCH012,bank_acct_0258****3018
ORD2015749,MERCH015,9wpaobk@ybl
ORD2054944,MERCH013,bank_acct_1011****1584
ORD2044808,MERCH006,bank_acct_5032****0337
ORD2019115,MERCH015,xfhr0jg@okicici
ORD2059000,MERCH001,bank_acct_0137****4564
ORD2018866,MERCH005,bank_acct_4504****2931
ORD2011678,MERCH007,xraeagr@okhdfcbank
ORD2045718,MERCH006,bank_acct_1239****6101
ORD2046116,MERCH010,rgl2pm6@okicici
ORD2057245,MERCH010,056ysed@okhdfcbank
ORD2033287,MERCH003,bank_acct_3173****2143
ORD2015198,MERCH006,igcjq6n@ybl
ORD2037687,MERCH008,l1qqaub@okicici
ORD2052129,MERCH007,bank_acct_4544****8616
ORD2052747,MERCH014,pempx3e@ybl
ORD2053484,MERCH003,31qxvli@okhdfcbank
ORD2001886,MERCH008,bank_acct_9791****1997
ORD2029105,MERCH005,w0rcanp@okicici
ORD2039730,MERCH018,acjwr2l@okhdfcbank
ORD2009684,MERCH012,bank_acct_2715****7313
ORD2002893,MERCH001,bank_acct_4333****5960
ORD2007936,MERCH016,zgnufj7@okhdfcbank
ORD2037512,MERCH006,okptas7@ybl
ORD2052988,MERCH012,bank_acct_3241****9987
ORD2056434,MERCH004,2carpqn@ybl
ORD2044148,MERCH016,upqvowe@okaxis
ORD2050759,MERCH018,ujf61gy@okicici
ORD2029436,MERCH013,bank_acct_0249****9829
ORD2034612,MERCH007,bank_acct_4281****2738
ORD2008400,MERCH016,bank_acct_5051****2291
ORD2032942,MERCH013,xmntmtm@okaxis
ORD2009399,MERCH015,yzjher4@oksbi
ORD2027205,MERCH008,zbwgxqn@okicici
ORD2059815,MERCH004,82p4wb1@okaxis
ORD2040432,MERCH013,bqrrqtd@oksbi
ORD2021468,MERCH005,cxkzovo@okhdfcbank
ORD2022713,MERCH016,bank_acct_0818****3793
ORD2030494,MERCH013,bank_acct_1557****8694
ORD2027156,MERCH011,bank_acct_7100****4098
ORD2041920,MERCH010,bank_acct_1137****2549
ORD2037409,MERCH014,uc0txi0@okaxis
ORD2000886,MERCH020,3sxungc@okicici
ORD2022120,MERCH013,bank_acct_7282****3673
ORD2005868,MERCH018,bank_acct_5396****1014
ORD2039334,MERCH003,bank_acct_0446****2329
ORD2021322,MERCH012,z2eqsti@okaxis
ORD2017435,MERCH016,hou0eey@oksbi
ORD2049532,MERCH019,x7ejs6v@oksbi
ORD2006363,MERCH001,bqxwprx@okicici
ORD2044043,MERCH008,bjantyn@oksbi
ORD2016416,MERCH020,tqf9z7h@oksbi
ORD2018869,MERCH006,ipunce0@okhdfcbank
ORD2046693,MERCH008,bank_acct_0174****9288
ORD2015385,MERCH012,bank_acct_5753****6042
ORD2033517,MERCH012,bank_acct_0177****3844
ORD2057306,MERCH011,f3turvs@ybl
ORD2056469,MERCH017,bank_acct_1183****0474
ORD2044969,MERCH001,wh74anm@okaxis
ORD2059457,MERCH020,bank_acct_4186****9283
ORD2037457,MERCH020,bank_acct_4701****9707
ORD2020027,MERCH013,bank_acct_3481****9059
ORD2053313,MERCH003,bank_acct_9519****6884
ORD2016685,MERCH008,2oaqopo@oksbi
ORD2047812,MERCH005,em2ndzs@okhdfcbank
ORD2020169,MERCH016,nsc7uoz@okhdfcbank
ORD2024604,MERCH007,bank_acct_6568****1550
ORD2056000,MERCH002,py9tizu@okicici
ORD2046841,MERCH007,6gib2gr@okhdfcbank
ORD2051301,MERCH013,qtpcoir@oksbi
ORD2007797,MERCH003,7aqjz5g@ybl
ORD2052103,MERCH011,vcntepc@okicici
ORD2031503,MERCH013,biothqb@oksbi
ORD2013366,MERCH006,e5cqlwf@oksbi
ORD2037371,MERCH014,bank_acct_5720****9290
ORD2042060,MERCH005,fwd4psv@okhdfcbank
ORD2038579,MERCH010,bank_acct_1764****0019
ORD2052044,MERCH010,bank_acct_2643****6908
ORD2022513,MERCH013,bank_acct_8294****7780
ORD2007660,MERCH011,bank_acct_5227****1685
ORD2044531,MERCH002,ijglb5h@okicici
ORD2022755,MERCH009,bank_acct_2424****8289
ORD2027397,MERCH014,3d954li@okaxis
ORD2055482,MERCH006,bank_acct_9843****6388
ORD2001273,MERCH006,bank_acct_4202****9537
ORD2000461,MERCH013,bank_acct_0754****4926
ORD2037648,MERCH017,bank_acct_9686****6787
ORD2053363,MERCH004,bank_acct_3612****0230
ORD2004363,MERCH015,bank_acct_4933****8204
ORD2049215,MERCH003,bank_acct_5933****6177
ORD2044944,MERCH012,o2vn7wi@okicici
ORD2059305,MERCH004,jtjfnez@oksbi
ORD2040627,MERCH007,bank_acct_5232****5668
ORD2032358,MERCH001,bank_acct_4254****9128
ORD2047833,MERCH006,u8agv43@okhdfcbank
ORD2009703,MERCH011,ellgbeh@okhdfcbank
ORD2020073,MERCH005,y0jmhrn@okicici
ORD2026463,MERCH019,0fsritf@ybl
ORD2027270,MERCH017,1vkeqtw@oksbi
ORD2045177,MERCH013,bank_acct_3493****5356
ORD2017506,MERCH015,bank_acct_0018****4617
ORD2031844,MERCH001,hlnzru4@okaxis
ORD2051809,MERCH016,bank_acct_2632****8143
ORD2033743,MERCH007,bank_acct_5232****5668
ORD2018733,MERCH014,iut1bkd@ybl
ORD2059703,MERCH002,bank_acct_1318****2784
ORD2006735,MERCH010,bank_acct_4414****5807
ORD2029285,MERCH014,v3fsfb1@oksbi
ORD2001335,MERCH009,bank_acct_0162****7037
ORD2044948,MERCH004,bank_acct_7409****0259
ORD2036830,MERCH020,bzq4fne@ybl
ORD2042661,MERCH015,bank_acct_9384****7950
ORD2037269,MERCH017,myhfk1w@okicici
ORD2044331,MERCH012,90zaixq@okaxis
ORD2014793,MERCH010,2urdfpr@oksbi
ORD2029056,MERCH011,bank_acct_3995****2966
ORD2013567,MERCH018,bank_acct_3102****8036
ORD2056717,MERCH012,bank_acct_3132****8144
ORD2005992,MERCH004,7yuxlj1@okhdfcbank
ORD2039578,MERCH006,bank_acct_7493****2200
ORD2059145,MERCH014,yevmn55@okhdfcbank
ORD2058196,MERCH018,k2cntil@okhdfcbank
ORD2027160,MERCH013,bank_acct_8248****7115
ORD2021764,MERCH003,bank_acct_9854****7346
ORD2034574,MERCH005,c4kbzst@okaxis
ORD2025025,MERCH001,bank_acct_9383****3083
ORD2056374,MERCH017,bank_acct_0818****3793
ORD2014822,MERCH019,bank_acct_4477****5737
ORD2030517,MERCH009,bank_acct_2179****1796
ORD2042551,MERCH007,0ievktd@okicici
ORD2052452,MERCH017,8rwegqh@okicici
ORD2052641,MERCH020,bank_acct_7996****1371
ORD2016299,MERCH015,qozbuvl@okaxis
ORD2045951,MERCH014,bank_acct_2460****6158
ORD2044120,MERCH002,fvhfbwu@ybl
ORD2019843,MERCH015,bank_acct_7849****4877
ORD2022142,MERCH010,wectujl@okhdfcbank
ORD2036207,MERCH002,opt5mu4@okaxis
ORD2048228,MERCH004,3t03csc@okhdfcbank
ORD2009598,MERCH015,bank_acct_9194****0771
ORD2015647,MERCH012,bank_acct_4781****0635
ORD2015103,MERCH002,bank_acct_2048****7314
ORD2027084,MERCH020,bank_acct_1913****4209
ORD2051054,MERCH012,bank_acct_0639****5432
ORD2006794,MERCH009,m7cxorr@okicici
ORD2024090,MERCH014,bank_acct_8017****1041
ORD2004255,MERCH011,bank_acct_7000****9743
ORD2022396,MERCH010,gkkcbcf@ybl
ORD2030685,MERCH001,bank_acct_1005****7045
ORD2031219,MERCH018,bank_acct_9967****1369
ORD2031281,MERCH009,gip824e@okaxis
ORD2046758,MERCH006,bank_acct_3020****5435
ORD2058950,MERCH013,qtpcoir@oksbi
ORD2001098,MERCH014,rcdcz4m@oksbi
ORD2012729,MERCH001,xza0nga@okhdfcbank
ORD2040943,MERCH015,bank_acct_8172****3139
ORD2050588,MERCH011,xwnvgqf@okaxis
ORD2036452,MERCH010,ihuvusz@oksbi
ORD2005888,MERCH002,bank_acct_2915****5135
ORD2036553,MERCH020,whusa84@okaxis
ORD2036980,MERCH004,dod0ebg@oksbi
ORD2007215,MERCH012,bank_acct_9455****3955
ORD2050006,MERCH002,38r3ko6@okicici
ORD2032683,MERCH018,bank_acct_1325****0054
ORD2035888,MERCH013,bank_acct_3858****4984
ORD2040346,MERCH008,bank_acct_0336****4422
ORD2012862,MERCH006,ifr5xbk@okaxis
ORD2031170,MERCH015,bank_acct_2337****9067
ORD2055998,MERCH004,7cnezrg@okicici
ORD2010765,MERCH005,2mrel47@ybl
ORD2056031,MERCH005,auant6q@oksbi
ORD2049256,MERCH016,bank_acct_7138****1727
ORD2042065,MERCH014,vipuy3m@oksbi
ORD2010813,MERCH009,vtih4io@okhdfcbank
ORD2048199,MERCH012,bank_acct_5105****6075
ORD2054855,MERCH019,bank_acct_6254****4968
ORD2030587,MERCH003,vcoedgj@okhdfcbank
ORD2012236,MERCH002,dbtgyld@oksbi
ORD2040644,MERCH003,nlc6mzt@okaxis
ORD2057083,MERCH011,kmfzk5u@ybl
ORD2034922,MERCH012,bank_acct_8384****1775
ORD2045904,MERCH002,mfjtanf@okhdfcbank
ORD2033785,MERCH019,bank_acct_7453****6752
ORD2021050,MERCH013,bank_acct_7237****6808
ORD2056327,MERCH002,boqikqk@oksbi
ORD2048022,MERCH011,ebewb8e@okicici
ORD2013348,MERCH010,bank_acct_6152****4091
ORD2037608,MERCH014,muzaqx8@oksbi
ORD2036828,MERCH013,bank_acct_3927****9697
ORD2021076,MERCH001,mikdb1q@okaxis
ORD2059962,MERCH006,bank_acct_5181****0618
ORD2005779,MERCH008,sdmemmq@oksbi
ORD2054428,MERCH003,gp7tdp1@okicici
ORD2024143,MERCH014,u6zre14@okaxis
ORD2020944,MERCH004,mpa0vdf@okhdfcbank
ORD2034217,MERCH007,bank_acct_5807****3565
ORD2016141,MERCH019,bank_acct_7478****1761
ORD2045358,MERCH009,bank_acct_8862****0533
ORD2041609,MERCH004,qtpcoir@oksbi
ORD2010383,MERCH017,5irk3tb@okicici
ORD2057315,MERCH018,bank_acct_3330****5727
ORD2046713,MERCH008,uluhubp@okicici
ORD2014367,MERCH002,bank_acct_3973****6218
ORD2033884,MERCH012,r9n10ed@okicici
ORD2047618,MERCH019,bank_acct_8193****3320
ORD2022369,MERCH016,piejqd2@okicici
ORD2013814,MERCH007,bank_acct_0952****3391
ORD2046996,MERCH014,bank_acct_9650****0192
ORD2032112,MERCH009,7i5eo6y@ybl
ORD2018260,MERCH006,cwdxyuz@ybl
ORD2007468,MERCH002,bank_acct_8222****3104
ORD2043815,MERCH002,bank_acct_5273****6425
ORD2038268,MERCH020,bank_acct_4156****4061
ORD2020377,MERCH013,onupv11@oksbi
ORD2006126,MERCH006,sphzedu@oksbi
ORD2036296,MERCH010,bank_acct_4835****9979
ORD2053380,MERCH013,bank_acct_8222****3104
ORD2035115,MERCH014,bank_acct_3135****1578
ORD2020961,MERCH007,w468p8i@okicici
ORD2040642,MERCH001,dpzajhn@okhdfcbank
ORD2032210,MERCH014,p8bebgz@oksbi
ORD2040115,MERCH005,zka4jr6@okaxis
ORD2041183,MERCH009,selamdl@ybl
ORD2002255,MERCH009,k16xxpt@okhdfcbank
ORD2005726,MERCH015,sj6dirv@okicici
ORD2008633,MERCH020,hzetfzt@oksbi
ORD2030141,MERCH011,bank_acct_6428****9244
ORD2053627,MERCH004,oy7ms5h@okaxis
ORD2048167,MERCH010,bank_acct_8224****6318
ORD2018665,MERCH001,bank_acct_7118****7656
ORD2008993,MERCH011,bank_acct_9266****9448
ORD2011484,MERCH008,9qwaujd@oksbi
ORD2041994,MERCH003,bank_acct_4108****2887
ORD2057673,MERCH020,xwok0dx@ybl
ORD2003577,MERCH010,zezcgb6@okicici
ORD2023096,MERCH003,sdmemmq@oksbi
ORD2057405,MERCH020,bank_acct_0530****2375
ORD2035800,MERCH015,bank_acct_4114****8550
ORD2027893,MERCH019,bank_acct_4742****3199
ORD2005289,MERCH014,9agohl0@okaxis
ORD2032202,MERCH020,bank_acct_7245****7989
ORD2045079,MERCH011,e9kdfie@oksbi
ORD2021146,MERCH018,bank_acct_8271****8868
ORD2039482,MERCH013,bank_acct_6923****4640
ORD2044090,MERCH016,bank_acct_3402****8004
ORD2001820,MERCH018,bank_acct_8868****6323
ORD2051362,MERCH001,bank_acct_8926****0201
ORD2034739,MERCH011,ljkqgcl@ybl
ORD2015678,MERCH011,lqkphjv@okaxis
ORD2054790,MERCH011,cotaa38@ybl
ORD2026441,MERCH012,lrieyjb@okicici
ORD2022440,MERCH015,bank_acct_0835****8551
ORD2050647,MERCH005,pjshbcc@oksbi
ORD2053216,MERCH015,d3xc1pp@okicici
ORD2007846,MERCH016,thf5tbi@okicici
ORD2032716,MERCH007,bank_acct_4280****5231
ORD2015436,MERCH018,cgczeyy@okaxis
ORD2041135,MERCH006,bank_acct_9486****1211
ORD2022766,MERCH013,bank_acct_3168****4838
ORD2028619,MERCH009,bank_acct_6866****3075
ORD2009614,MERCH013,bank_acct_8566****8745
ORD2003080,MERCH002,z363mkc@ybl
ORD2029538,MERCH013,bank_acct_5227****1685
ORD2029116,MERCH003,tah4tso@okicici
ORD2012660,MERCH016,bank_acct_5457****5660
ORD2048888,MERCH018,bank_acct_7341****3111
ORD2029364,MERCH012,bank_acct_0256****3450
ORD2030992,MERCH007,d9yafjf@okicici
ORD2013032,MERCH017,4wj3liw@okaxis
ORD2057343,MERCH012,bank_acct_8292****8108
ORD2038689,MERCH010,bank_acct_9456****4907
ORD2030653,MERCH010,5zlax4a@oksbi
ORD2040004,MERCH011,bank_acct_4966****9301
ORD2007932,MERCH015,kqphmn6@okhdfcbank
ORD2051011,MERCH015,bank_acct_6309****7977
ORD2020313,MERCH001,bank_acct_4483****6769
ORD2025845,MERCH005,bank_acct_1936****3983
ORD2034402,MERCH020,bank_acct_3045****4993
ORD2052482,MERCH019,yzzstkl@okaxis
ORD2040340,MERCH006,x0hcfk5@okaxis
ORD2019506,MERCH020,bank_acct_4127****9677
ORD2029316,MERCH012,bank_acct_4853****5469
ORD2050053,MERCH019,bank_acct_3850****9020
ORD2055567,MERCH014,bank_acct_9712****4569
ORD2026505,MERCH014,bank_acct_7724****3427
ORD2018463,MERCH001,t9ifn5h@ybl
ORD2042900,MERCH002,2urdfpr@oksbi
ORD2000050,MERCH018,kofdvlo@okicici
ORD2024216,MERCH016,zh86bzp@okicici
ORD2037527,MERCH007,bank_acct_8224****6318
ORD2002273,MERCH009,vcoedgj@okhdfcbank
ORD2034184,MERCH013,bank_acct_9797****8735
ORD2032418,MERCH020,bank_acct_5842****9336
ORD2047629,MERCH004,xqxkcqe@oksbi
ORD2020978,MERCH004,culqjkw@okicici
ORD2018725,MERCH013,bank_acct_9751****0622
ORD2005881,MERCH007,pl9phcm@okaxis
ORD2001512,MERCH007,qdwyclj@okhdfcbank
ORD2014210,MERCH004,bank_acct_1237****4207
ORD2001086,MERCH019,ndh4zfx@okicici
ORD2045510,MERCH010,dm6cpds@ybl
ORD2054165,MERCH006,f9cegqz@ybl
ORD2044510,MERCH006,bank_acct_3004****1515
ORD2011985,MERCH013,bank_acct_2720****9895
ORD2010939,MERCH018,urujomb@ybl
ORD2003701,MERCH014,bank_acct_3641****2504
ORD2020508,MERCH012,bank_acct_8923****9536
ORD2031522,MERCH007,yiolswi@oksbi
ORD2031606,MERCH014,bank_acct_5723****9092
ORD2049970,MERCH020,bank_acct_9473****7623
ORD2006200,MERCH009,rzmqnhc@oksbi
ORD2040183,MERCH011,r9hbefy@okhdfcbank
ORD2032311,MERCH012,bank_acct_9150****0769
ORD2049922,MERCH004,pdd4pxd@okicici
ORD2042256,MERCH011,dbikewg@oksbi
ORD2034165,MERCH017,lhdexow@okhdfcbank
ORD2043805,MERCH018,bank_acct_1998****5590
ORD2057389,MERCH018,bank_acct_8977****4052
ORD2047210,MERCH013,tuzgqvx@okaxis
ORD2035055,MERCH008,bank_acct_3764****5999
ORD2023956,MERCH013,bank_acct_5048****6492
ORD2016859,MERCH016,ohdf75y@okaxis
ORD2015192,MERCH015,hom7zp9@ybl
ORD2056481,MERCH010,bank_acct_4130****5659
ORD2014664,MERCH015,cnme74h@oksbi
ORD2015922,MERCH006,bank_acct_0456****8698
ORD2044097,MERCH006,odneh0s@okicici
ORD2007633,MERCH013,bank_acct_6994****2641
ORD2059424,MERCH010,gzzm2cw@ybl
ORD2013592,MERCH001,bank_acct_4258****2507
ORD2059409,MERCH018,tgrimli@oksbi
ORD2039547,MERCH011,bank_acct_4534****9654
ORD2011948,MERCH015,bank_acct_0306****7081
ORD2045966,MERCH006,uxqyhwz@okhdfcbank
ORD2003040,MERCH018,bank_acct_5227****1685
ORD2014566,MERCH014,bvguo68@oksbi
ORD2048780,MERCH014,jpouobs@okhdfcbank
ORD2027055,MERCH014,bank_acct_0368****2495
ORD2032740,MERCH014,bank_acct_0369****6570
ORD2023301,MERCH007,xofhnqg@okhdfcbank
ORD2002047,MERCH001,wzbuco2@okaxis
ORD2014530,MERCH020,bank_acct_7669****0817
ORD2013256,MERCH008,q3ewq8f@ybl
ORD2041998,MERCH005,bank_acct_8685****5251
ORD2022868,MERCH020,zfouyhh@okicici
ORD2044318,MERCH010,euykdp3@okaxis
ORD2028968,MERCH003,bank_acct_8175****1122
ORD2036143,MERCH020,bank_acct_9016****4459
ORD2039867,MERCH019,bank_acct_9811****9951
ORD2026117,MERCH014,2dskk4d@okhdfcbank
ORD2051947,MERCH001,bank_acct_5465****7084
ORD2031569,MERCH011,bank_acct_2443****3878
ORD2043533,MERCH020,ldckzq7@ybl
ORD2042806,MERCH008,bank_acct_4987****6222
ORD2026576,MERCH006,977f217@okhdfcbank
ORD2002400,MERCH020,bank_acct_0558****1523
ORD2020727,MERCH003,quemeov@oksbi
ORD2059395,MERCH012,bank_acct_0344****1185
ORD2014254,MERCH001,sjawnwt@ybl
ORD2039002,MERCH020,8cmd88q@ybl
ORD2050466,MERCH013,bank_acct_2191****3013
ORD2030612,MERCH018,bank_acct_2051****6545
ORD2049516,MERCH002,boqikqk@oksbi
ORD2025812,MERCH006,bank_acct_2633****8352
ORD2044971,MERCH015,vdymmly@okhdfcbank
ORD2027439,MERCH012,63abgq5@ybl
ORD2054877,MERCH008,c2qw8nt@oksbi
ORD2002836,MERCH006,nnjqzyu@okaxis
ORD2055572,MERCH016,bank_acct_4395****5547
ORD2005600,MERCH007,bank_acct_6435****1657
ORD2022878,MERCH011,ufqhmbd@okaxis
ORD2053335,MERCH005,gt9vjro@okaxis
ORD2022183,MERCH010,hzjxv7y@ybl
ORD2052695,MERCH003,yfqwnrv@okaxis
ORD2011167,MERCH001,eoa6rmt@ybl
ORD2023790,MERCH007,bank_acct_1628****5832
ORD2028802,MERCH019,onvj4fj@okicici
ORD2057352,MERCH015,mkjvxdw@okicici
ORD2039025,MERCH015,bank_acct_9622****7360
ORD2044399,MERCH008,oruhepd@oksbi
ORD2001618,MERCH020,bank_acct_8203****7835
ORD2042540,MERCH015,bank_acct_5650****4497
ORD2019609,MERCH008,bank_acct_9888****3287
ORD2049057,MERCH006,bank_acct_7045****4367
ORD2025112,MERCH015,lybapnk@ybl
ORD2015776,MERCH017,bank_acct_6877****9318
ORD2044354,MERCH004,bank_acct_2644****7928
ORD2045701,MERCH020,vowzd0j@oksbi
ORD2047710,MERCH011,bank_acct_0316****0238
ORD2023911,MERCH006,bank_acct_3733****8870
ORD2015140,MERCH008,bank_acct_8625****6064
ORD2029331,MERCH015,guuqvke@okhdfcbank
ORD2015078,MERCH003,pxhgar8@okhdfcbank
ORD2022647,MERCH001,bank_acct_5048****2267
ORD2007784,MERCH002,bank_acct_9439****8392
ORD2053830,MERCH014,5oxaiex@okhdfcbank
ORD2006132,MERCH017,bank_acct_9101****9960
ORD2045367,MERCH016,3op5rae@okhdfcbank
ORD2014454,MERCH013,bank_acct_6407****0229
ORD2016608,MERCH003,bank_acct_9576****8010
ORD2006043,MERCH014,nnsral7@okicici
ORD2010138,MERCH002,bank_acct_8222****3104
ORD2055540,MERCH018,ghjrfeu@oksbi
ORD2038056,MERCH004,cls5qch@okaxis
ORD2008093,MERCH020,bank_acct_2736****0034
ORD2045485,MERCH018,8ft2dfm@okhdfcbank
ORD2012380,MERCH001,bank_acct_0847****3852
ORD2025167,MERCH003,bank_acct_6254****4968
ORD2038017,MERCH002,4u1cfd4@oksbi
ORD2042174,MERCH010,fyfbnmd@oksbi
ORD2030421,MERCH013,unqn3m4@okhdfcbank
ORD2051966,MERCH002,bank_acct_8247****3939
ORD2022968,MERCH012,1rgqhhm@ybl
ORD2048151,MERCH013,bank_acct_5363****5579
ORD2011603,MERCH017,bank_acct_1425****5352
ORD2044958,MERCH015,qcygqv6@oksbi
ORD2053475,MERCH014,bank_acct_5286****2118
ORD2045577,MERCH004,bank_acct_8206****9502
ORD2053098,MERCH004,bank_acct_8669****5615
ORD2015931,MERCH005,bank_acct_2125****2510
ORD2049334,MERCH009,edz46ny@oksbi
ORD2006386,MERCH019,bank_acct_6886****4407
ORD2038153,MERCH004,bank_acct_9181****4441
ORD2018489,MERCH006,bank_acct_5081****3125
ORD2031827,MERCH012,4oqeyey@okaxis
ORD2008153,MERCH014,bank_acct_3104****9675
ORD2025628,MERCH011,iie4ze9@okaxis
ORD2049594,MERCH005,bank_acct_2981****0795
ORD2058523,MERCH008,zlcnvdj@okaxis
ORD2013900,MERCH005,otxrntz@oksbi
ORD2030007,MERCH007,9h5jpjc@ybl
ORD2044002,MERCH009,bank_acct_4535****4963
ORD2037415,MERCH004,gzjolaf@okhdfcbank
ORD2030240,MERCH011,bank_acct_1482****4718
ORD2004919,MERCH003,bank_acct_0530****2413
ORD2008206,MERCH015,5osgmxy@okaxis
ORD2051306,MERCH016,bank_acct_1212****8704
ORD2033910,MERCH008,n0602jh@okhdfcbank
ORD2050454,MERCH009,rpvb15f@okhdfcbank
ORD2003602,MERCH011,rbh6pjb@okaxis
ORD2034142,MERCH010,zgdea9a@oksbi
ORD2012319,MERCH015,bank_acct_1086****0343
ORD2030055,MERCH011,tn7rtiv@okhdfcbank
ORD2004324,MERCH015,xbbvx68@okicici
ORD2000617,MERCH009,n7lstee@okaxis
ORD2058426,MERCH019,aqo8uvv@ybl
ORD2053940,MERCH009,bank_acct_9900****1310
ORD2032571,MERCH020,dinhx2a@okaxis
ORD2019653,MERCH002,o5uhv3m@okhdfcbank
ORD2001646,MERCH005,bank_acct_1907****9107
ORD2045554,MERCH005,rn1jojh@okicici
ORD2028642,MERCH013,boqikqk@oksbi
ORD2019755,MERCH001,bank_acct_8068****3754
ORD2004404,MERCH008,ukou5nk@okhdfcbank
ORD2054151,MERCH012,bank_acct_7064****8362
ORD2016257,MERCH019,omflsmu@okicici
ORD2019851,MERCH012,arpvgvr@ybl
ORD2050697,MERCH010,9aupfhj@okhdfcbank
ORD2031556,MERCH010,zjstksy@oksbi
ORD2046451,MERCH006,6oebc0a@okicici
ORD2025334,MERCH019,bank_acct_1432****3943
ORD2020736,MERCH010,bank_acct_7731****0336
ORD2007584,MERCH016,bank_acct_4854****4008
ORD2051580,MERCH015,pqwehs3@oksbi
ORD2056728,MERCH010,bank_acct_9559****0396
ORD2028557,MERCH005,wglfygc@ybl
ORD2022445,MERCH005,bgydhmh@okicici
ORD2039740,MERCH005,3l7hx8o@okicici
ORD2011480,MERCH020,bank_acct_8603****4305
ORD2032303,MERCH010,ukncbx3@okaxis
ORD2043141,MERCH013,bank_acct_6424****4647
ORD2048819,MERCH009,bank_acct_0542****1091
ORD2016024,MERCH008,bank_acct_0096****3366
ORD2015065,MERCH001,8qbogs5@ybl
ORD2049118,MERCH007,bank_acct_6529****8505
ORD2012018,MERCH019,rodta8o@ybl
ORD2025266,MERCH010,bank_acct_9998****4888
ORD2006691,MERCH005,bank_acct_8364****7332
ORD2046045,MERCH019,q5dyg9t@okaxis
ORD2043794,MERCH001,bank_acct_0073****9832
ORD2032919,MERCH010,bank_acct_8222****3104
ORD2016789,MERCH017,93cqnd2@okhdfcbank
ORD2015519,MERCH017,dprhdcw@ybl
ORD2016626,MERCH013,d0rqcqc@okhdfcbank
ORD2009183,MERCH016,r3suek8@ybl
ORD2048507,MERCH020,tvcwkj4@okicici
ORD2019317,MERCH006,bank_acct_4785****0808
ORD2020042,MERCH012,bank_acct_0133****9448
ORD2059391,MERCH005,4b7pddy@oksbi
ORD2028145,MERCH019,bank_acct_0111****5749
ORD2009275,MERCH017,bl8n0dh@ybl
ORD2010026,MERCH011,fcm4kwa@okicici
ORD2002642,MERCH017,bank_acct_6687****9877
ORD2005170,MERCH012,bank_acct_5392****4826
ORD2041636,MERCH013,bank_acct_4890****2902
ORD2032030,MERCH016,84mc60k@oksbi
ORD2037863,MERCH006,bank_acct_4507****6680
ORD2014544,MERCH017,ivynqnt@okhdfcbank
ORD2034250,MERCH016,bank_acct_2351****1157
ORD2026405,MERCH006,bnpwpzi@okicici
ORD2025315,MERCH016,bank_acct_1858****2773
ORD2023668,MERCH013,bank_acct_9502****0673
ORD2020748,MERCH001,bank_acct_0991****0553
ORD2006074,MERCH003,6cdh8hd@okhdfcbank
ORD2011876,MERCH016,bank_acct_0818****3793
ORD2048773,MERCH016,qtpcoir@oksbi
ORD2005978,MERCH008,jeiq0ar@oksbi
ORD2050590,MERCH005,bank_acct_2905****6052
ORD2051697,MERCH009,rmust3m@okicici
ORD2043221,MERCH020,jyatfxa@okicici
ORD2046811,MERCH004,wmuax7p@okhdfcbank
ORD2022813,MERCH007,bank_acct_0583****2383
ORD2013584,MERCH012,7sk9cyd@okhdfcbank
ORD2006773,MERCH016,jwiccyp@okhdfcbank
ORD2054102,MERCH015,igbjmic@oksbi
ORD2011736,MERCH019,fg3jmdi@ybl
ORD2016007,MERCH001,cohs6hv@okicici
ORD2009337,MERCH017,bank_acct_2387****7770
ORD2033250,MERCH008,gp42idk@okhdfcbank
ORD2039311,MERCH002,sdmemmq@oksbi
ORD2007514,MERCH012,bank_acct_4418****1012
ORD2024964,MERCH002,sdxk19p@okhdfcbank
ORD2001539,MERCH013,bank_acct_9509****7204
ORD2049147,MERCH004,bank_acct_9262****2813
ORD2028851,MERCH011,ekvstox@okicici
ORD2014261,MERCH017,la4wwpz@okicici
ORD2021483,MERCH005,bank_acct_2337****9067
ORD2040682,MERCH018,bank_acct_2688****4836
ORD2049151,MERCH018,ohajlcd@oksbi
ORD2022147,MERCH018,quwavoo@okhdfcbank
ORD2007150,MERCH003,g9tqugj@ybl
ORD2010870,MERCH002,bank_acct_5925****0562
ORD2022871,MERCH015,bsmw449@okaxis
ORD2055342,MERCH019,bank_acct_0529****0229
ORD2008303,MERCH017,2du8h5p@okicici
ORD2006611,MERCH008,bank_acct_2335****9392
ORD2008146,MERCH008,bank_acct_5001****3798
ORD2020428,MERCH009,tknhjmi@ybl
ORD2002824,MERCH006,qkdw5mw@okicici
ORD2020506,MERCH008,bank_acct_5616****6070
ORD2025965,MERCH008,1cvmcrl@ybl
ORD2005570,MERCH015,wx9vpzi@oksbi
ORD2057466,MERCH006,0kb1guz@okicici
ORD2018224,MERCH002,eretmh9@okicici
ORD2053775,MERCH020,yywpuln@okaxis
ORD2050938,MERCH002,bank_acct_8222****3104
ORD2022173,MERCH009,bank_acct_9092****6066
ORD2038646,MERCH003,opdjsen@okaxis
ORD2018218,MERCH007,nefe7nq@oksbi
ORD2010857,MERCH003,i37hcnf@okaxis
ORD2038739,MERCH005,bank_acct_1394****0557
ORD2050661,MERCH017,bank_acct_5657****1300
ORD2018099,MERCH010,bank_acct_0198****0466
ORD2018093,MERCH002,klppatx@oksbi
ORD2042684,MERCH007,bank_acct_2198****0532
ORD2011434,MERCH008,5tbf3bj@okhdfcbank
ORD2045533,MERCH008,svorwtm@ybl
ORD2042046,MERCH019,npr8hhg@okicici
ORD2039164,MERCH019,pxta2zv@okicici
ORD2048458,MERCH016,vzmri0o@ybl
ORD2000388,MERCH015,hl9pkai@oksbi
ORD2041692,MERCH004,bank_acct_1645****8265
ORD2045695,MERCH018,bank_acct_0702****0872
ORD2053684,MERCH005,1ygjobg@okhdfcbank
ORD2022194,MERCH011,rkpcjcn@okicici
ORD2050043,MERCH003,bank_acct_4791****2304
ORD2056561,MERCH007,bank_acct_7068****8794
ORD2036160,MERCH016,bank_acct_2444****6361
ORD2024279,MERCH004,sqcvsvj@okaxis
ORD2041006,MERCH015,afssnit@okicici
ORD2033628,MERCH003,rg4ig8r@okhdfcbank
ORD2004951,MERCH016,x0ngu8v@okaxis
ORD2015913,MERCH007,ntxxwb2@oksbi
ORD2047752,MERCH004,38utkfy@okicici
ORD2026623,MERCH018,bank_acct_9048****0473
ORD2036823,MERCH019,vsxbudb@oksbi
ORD2056533,MERCH007,bank_acct_0459****8741
ORD2016955,MERCH020,zgkxagi@okaxis
ORD2014522,MERCH016,bank_acct_7620****7884
ORD2012017,MERCH010,tqzwzvh@ybl
ORD2010582,MERCH019,ohlzq05@oksbi
ORD2036020,MERCH001,bank_acct_6187****3970
ORD2051855,MERCH019,b9zidfy@okaxis
ORD2009489,MERCH014,r5v66il@okaxis
ORD2034201,MERCH004,bank_acct_1536****9612
ORD2042938,MERCH015,bank_acct_1243****1185
ORD2057387,MERCH007,ss7g7h9@okicici
ORD2009020,MERCH019,bank_acct_7716****1731
ORD2053378,MERCH020,waydytd@okicici
ORD2047449,MERCH015,bank_acct_5829****4501
ORD2001975,MERCH001,5eibur0@okhdfcbank
ORD2004617,MERCH010,bank_acct_8222****3104
ORD2031311,MERCH020,egegmqj@okaxis
ORD2011020,MERCH009,ubhdjpl@okaxis
ORD2058504,MERCH016,1qgkwbo@okicici
ORD2023554,MERCH006,bank_acct_9869****5370
ORD2005203,MERCH011,nmhxxvh@okaxis
ORD2054663,MERCH017,wphopdb@okaxis
ORD2033138,MERCH016,lqg51f5@okaxis
ORD2015730,MERCH017,bank_acct_1818****8260
ORD2000419,MERCH010,emxzr4s@okaxis
ORD2049868,MERCH010,bank_acct_9467****3084
ORD2018956,MERCH009,bank_acct_7195****2720
ORD2043203,MERCH018,bank_acct_6601****4995
ORD2050513,MERCH008,rwr0cva@okicici
ORD2043507,MERCH011,woahtdv@okaxis
ORD2043894,MERCH009,bank_acct_7621****4134
ORD2051872,MERCH018,bank_acct_2884****7413
ORD2034327,MERCH017,dedfxbt@okhdfcbank
ORD2009333,MERCH010,5gwq3wv@okaxis
ORD2041470,MERCH015,l2hzcjo@ybl
ORD2059700,MERCH003,3t03csc@okhdfcbank
ORD2030185,MERCH016,yymv6k0@oksbi
ORD2031065,MERCH001,bank_acct_2237****0485
ORD2030656,MERCH011,pbiak2u@oksbi
ORD2001918,MERCH017,o4l5zqr@okhdfcbank
ORD2050632,MERCH016,how7vla@oksbi
ORD2048870,MERCH016,bank_acct_4094****2110
ORD2021725,MERCH006,bank_acct_7012****6784
ORD2027454,MERCH006,bank_acct_1723****9836
ORD2044977,MERCH003,pkcg839@okhdfcbank
ORD2059544,MERCH014,1cgtcl9@okhdfcbank
ORD2009711,MERCH010,bank_acct_7352****5500
ORD2054150,MERCH004,ejpjzvn@ybl
ORD2053058,MERCH015,bank_acct_2173****9013
ORD2049152,MERCH011,ichc1jg@oksbi
ORD2059290,MERCH018,bank_acct_3833****1065
ORD2010651,MERCH006,bank_acct_6177****4941
ORD2057770,MERCH007,gkmh7iy@okaxis
ORD2004367,MERCH004,3a5r9mr@okicici
ORD2046992,MERCH008,bank_acct_5982****8622
ORD2047077,MERCH007,bank_acct_8202****3910
ORD2031876,MERCH004,qtpcoir@oksbi
ORD2018016,MERCH010,8xpgpfy@okaxis
ORD2016271,MERCH011,rh2bhzw@okaxis
ORD2042571,MERCH017,bank_acct_3855****0751
ORD2019539,MERCH016,bank_acct_3292****3041
ORD2027676,MERCH004,bank_acct_7843****2900
ORD2011909,MERCH010,txgyggf@okaxis
ORD2044929,MERCH020,bank_acct_3174****3105
ORD2022382,MERCH007,bank_acct_1042****9570
ORD2027106,MERCH019,bank_acct_5964****2668
ORD2046224,MERCH005,bank_acct_6186****5713
ORD2045571,MERCH011,bank_acct_0684****9488
ORD2030966,MERCH006,bank_acct_0080****3627
ORD2011616,MERCH007,bank_acct_3916****3112
ORD2010875,MERCH013,bank_acct_8295****4565
ORD2022457,MERCH006,g068spu@oksbi
ORD2046727,MERCH006,bank_acct_4302****5589
ORD2037303,MERCH020,bank_acct_5919****0333
ORD2027798,MERCH006,upbvski@okhdfcbank
ORD2041114,MERCH011,4oimvvf@okaxis
ORD2042469,MERCH017,bank_acct_4751****2159
ORD2014613,MERCH016,bank_acct_0955****8171
ORD2059548,MERCH020,bank_acct_6268****4821
ORD2028962,MERCH014,prudaym@okicici
ORD2014003,MERCH002,2urdfpr@oksbi
ORD2013505,MERCH008,cgylwuf@okhdfcbank
ORD2020643,MERCH009,lguhniq@okicici
ORD2035671,MERCH016,bank_acct_4486****5772
ORD2025329,MERCH010,bank_acct_5907****6984
ORD2020882,MERCH012,bank_acct_4258****3730
ORD2054346,MERCH005,qkz1sbw@ybl
ORD2022960,MERCH010,orobrda@ybl
ORD2000266,MERCH011,3h3ixd5@okaxis
ORD2010145,MERCH012,bank_acct_2812****9240
ORD2025155,MERCH011,bank_acct_6961****5516
ORD2047527,MERCH015,bank_acct_8782****5677
ORD2000927,MERCH010,zkp28rb@okhdfcbank
ORD2005955,MERCH014,ankzsrc@okaxis
ORD2052093,MERCH019,6tgrepe@okaxis
ORD2004284,MERCH013,pafbpgr@okaxis
ORD2049399,MERCH014,07tmguk@okaxis
ORD2005438,MERCH001,bank_acct_7083****9301
ORD2024857,MERCH013,tuug5pz@okaxis
ORD2015000,MERCH002,bank_acct_1345****9598
ORD2026993,MERCH014,yni0pzs@okicici
ORD2038519,MERCH012,1am0jjy@ybl
ORD2016150,MERCH005,u2kqgdc@okicici
ORD2033221,MERCH015,earokky@okicici
ORD2049523,MERCH009,pgiozct@okhdfcbank
ORD2047417,MERCH001,bank_acct_6288****6047
ORD2031150,MERCH007,bank_acct_9431****3061
ORD2037755,MERCH007,4stjuqw@okicici
ORD2048690,MERCH009,bank_acct_4771****7434
ORD2019089,MERCH010,fmxntn7@ybl
ORD2033621,MERCH012,0lvzzlk@okicici
ORD2042767,MERCH001,arkk7ds@ybl
ORD2023176,MERCH011,4ybtkcx@okhdfcbank
ORD2041090,MERCH014,bank_acct_9540****1133
ORD2040748,MERCH013,bank_acct_5515****9321
ORD2015266,MERCH011,bank_acct_3896****5013
ORD2038976,MERCH018,wfxb1q8@oksbi
ORD2019994,MERCH018,bank_acct_7586****7338
ORD2028908,MERCH007,bank_acct_0978****7057
ORD2038302,MERCH007,d9ywo7t@okicici
ORD2012223,MERCH020,bank_acct_8922****4358
ORD2050679,MERCH017,extroko@oksbi
ORD2029293,MERCH015,bank_acct_4350****1558
ORD2031110,MERCH009,bank_acct_7164****7741
ORD2011532,MERCH004,bank_acct_3452****8158
ORD2037380,MERCH003,rxpe3bg@ybl
ORD2024339,MERCH008,bank_acct_6386****9905
ORD2059146,MERCH006,bank_acct_9514****8558
ORD2003019,MERCH011,ejxod8x@okhdfcbank
ORD2048850,MERCH016,c56osmd@okhdfcbank
ORD2012025,MERCH019,bank_acct_8257****2220
ORD2039649,MERCH016,qmb0oth@ybl
ORD2032420,MERCH002,bank_acct_4374****7814
ORD2036847,MERCH013,dlbthjq@ybl
ORD2051284,MERCH016,bank_acct_6611****3326
ORD2028036,MERCH008,38peafc@ybl
ORD2037335,MERCH009,bank_acct_0591****8589
ORD2031589,MERCH020,zahy49h@okicici
ORD2010843,MERCH019,bank_acct_9579****6833
ORD2016776,MERCH013,bvguo68@oksbi
ORD2050449,MERCH004,bank_acct_2807****4811
ORD2058197,MERCH002,4wqexjw@ybl
ORD2031746,MERCH011,99sj2ai@okhdfcbank
ORD2003329,MERCH009,bank_acct_5623****2638
ORD2042793,MERCH018,bank_acct_5720****7215
ORD2056231,MERCH012,bank_acct_6229****9513
ORD2035693,MERCH015,bank_acct_3707****3780
ORD2042415,MERCH017,vcoedgj@okhdfcbank
ORD2034952,MERCH004,imhyssi@okaxis
ORD2007379,MERCH016,bank_acct_1934****4280
ORD2048875,MERCH005,ep462z9@okaxis
ORD2032939,MERCH003,21chl9i@okhdfcbank
ORD2057019,MERCH011,bank_acct_6886****6143
ORD2040016,MERCH014,bank_acct_4689****1241
ORD2043756,MERCH005,k6r4mcy@oksbi
ORD2013309,MERCH005,4zbf34w@okhdfcbank
ORD2030459,MERCH019,bank_acct_3573****3045
ORD2033649,MERCH010,ix4fy3c@okhdfcbank
ORD2001687,MERCH019,dvrdapr@oksbi
ORD2031993,MERCH003,mkdbk6n@okhdfcbank
ORD2059983,MERCH015,iump8pd@okaxis
ORD2056613,MERCH008,bank_acct_3289****5957
ORD2020859,MERCH011,bank_acct_0207****0899
ORD2041194,MERCH019,bipkayd@okaxis
ORD2034674,MERCH018,5wyu2rv@okhdfcbank
ORD2050851,MERCH009,bank_acct_2761****4387
ORD2029936,MERCH018,7vsiadx@ybl
ORD2002793,MERCH017,bank_acct_4723****3302
ORD2004092,MERCH010,bank_acct_8301****5349
ORD2056074,MERCH001,bank_acct_9230****7782
ORD2032608,MERCH005,bank_acct_6603****0846
ORD2016505,MERCH004,2urdfpr@oksbi
ORD2051517,MERCH011,kzlpiea@okhdfcbank
ORD2010668,MERCH012,tvmcmiw@okaxis
ORD2012090,MERCH015,rmtbqpf@ybl
ORD2002596,MERCH007,bank_acct_0385****7600
ORD2048105,MERCH006,4mkksup@okaxis
ORD2055946,MERCH011,bank_acct_5200****8196
ORD2011400,MERCH015,bank_acct_6523****8787
ORD2041644,MERCH008,bank_acct_0689****9455
ORD2047635,MERCH015,ynilv4b@okhdfcbank
ORD2042721,MERCH012,i6kyeec@oksbi
ORD2005811,MERCH011,bank_acct_1564****6383
ORD2041708,MERCH018,mkdbk6n@okhdfcbank
ORD2051512,MERCH009,bank_acct_4897****3405
ORD2052086,MERCH020,5awvvrj@okhdfcbank
ORD2029810,MERCH001,bank_acct_6834****4254
ORD2025342,MERCH005,xwpu8km@ybl
ORD2001035,MERCH004,m4kpudk@okicici
ORD2007077,MERCH014,bank_acct_2968****5044
ORD2037646,MERCH014,cbrtg8z@ybl
ORD2029631,MERCH013,klb4uih@ybl
ORD2002997,MERCH016,bank_acct_7650****6686
ORD2029583,MERCH002,fis7ujr@ybl
ORD2023427,MERCH017,bank_acct_3515****8152
ORD2013115,MERCH002,oogpjqx@ybl
ORD2029638,MERCH017,x7jcmzh@okicici
ORD2000550,MERCH012,bank_acct_9455****2814
ORD2051674,MERCH001,2wctk3k@ybl
ORD2035973,MERCH019,bank_acct_8392****0460
ORD2002873,MERCH014,bank_acct_3528****8320
ORD2044056,MERCH002,bank_acct_5941****8503
ORD2015074,MERCH017,bank_acct_4747****3362
ORD2045323,MERCH011,jw0vpyo@oksbi
ORD2024423,MERCH018,e00y4zl@oksbi
ORD2043659,MERCH016,bank_acct_3059****5061
ORD2043924,MERCH010,bank_acct_3412****9859
ORD2016790,MERCH019,i3i4zul@okaxis
ORD2016773,MERCH011,qoejrmp@okaxis
ORD2002399,MERCH003,bank_acct_4794****5993
ORD2042904,MERCH003,thd3r0t@okaxis
ORD2002093,MERCH019,i7cosct@okaxis
ORD2018196,MERCH003,bank_acct_4909****3822
ORD2033510,MERCH018,bank_acct_5732****3484
ORD2050082,MERCH004,o0mnuvv@okaxis
ORD2032568,MERCH014,bank_acct_1986****8076
ORD2007835,MERCH017,tvbm7oa@okhdfcbank
ORD2018041,MERCH003,dvatnqf@oksbi
ORD2010984,MERCH019,bank_acct_8007****1988
ORD2053913,MERCH015,bank_acct_2655****4147
ORD2046339,MERCH020,y2xpyli@oksbi
ORD2023886,MERCH007,bank_acct_2185****6414
ORD2021662,MERCH003,bank_acct_6099****9190
ORD2051852,MERCH014,mcgxw9i@okaxis
ORD2056146,MERCH009,r0l1dqv@ybl
ORD2004305,MERCH015,kzg3atb@okhdfcbank
ORD2043481,MERCH015,01nyhdr@okicici
ORD2055791,MERCH005,bank_acct_2370****1265
ORD2057375,MERCH011,vixtaou@okhdfcbank
ORD2014864,MERCH007,bank_acct_2337****9067
ORD2000992,MERCH019,bank_acct_7835****2024
ORD2053680,MERCH011,fdqfrcx@okhdfcbank
ORD2028575,MERCH015,vvruffb@ybl
ORD2031837,MERCH017,6vjvorl@okicici
ORD2053387,MERCH010,2urdfpr@oksbi
ORD2047688,MERCH001,bank_acct_4183****1080
ORD2023144,MERCH013,bank_acct_4600****3569
ORD2057378,MERCH019,bank_acct_1494****7853
ORD2040592,MERCH010,tb7rodd@okicici
ORD2005329,MERCH001,whgwiax@okicici
ORD2014496,MERCH003,euykdp3@okaxis
ORD2040783,MERCH001,bank_acct_1522****4617
ORD2027651,MERCH001,bank_acct_8268****3189
ORD2023246,MERCH008,7xv02w1@okhdfcbank
ORD2029532,MERCH011,bank_acct_7580****9105
ORD2039642,MERCH014,i5nrk0l@oksbi
ORD2007658,MERCH005,pfcbv5m@oksbi
ORD2017353,MERCH009,bank_acct_9706****0271
ORD2047176,MERCH008,fhk5cvj@okicici
ORD2041113,MERCH019,bank_acct_1455****5317
ORD2043865,MERCH011,bank_acct_4388****6475
ORD2057999,MERCH018,bank_acct_6774****3812
ORD2053150,MERCH015,6lsausm@ybl
ORD2013198,MERCH007,bank_acct_4391****6898
ORD2030120,MERCH019,6vbk6ca@ybl
ORD2028042,MERCH012,gv959uj@oksbi
ORD2048703,MERCH019,bank_acct_8930****0439
ORD2009424,MERCH005,bank_acct_9065****7185
ORD2043726,MERCH007,d9rf4eo@okicici
ORD2010918,MERCH015,2urdfpr@oksbi
ORD2018297,MERCH007,bank_acct_6751****1684
ORD2025856,MERCH010,bank_acct_1789****6544
ORD2053527,MERCH006,mo8nywu@okaxis
ORD2029595,MERCH004,bank_acct_2067****2978
ORD2025522,MERCH017,bank_acct_5315****3249
ORD2028432,MERCH005,bank_acct_3243****2196
ORD2009556,MERCH018,tsa96a4@okhdfcbank
ORD2021008,MERCH012,ozsvmqz@okicici
ORD2029232,MERCH003,bank_acct_9262****5852
ORD2008236,MERCH011,bank_acct_1360****9425
ORD2035821,MERCH011,yj56wb7@okicici
ORD2035476,MERCH009,vcoedgj@okhdfcbank
ORD2031793,MERCH007,bank_acct_1679****7550
ORD2032752,MERCH007,bank_acct_0066****5844
ORD2054060,MERCH016,qtpcoir@oksbi
ORD2054863,MERCH014,ytnaxpf@ybl
ORD2022229,MERCH009,38zk8s8@okicici
ORD2017798,MERCH008,bank_acct_0182****7416
ORD2030871,MERCH007,bank_acct_4105****2124
ORD2039571,MERCH012,eyzs9oy@ybl
ORD2029740,MERCH001,z6cujjf@okaxis
ORD2034409,MERCH005,hgee62s@okaxis
ORD2042392,MERCH015,bank_acct_2906****5640
ORD2015753,MERCH004,1kfplho@okhdfcbank
ORD2041796,MERCH013,4vks6gg@oksbi
ORD2002219,MERCH019,bank_acct_5315****3249
ORD2056347,MERCH007,t4e94nk@oksbi
ORD2003939,MERCH013,mauyzrl@okaxis
ORD2013903,MERCH002,bank_acct_4653****7831
ORD2052385,MERCH015,1n1ukgn@okhdfcbank
ORD2016973,MERCH015,ogesrx4@okicici
ORD2046143,MERCH013,bank_acct_3383****0423
ORD2015228,MERCH007,0ve61ry@okicici
ORD2033169,MERCH007,dhkjqel@oksbi
ORD2010511,MERCH013,05kymgt@ybl
ORD2053185,MERCH019,bank_acct_2083****7230
ORD2032179,MERCH004,x2fk5zl@okaxis
ORD2035340,MERCH003,bank_acct_1378****2064
ORD2008682,MERCH006,bank_acct_6179****3649
ORD2034699,MERCH017,bank_acct_1336****4453
ORD2035794,MERCH019,bank_acct_7262****9064
ORD2054648,MERCH017,bank_acct_6042****0005
ORD2055090,MERCH004,bank_acct_6042****4399
ORD2044730,MERCH006,bank_acct_7346****0109
ORD2007284,MERCH007,bank_acct_4503****5705
ORD2054983,MERCH004,bank_acct_8529****3808
ORD2053431,MERCH016,lojiikh@oksbi
ORD2025210,MERCH020,bank_acct_3601****5562
ORD2029490,MERCH012,10cd3hy@okaxis
ORD2016536,MERCH011,bank_acct_2374****9386
ORD2037145,MERCH014,olcrbug@okaxis
ORD2037709,MERCH007,bank_acct_2901****8791
ORD2003855,MERCH007,tx0daie@okicici
ORD2036088,MERCH003,utyy5jc@ybl
ORD2042515,MERCH017,bank_acct_2431****8014
ORD2005656,MERCH011,bank_acct_0256****3450
ORD2010907,MERCH009,fgghjic@oksbi
ORD2043183,MERCH017,bank_acct_5849****6637
ORD2049469,MERCH004,bank_acct_5674****5279
ORD2010088,MERCH015,bank_acct_9942****9863
ORD2040145,MERCH001,ly1rwhn@oksbi
ORD2039728,MERCH001,k3injhb@ybl
ORD2008280,MERCH013,bank_acct_9350****0860
ORD2058302,MERCH014,bank_acct_0536****9225
ORD2016121,MERCH013,yjqtqgr@okaxis
ORD2050981,MERCH004,5xedyvt@okicici
ORD2045827,MERCH012,2bvagct@ybl
ORD2025768,MERCH012,rgabena@okhdfcbank
ORD2036684,MERCH010,3crymq3@ybl
ORD2011580,MERCH006,bank_acct_6008****0880
ORD2000980,MERCH014,bank_acct_3050****1893
ORD2040692,MERCH010,8efwtkl@okhdfcbank
ORD2043892,MERCH008,bank_acct_3190****0244
ORD2043852,MERCH003,dqpue9x@okicici
ORD2004837,MERCH013,7fvxzxr@okhdfcbank
ORD2026176,MERCH016,88m8hgf@okaxis
ORD2057224,MERCH001,bank_acct_3707****6685
ORD2055357,MERCH009,bank_acct_2180****5194
ORD2004298,MERCH011,bank_acct_2054****1470
ORD2048323,MERCH002,pamdmfz@okhdfcbank
ORD2024573,MERCH005,0mg0qkz@okaxis
ORD2031082,MERCH008,fciabef@okaxis
ORD2048663,MERCH006,0kaydsd@okaxis
ORD2020194,MERCH019,f0bhvp3@okicici
ORD2018510,MERCH001,bank_acct_2909****4962
ORD2001666,MERCH005,aqmynev@okaxis
ORD2040972,MERCH017,azonvuq@okhdfcbank
ORD2029816,MERCH005,52amvro@ybl
ORD2043960,MERCH005,bank_acct_2399****8616
ORD2021316,MERCH016,bank_acct_0378****6040
ORD2020452,MERCH002,2lt4kiu@oksbi
ORD2026648,MERCH002,bank_acct_5011****4195
ORD2044586,MERCH020,xsjgasm@oksbi
ORD2035861,MERCH007,jhfb3fc@okhdfcbank
ORD2052767,MERCH010,bank_acct_9926****4212
ORD2033083,MERCH012,zcybejt@ybl
ORD2008988,MERCH020,du282eo@okicici
ORD2050321,MERCH014,dqenpv7@okicici
ORD2004595,MERCH006,bank_acct_5495****6356
ORD2054822,MERCH014,bank_acct_2013****0841
ORD2031716,MERCH006,bank_acct_8604****3686
ORD2015980,MERCH006,bank_acct_6191****5418
ORD2030614,MERCH017,ahjpryg@okhdfcbank
ORD2034581,MERCH005,ngqcey8@okaxis
ORD2003611,MERCH003,sdmemmq@oksbi
ORD2040468,MERCH006,zyrpzbv@okhdfcbank
ORD2041637,MERCH012,bank_acct_2813****0193
ORD2028845,MERCH005,1ygjobg@okhdfcbank
ORD2023295,MERCH006,bank_acct_5779****6844
ORD2005354,MERCH001,a4fgjl9@okhdfcbank
ORD2005022,MERCH016,bank_acct_9647****6053
ORD2005634,MERCH007,bank_acct_7557****3261
ORD2043716,MERCH010,bank_acct_6451****9665
ORD2024356,MERCH013,bank_acct_1505****3256
ORD2003407,MERCH012,q6s7zre@okhdfcbank
ORD2001828,MERCH009,bank_acct_3059****1364
ORD2010522,MERCH003,euykdp3@okaxis
ORD2045962,MERCH001,qfxfctl@okicici
ORD2026987,MERCH001,7grncsm@oksbi
ORD2035144,MERCH011,wotu7pr@okaxis
ORD2014157,MERCH001,bank_acct_9148****8008
ORD2004421,MERCH016,9rugcly@oksbi
ORD2004014,MERCH002,bank_acct_8277****8444
ORD2058029,MERCH005,bank_acct_1515****7517
ORD2033450,MERCH014,ga1gb0z@okhdfcbank
ORD2041278,MERCH002,bank_acct_8836****4524
ORD2053905,MERCH018,bank_acct_3054****4260
ORD2011209,MERCH013,k4brrer@okhdfcbank
ORD2025607,MERCH020,lewjy17@ybl
ORD2024414,MERCH017,aif2ykd@oksbi
ORD2044919,MERCH006,5ucjh7v@okhdfcbank
ORD2051151,MERCH006,bank_acct_1203****5217
ORD2010565,MERCH004,bank_acct_7415****4009
ORD2037247,MERCH001,bank_acct_5094****7647
ORD2050975,MERCH012,bank_acct_1262****9121
ORD2003063,MERCH008,h1furhp@ybl
ORD2051543,MERCH003,bank_acct_6423****7218
ORD2028081,MERCH014,bank_acct_4415****6991
ORD2013599,MERCH003,1vhdbsy@okicici
ORD2032424,MERCH004,sgbpeeq@okaxis
ORD2038563,MERCH016,bank_acct_5896****2605
ORD2018605,MERCH015,fyqv6h2@oksbi
ORD2021374,MERCH014,fmpbcur@okhdfcbank
ORD2011755,MERCH018,bank_acct_0528****4467
ORD2018769,MERCH015,7nnhcy8@okicici
ORD2027103,MERCH005,ppauien@okaxis
ORD2005544,MERCH020,aib5n5i@oksbi
ORD2004664,MERCH001,u5qhgpy@okicici
ORD2011451,MERCH010,hz4jflo@okicici
ORD2046455,MERCH016,bank_acct_2681****1046
ORD2046973,MERCH016,bank_acct_2100****4598
ORD2027665,MERCH009,bank_acct_3027****1734
ORD2058936,MERCH013,bank_acct_7453****6752
ORD2056880,MERCH018,bank_acct_9386****9799
ORD2019542,MERCH012,pssmngw@okicici
ORD2039865,MERCH010,euykdp3@okaxis
ORD2051325,MERCH004,gcgkqnq@ybl
ORD2022165,MERCH007,bank_acct_9696****3727
ORD2037401,MERCH019,bank_acct_6800****7485
ORD2050493,MERCH007,bank_acct_2600****1551
ORD2016721,MERCH005,bank_acct_5935****3060
ORD2022258,MERCH010,bank_acct_8224****6318
ORD2011817,MERCH005,zroozif@oksbi
ORD2001755,MERCH008,rydq6pl@okaxis
ORD2050669,MERCH003,bank_acct_6931****0547
ORD2050508,MERCH004,oj95noj@ybl
ORD2023463,MERCH013,bank_acct_7766****0922
ORD2027224,MERCH010,vss0c3q@okaxis
ORD2009144,MERCH020,woa5fia@oksbi
ORD2012632,MERCH004,bank_acct_4204****4160
ORD2022103,MERCH008,bank_acct_4256****4188
ORD2053969,MERCH008,bank_acct_0408****7026
ORD2021428,MERCH009,bank_acct_1898****3840
ORD2052410,MERCH006,9dpu2co@ybl
ORD2047323,MERCH010,bank_acct_4666****2368
ORD2007747,MERCH011,bank_acct_0129****1164
ORD2043053,MERCH015,unko87y@oksbi
ORD2050862,MERCH019,qildtkj@okhdfcbank
ORD2024222,MERCH017,bank_acct_6213****2112
ORD2003014,MERCH013,boqikqk@oksbi
ORD2052880,MERCH005,bank_acct_1579****6319
ORD2015543,MERCH011,bank_acct_6403****8304
ORD2046015,MERCH014,jckbdxt@ybl
ORD2001133,MERCH012,x9zbst5@oksbi
ORD2029018,MERCH005,bank_acct_4780****6361
ORD2008066,MERCH019,rkryscf@ybl
ORD2012709,MERCH002,rbbuh9x@ybl
ORD2014903,MERCH013,bank_acct_0062****2044
ORD2019432,MERCH002,bank_acct_9818****4311
ORD2034827,MERCH007,bank_acct_7997****6525
ORD2009523,MERCH006,bank_acct_9238****6753
ORD2027204,MERCH001,lcwa4rh@okaxis
ORD2009135,MERCH005,bank_acct_7948****2906
ORD2050787,MERCH017,bank_acct_5232****5668
ORD2032731,MERCH008,ikxneny@ybl
ORD2024104,MERCH008,ftdx31l@okicici
ORD2005685,MERCH011,l2hxrgj@okhdfcbank
ORD2017121,MERCH001,bqgepuc@okhdfcbank
ORD2049847,MERCH019,bank_acct_3092****7162
ORD2046322,MERCH016,dpmktma@okicici
ORD2046048,MERCH016,bank_acct_9801****3642
ORD2057416,MERCH012,fxr3rm3@okhdfcbank
ORD2044700,MERCH007,ikn8uni@oksbi
ORD2007737,MERCH019,sxyrhmg@okaxis
ORD2043050,MERCH013,bank_acct_3896****1521
ORD2043350,MERCH015,bank_acct_4857****5553
ORD2032619,MERCH007,onphahg@oksbi
ORD2049328,MERCH015,bank_acct_6389****6388
ORD2048033,MERCH020,bank_acct_0900****0958
ORD2050980,MERCH009,6boo0vj@oksbi
ORD2004618,MERCH018,a6pbulq@oksbi
ORD2015643,MERCH015,awitec4@oksbi
ORD2057984,MERCH004,bank_acct_3992****4739
ORD2010431,MERCH009,bank_acct_7980****5850
ORD2055888,MERCH017,bank_acct_4930****1519
ORD2012827,MERCH011,bank_acct_5387****3485
ORD2041325,MERCH016,bank_acct_0818****3793
ORD2049182,MERCH009,bank_acct_0502****0491
ORD2027345,MERCH011,bank_acct_0626****3427
ORD2000479,MERCH016,4c77svd@ybl
ORD2031283,MERCH018,wmlcxav@ybl
ORD2002299,MERCH015,1b9m8kh@okaxis
ORD2017546,MERCH018,bank_acct_5227****1685
ORD2019234,MERCH011,mm5nf7i@ybl
ORD2023689,MERCH006,2urdfpr@oksbi
ORD2030425,MERCH009,rm58ac7@okaxis
ORD2035365,MERCH003,hzjw5be@okicici
ORD2047599,MERCH012,bank_acct_6207****2847
ORD2033652,MERCH014,ha9uqqv@okicici
ORD2049585,MERCH001,bank_acct_4500****2001
ORD2012238,MERCH018,bank_acct_8359****4004
ORD2039288,MERCH019,bank_acct_7453****6752
ORD2007180,MERCH008,bank_acct_2398****8571
ORD2042373,MERCH015,bank_acct_5112****0246
ORD2057228,MERCH004,uccgpk6@okicici
ORD2053265,MERCH004,hrkj2k3@okicici
ORD2047483,MERCH019,bank_acct_1986****8076
ORD2041133,MERCH005,bank_acct_4684****7193
ORD2021795,MERCH012,bank_acct_9645****6361
ORD2036219,MERCH010,dfeqgli@okicici
ORD2016680,MERCH003,bank_acct_6254****4968
ORD2002748,MERCH018,bank_acct_5206****3582
ORD2038141,MERCH003,bank_acct_5591****4834
ORD2019893,MERCH017,f5thncw@oksbi
ORD2017601,MERCH006,c54xi7v@okicici
ORD2046771,MERCH013,bank_acct_9056****5260
ORD2037507,MERCH017,bank_acct_7247****2382
ORD2055828,MERCH007,frhntq6@okaxis
ORD2004521,MERCH005,bank_acct_6813****1836
ORD2057440,MERCH008,5gaaxyf@okicici
ORD2007804,MERCH001,kwfyfl3@ybl
ORD2027726,MERCH007,sd4himp@okaxis
ORD2029829,MERCH012,ep8xdh5@oksbi
ORD2046619,MERCH017,bank_acct_8745****5326
ORD2031544,MERCH020,cbbt3dk@okaxis
ORD2046485,MERCH005,zkeh8ql@ybl
ORD2040134,MERCH019,bank_acct_5189****5740
ORD2044988,MERCH017,bank_acct_0368****3930
ORD2030206,MERCH017,bank_acct_1690****7877
ORD2049027,MERCH002,bank_acct_1301****3045
ORD2049630,MERCH018,bank_acct_1397****1385
ORD2032429,MERCH012,t6ibizz@okicici
ORD2028791,MERCH018,bank_acct_7557****9902
ORD2005319,MERCH008,bank_acct_8198****4649
ORD2030795,MERCH017,bank_acct_2275****5452
ORD2013207,MERCH006,bank_acct_5817****9191
ORD2047315,MERCH012,bank_acct_0256****3450
ORD2005644,MERCH005,3t03csc@okhdfcbank
ORD2020461,MERCH006,1xdsufa@okicici
ORD2009348,MERCH020,bank_acct_1133****5552
ORD2002301,MERCH010,bank_acct_8224****6318
ORD2018629,MERCH018,bank_acct_0588****9785
ORD2004768,MERCH020,rgjsl0z@okicici
ORD2028221,MERCH014,mvifbv3@okhdfcbank
ORD2001840,MERCH020,bank_acct_5013****5422
ORD2019299,MERCH013,bank_acct_8222****3104
ORD2048558,MERCH013,o3n0hjl@okaxis
ORD2042877,MERCH010,cipad2g@okicici
ORD2020430,MERCH013,bank_acct_7417****3526
ORD2025309,MERCH017,bank_acct_5859****3962
ORD2054891,MERCH014,bank_acct_9948****7661
ORD2044827,MERCH016,bank_acct_7081****3200
ORD2026699,MERCH015,mef7rxz@ybl
ORD2033624,MERCH011,bank_acct_4709****9226
ORD2002847,MERCH005,bank_acct_2195****6882
ORD2017253,MERCH010,bank_acct_8974****0688
ORD2035398,MERCH001,bank_acct_6661****8814
ORD2008148,MERCH003,ebeimq3@okaxis
ORD2056393,MERCH009,45qli0d@okaxis
ORD2047326,MERCH018,bank_acct_1794****9859
ORD2030033,MERCH010,cagyh3l@okhdfcbank
ORD2027479,MERCH007,bank_acct_9939****3945
ORD2039557,MERCH020,d79hsrr@okhdfcbank
ORD2051356,MERCH009,euykdp3@okaxis
ORD2018850,MERCH002,cb8goul@okicici
ORD2023526,MERCH014,cz63wco@ybl
ORD2034271,MERCH005,bank_acct_1242****1212
ORD2025181,MERCH005,bank_acct_9947****5046
ORD2019864,MERCH016,ycfcmaq@okaxis
ORD2013722,MERCH006,bank_acct_5442****4780
ORD2031260,MERCH008,bank_acct_1612****5130
ORD2044448,MERCH013,uhoeh0o@ybl
ORD2023052,MERCH006,dnghcxh@oksbi
ORD2013298,MERCH014,jeg0hn2@okhdfcbank
ORD2019268,MERCH014,bvguo68@oksbi
ORD2007255,MERCH007,bank_acct_8346****9735
ORD2026547,MERCH008,bank_acct_2808****3684
ORD2004573,MERCH012,in721jj@okaxis
ORD2026298,MERCH003,bank_acct_7488****5047
ORD2033578,MERCH008,bank_acct_0057****5942
ORD2043797,MERCH009,bank_acct_3113****0530
ORD2050848,MERCH005,bank_acct_2849****4317
ORD2003734,MERCH013,frfp2zi@okicici
ORD2007755,MERCH004,dw2p0qq@okicici
ORD2039204,MERCH019,moeukhp@okicici
ORD2007287,MERCH018,bank_acct_5227****1685
ORD2020214,MERCH007,w0v63gx@okicici
ORD2053977,MERCH015,bank_acct_3296****9277
ORD2056004,MERCH005,bank_acct_3907****3616
ORD2050188,MERCH009,bank_acct_3731****0444
ORD2027847,MERCH011,cdmozxc@ybl
ORD2010092,MERCH001,ffft8qy@ybl
ORD2042542,MERCH004,bank_acct_3212****1510
ORD2050997,MERCH017,bank_acct_6702****4686
ORD2035089,MERCH010,bank_acct_4390****4257
ORD2044597,MERCH002,boqikqk@oksbi
ORD2026772,MERCH020,eraeyfh@okicici
ORD2035378,MERCH016,bank_acct_8807****4139
ORD2059767,MERCH008,bank_acct_5170****1060
ORD2036503,MERCH015,y9rsmxi@okhdfcbank
ORD2040985,MERCH010,bank_acct_2906****1535
ORD2028068,MERCH004,ggwa7nu@okaxis
ORD2048283,MERCH018,p8o4gny@ybl
ORD2025746,MERCH020,swtmfag@ybl
ORD2024793,MERCH015,iwu7nrj@ybl
ORD2040942,MERCH005,bythuyw@okhdfcbank
ORD2053447,MERCH003,bank_acct_6038****5756
ORD2049221,MERCH011,bank_acct_1090****8687
ORD2013487,MERCH009,bank_acct_5688****0005
ORD2056944,MERCH002,bank_acct_7690****4664
ORD2029757,MERCH019,bvguo68@oksbi
ORD2000906,MERCH004,bank_acct_2080****3143
ORD2042485,MERCH015,bank_acct_9376****1485
ORD2022561,MERCH014,bmfwcx6@ybl
ORD2017763,MERCH019,bank_acct_3847****8624
ORD2006944,MERCH006,dyz5usc@okhdfcbank
ORD2016683,MERCH016,bank_acct_0002****1880
ORD2032558,MERCH010,bank_acct_0863****1957
ORD2006388,MERCH008,bank_acct_5369****1825
ORD2039668,MERCH017,fzx7vun@oksbi
ORD2041605,MERCH004,fkxvaah@okhdfcbank
ORD2049929,MERCH003,otlqzu5@okaxis
ORD2001719,MERCH020,jmapyw9@okhdfcbank
ORD2031058,MERCH020,eafuwav@oksbi
ORD2016809,MERCH012,bank_acct_2113****0639
ORD2018285,MERCH008,bank_acct_3883****5289
ORD2016711,MERCH016,vysfzpd@okhdfcbank
ORD2031723,MERCH014,loz43rs@oksbi
ORD2032979,MERCH014,bank_acct_9240****2401
ORD2047942,MERCH002,bank_acct_7293****0168
ORD2028386,MERCH004,bank_acct_2458****7222
ORD2004155,MERCH009,bank_acct_9717****3391
ORD2058872,MERCH016,bank_acct_6008****0880
ORD2010225,MERCH009,rxjeg6e@okaxis
ORD2045767,MERCH017,2hgoy9g@ybl
ORD2004862,MERCH011,bank_acct_4314****1035
ORD2046755,MERCH014,bank_acct_3598****3041
ORD2016059,MERCH009,bank_acct_9522****6372
ORD2042482,MERCH012,bank_acct_9302****1128
ORD2046244,MERCH003,bank_acct_6234****2672
ORD2044364,MERCH017,bank_acct_5315****3249
ORD2018209,MERCH016,bank_acct_9903****1950
ORD2044383,MERCH008,avqlgai@okicici
ORD2016486,MERCH019,bank_acct_2069****4063
ORD2035952,MERCH016,bank_acct_5661****3985
ORD2055651,MERCH008,gxakb0u@ybl
ORD2009700,MERCH019,58dem1z@ybl
ORD2016803,MERCH014,bank_acct_0210****0142
ORD2018020,MERCH009,bank_acct_6979****0313
ORD2035183,MERCH004,oric8nr@oksbi
ORD2032686,MERCH016,bank_acct_1521****8524
ORD2004012,MERCH018,eiis59n@okhdfcbank
ORD2055167,MERCH020,bank_acct_3005****3303
ORD2046786,MERCH019,euxzbeu@okhdfcbank
ORD2051155,MERCH013,bank_acct_8466****4174
ORD2021823,MERCH020,bank_acct_0462****9302
ORD2043861,MERCH017,ajpj5lz@okhdfcbank
ORD2012084,MERCH013,bank_acct_1428****4618
ORD2051042,MERCH002,bank_acct_3675****8846
ORD2005282,MERCH020,bank_acct_1158****8387
ORD2059357,MERCH004,bank_acct_4021****5617
ORD2033447,MERCH019,j3iftgs@oksbi
ORD2005278,MERCH004,w7bdhry@oksbi
ORD2036349,MERCH019,aiszqbo@okaxis
ORD2038478,MERCH004,bank_acct_2434****8980
ORD2034557,MERCH003,3t03csc@okhdfcbank
ORD2023277,MERCH012,bank_acct_4709****4135
ORD2020640,MERCH019,bank_acct_5836****0571
ORD2015539,MERCH020,bank_acct_1969****7141
ORD2040168,MERCH014,nhhzihe@oksbi
ORD2040080,MERCH013,zfbxkk5@oksbi
ORD2019517,MERCH002,f2lokvk@okhdfcbank
ORD2000337,MERCH012,njabw76@okhdfcbank
ORD2006792,MERCH015,bank_acct_8515****4796
ORD2002217,MERCH015,bank_acct_5525****1757
ORD2039106,MERCH019,rvat6hk@okhdfcbank
ORD2037120,MERCH017,dekerl4@okaxis
ORD2018293,MERCH002,bank_acct_3004****8081
ORD2024656,MERCH013,bank_acct_3963****0565
ORD2052562,MERCH014,tafxkum@okaxis
ORD2032671,MERCH001,3titutz@okhdfcbank
ORD2022463,MERCH007,cytbsxq@okhdfcbank
ORD2005179,MERCH019,bank_acct_0230****2511
ORD2046441,MERCH014,ftdx31l@okicici
ORD2050630,MERCH011,5cziius@okhdfcbank
ORD2041369,MERCH004,k36bys5@okicici
ORD2025860,MERCH013,qtpcoir@oksbi
ORD2020796,MERCH001,bank_acct_1078****6797
ORD2002474,MERCH015,xwtnzcn@okicici
ORD2006261,MERCH009,grpzkkl@oksbi
ORD2032403,MERCH012,bank_acct_3073****9258
ORD2039069,MERCH012,8gbe2d7@ybl
ORD2048711,MERCH012,qmdiglo@ybl
ORD2017101,MERCH008,bank_acct_0149****7652
ORD2000175,MERCH009,bank_acct_1891****0728
ORD2040221,MERCH015,bank_acct_8408****7462
ORD2045549,MERCH002,bank_acct_9423****2007
ORD2052498,MERCH011,tj9771g@okicici
ORD2015532,MERCH015,ncj5chc@ybl
ORD2027639,MERCH009,h9hzori@okicici
ORD2034497,MERCH006,bank_acct_6738****4069
ORD2027142,MERCH007,bank_acct_3541****1446
ORD2038271,MERCH018,bank_acct_2492****3954
ORD2015692,MERCH018,bank_acct_7093****0342
ORD2050604,MERCH011,bank_acct_3176****6226
ORD2052700,MERCH013,bank_acct_2109****5263
ORD2013789,MERCH012,m8jgvm8@okicici
ORD2028917,MERCH006,rvn5zt1@okicici
ORD2022002,MERCH016,bank_acct_3672****0386
ORD2053513,MERCH003,qvevtqm@ybl
ORD2017671,MERCH011,bank_acct_4677****2151
ORD2024830,MERCH012,bank_acct_6014****2582
ORD2055554,MERCH020,eyvjete@okaxis
ORD2050328,MERCH018,ojhar5f@okaxis
ORD2042656,MERCH008,mpadcsa@oksbi
ORD2032480,MERCH011,esara2y@okicici
ORD2025324,MERCH010,jbmkmfm@oksbi
ORD2034454,MERCH005,3t03csc@okhdfcbank
ORD2059838,MERCH003,9tchwlg@oksbi
ORD2009454,MERCH013,bank_acct_1690****0723
ORD2037062,MERCH011,hb3ri1l@okaxis
ORD2041797,MERCH020,bank_acct_6979****1363
ORD2023130,MERCH009,bank_acct_9696****3727
ORD2016238,MERCH013,v62v9cx@okicici
ORD2045053,MERCH007,g8zdd9z@okaxis
ORD2029510,MERCH009,bank_acct_2223****9859
ORD2024888,MERCH016,cjnnjgv@okaxis
ORD2011966,MERCH012,bank_acct_5472****2699
ORD2055059,MERCH011,m88ja9l@oksbi
ORD2052331,MERCH015,bank_acct_6724****5901
ORD2040393,MERCH012,bank_acct_8401****2200
ORD2005775,MERCH006,ikiltn0@okaxis
ORD2041286,MERCH006,bank_acct_6177****5692
ORD2022749,MERCH011,bank_acct_7409****3421
ORD2038671,MERCH001,mx6cfnn@ybl
ORD2001122,MERCH004,9apleed@okaxis
ORD2039610,MERCH007,ky4qhdc@oksbi
ORD2018450,MERCH019,bank_acct_5813****5085
ORD2029764,MERCH010,gp3o2lm@ybl
ORD2040166,MERCH017,bank_acct_7769****2407
ORD2011763,MERCH018,bank_acct_5803****1439
ORD2041689,MERCH010,bank_acct_5585****3135
ORD2050582,MERCH018,8auhlc0@ybl
ORD2038572,MERCH018,bank_acct_7397****6454
ORD2031879,MERCH006,yyvapci@oksbi
ORD2022846,MERCH013,bank_acct_1019****6051
ORD2047972,MERCH020,y2bvkqk@ybl
ORD2010110,MERCH003,bank_acct_2143****4401
ORD2056956,MERCH007,bank_acct_6638****5699
ORD2026689,MERCH003,pvayiye@oksbi
ORD2002270,MERCH003,shoqwk3@okhdfcbank
ORD2034934,MERCH020,h6w3bnr@okicici
ORD2018339,MERCH013,czyxubr@ybl
ORD2059400,MERCH009,yesfdfe@ybl
ORD2027062,MERCH005,bank_acct_4277****1595
ORD2058932,MERCH011,bank_acct_7940****2438
ORD2007278,MERCH018,ff6yhda@ybl
ORD2025870,MERCH012,bank_acct_7663****8153
ORD2009102,MERCH013,kap106q@ybl
ORD2004905,MERCH005,bank_acct_1102****5381
ORD2050637,MERCH003,vcoedgj@okhdfcbank
ORD2057861,MERCH004,cbl4dgm@okhdfcbank
ORD2031679,MERCH010,bank_acct_7217****7457
ORD2047093,MERCH020,cvbzhr0@okicici
ORD2009564,MERCH019,bank_acct_9547****8278
ORD2022079,MERCH003,bank_acct_6090****2485
ORD2001458,MERCH011,ysokyar@okhdfcbank
ORD2046603,MERCH008,nlyvxzm@ybl
ORD2007252,MERCH015,pdwryjl@ybl
ORD2013638,MERCH002,bank_acct_8392****4913
ORD2047321,MERCH008,wgl8u6q@okhdfcbank
ORD2028247,MERCH018,6vdkuml@okicici
ORD2027877,MERCH005,bank_acct_8984****9312
ORD2036042,MERCH009,4dic4iv@oksbi
ORD2004310,MERCH001,rm8fmin@oksbi
ORD2002561,MERCH016,z9gjsy5@ybl
ORD2007189,MERCH008,bank_acct_7119****4821
ORD2016390,MERCH008,bank_acct_7747****4000
ORD2041018,MERCH008,zffv5qd@okhdfcbank
ORD2047871,MERCH008,bank_acct_3980****9564
ORD2029696,MERCH015,xugcuio@okhdfcbank
ORD2053522,MERCH007,bank_acct_8085****9296
ORD2039644,MERCH005,bank_acct_4533****2260
ORD2008910,MERCH001,bank_acct_1486****8791
ORD2013581,MERCH010,jheiwro@oksbi
ORD2028547,MERCH008,xmnypki@oksbi
ORD2045319,MERCH001,bank_acct_3919****4776
ORD2057484,MERCH020,pdujxck@oksbi
ORD2056198,MERCH016,bank_acct_3244****0889
ORD2048288,MERCH015,bank_acct_2982****8481
ORD2043111,MERCH014,bank_acct_4520****4061
ORD2052375,MERCH018,s8o2deb@oksbi
ORD2055761,MERCH018,6spyb08@okhdfcbank
ORD2029632,MERCH019,cgvmsde@okicici
ORD2037174,MERCH007,juinybx@okaxis
ORD2000553,MERCH014,bank_acct_0143****4264
ORD2055822,MERCH008,ftdx31l@okicici
ORD2016311,MERCH019,9g3cbve@ybl
ORD2027537,MERCH013,bank_acct_4626****6092
ORD2021973,MERCH009,bank_acct_0523****7508
ORD2045086,MERCH012,bank_acct_4306****9950
ORD2015541,MERCH009,bank_acct_5764****2684
ORD2020414,MERCH014,i509oau@okicici
ORD2037510,MERCH012,bank_acct_4592****6392
ORD2040595,MERCH012,bank_acct_5402****1701
ORD2023831,MERCH008,5xfa3dq@okaxis
ORD2017871,MERCH011,vsacfzi@okaxis
ORD2032902,MERCH018,bank_acct_8304****7449
ORD2042411,MERCH012,bank_acct_0256****3450
ORD2012249,MERCH005,kdxvrid@okicici
ORD2024908,MERCH011,bank_acct_2700****4502
ORD2008816,MERCH008,8ckgzgd@okicici
ORD2031262,MERCH018,hxbnmcw@okicici
ORD2011528,MERCH019,bank_acct_1106****4301
ORD2001225,MERCH005,8ljyyq8@okicici
ORD2040231,MERCH004,bank_acct_3106****2322
ORD2016356,MERCH017,bank_acct_2802****2677
ORD2014495,MERCH016,ystv0cf@ybl
ORD2033443,MERCH018,bank_acct_2011****5010
ORD2012349,MERCH011,wjgepyk@oksbi
ORD2040561,MERCH004,bank_acct_1028****2853
ORD2053331,MERCH001,otxrntz@oksbi
ORD2017104,MERCH012,bank_acct_4952****1253
ORD2029884,MERCH018,bank_acct_9342****6461
ORD2040836,MERCH008,bank_acct_3308****2858
ORD2059929,MERCH015,0khqsyo@okicici
ORD2027876,MERCH009,bank_acct_4198****5997
ORD2054948,MERCH019,bank_acct_3749****2299
ORD2053190,MERCH002,bank_acct_9855****5504
ORD2008453,MERCH015,bank_acct_0755****4996
ORD2039990,MERCH020,kpn22yk@oksbi
ORD2046138,MERCH015,bank_acct_0021****7573
ORD2030428,MERCH016,bank_acct_4814****6788
ORD2059899,MERCH019,bank_acct_6712****4254
ORD2042237,MERCH014,bank_acct_9715****9307
ORD2019497,MERCH003,bank_acct_3752****6475
ORD2035792,MERCH006,bank_acct_7578****2385
ORD2055251,MERCH001,bank_acct_3889****5993
ORD2040186,MERCH018,sdjkcoo@okaxis
ORD2034687,MERCH015,dogrvna@okicici
ORD2049193,MERCH018,bank_acct_8630****8899
ORD2047434,MERCH002,xoghxct@okaxis
ORD2002914,MERCH012,yqq0xs9@oksbi
ORD2045226,MERCH009,bank_acct_9696****3727
ORD2056843,MERCH003,rhzdld1@okaxis
ORD2051059,MERCH012,bank_acct_2780****5536
ORD2058844,MERCH003,5jtxl5y@okaxis
ORD2037542,MERCH009,bank_acct_1476****4873
ORD2023980,MERCH019,bank_acct_2468****4032
ORD2013418,MERCH009,3u6wpsr@oksbi
ORD2035930,MERCH001,bank_acct_0088****9446
ORD2040960,MERCH020,ykcozbi@okhdfcbank
ORD2029463,MERCH007,bank_acct_9696****3727
ORD2016466,MERCH005,zrrczvy@okhdfcbank
ORD2025729,MERCH013,bank_acct_4898****2080
ORD2025075,MERCH007,pjpuzhv@oksbi
ORD2033541,MERCH015,b9qjfhx@ybl
ORD2040620,MERCH010,ceyffmp@okicici
ORD2013770,MERCH018,rb2hmaa@ybl
ORD2051901,MERCH010,bank_acct_7204****3293
ORD2041085,MERCH011,6n5nkaz@ybl
ORD2025225,MERCH008,dukhndy@okhdfcbank
ORD2014324,MERCH019,bank_acct_0876****8324
ORD2033012,MERCH017,bank_acct_7784****6633
ORD2019951,MERCH014,bank_acct_8270****8454
ORD2055117,MERCH005,bank_acct_8914****4564
ORD2009791,MERCH018,bank_acct_7444****3215
ORD2044461,MERCH019,bank_acct_3943****0016
ORD2027097,MERCH011,n6f6ebt@okaxis
ORD2047006,MERCH001,bank_acct_4449****2292
ORD2018818,MERCH020,u9qtxcq@okhdfcbank
ORD2003152,MERCH002,bank_acct_1488****2344
ORD2038191,MERCH012,bank_acct_9647****1414
ORD2052531,MERCH019,bank_acct_1797****0061
ORD2028507,MERCH004,bank_acct_5797****9593
ORD2015785,MERCH003,bank_acct_4627****9504
ORD2031635,MERCH020,bank_acct_9322****3775
ORD2004895,MERCH003,bank_acct_1947****1522
ORD2008025,MERCH017,bank_acct_2660****5777
ORD2040196,MERCH014,bank_acct_1080****1569
ORD2056862,MERCH006,epxpvff@okaxis
ORD2046159,MERCH007,s5iimht@ybl
ORD2049103,MERCH008,bank_acct_8077****3172
ORD2021133,MERCH020,2ksaxcz@oksbi
ORD2035980,MERCH006,bank_acct_3527****5251
ORD2027453,MERCH006,codds2v@okhdfcbank
ORD2031718,MERCH001,bank_acct_5143****8526
ORD2057577,MERCH016,ythbibo@okhdfcbank
ORD2056235,MERCH004,p77ht5h@ybl
ORD2044470,MERCH011,bank_acct_7257****4347
ORD2009677,MERCH003,bank_acct_6982****9849
ORD2032334,MERCH004,3t03csc@okhdfcbank
ORD2059963,MERCH019,zqrtha3@okhdfcbank
ORD2041028,MERCH013,7f3s0oq@okhdfcbank
ORD2034265,MERCH014,bank_acct_4741****2212
ORD2005648,MERCH014,bvguo68@oksbi
ORD2027417,MERCH016,bank_acct_2599****0559
ORD2009217,MERCH005,bank_acct_3335****6271
ORD2033931,MERCH011,hj8fjtv@okaxis
ORD2035007,MERCH006,bank_acct_5764****3875
ORD2010449,MERCH004,o41olcb@okaxis
ORD2033728,MERCH010,bwpwpdy@okaxis
ORD2040055,MERCH012,vgwg6ed@oksbi
ORD2056816,MERCH006,bank_acct_4056****1215
ORD2053650,MERCH014,bank_acct_5376****3050
ORD2027673,MERCH009,uwjqkep@okicici
ORD2024840,MERCH016,bank_acct_4270****7964
ORD2023339,MERCH003,kakrsnd@oksbi
ORD2019703,MERCH006,yvq59dp@oksbi
ORD2037563,MERCH009,hgpyeyu@ybl
ORD2004650,MERCH013,bank_acct_1317****0577
ORD2027060,MERCH007,amfijdr@okhdfcbank
ORD2024738,MERCH008,bank_acct_9121****8455
ORD2040199,MERCH012,bank_acct_0256****3450
ORD2028172,MERCH011,bank_acct_5576****5143
ORD2048748,MERCH015,svfdzmm@ybl
ORD2046006,MERCH004,sdixjds@okicici
ORD2002309,MERCH017,bank_acct_0762****5841
ORD2000308,MERCH009,bank_acct_3053****8126
ORD2052735,MERCH001,bank_acct_0408****0383
ORD2059888,MERCH020,bank_acct_0357****4509
ORD2053593,MERCH002,bank_acct_7114****4689
ORD2012101,MERCH018,bank_acct_0343****3043
ORD2001534,MERCH002,lo1yp6q@okhdfcbank
ORD2000305,MERCH012,mdjyhre@okicici
ORD2012269,MERCH003,3t03csc@okhdfcbank
ORD2025662,MERCH001,bank_acct_2406****1872
ORD2038415,MERCH017,bank_acct_4002****4083
ORD2007726,MERCH001,r9ucba5@ybl
ORD2019892,MERCH001,a64gokg@okicici
ORD2010166,MERCH011,bank_acct_9819****4798
ORD2030382,MERCH013,bank_acct_9806****7194
ORD2041725,MERCH010,371hlht@okaxis
ORD2044741,MERCH001,bank_acct_0690****9100
ORD2019845,MERCH019,bank_acct_8485****5709
ORD2054922,MERCH019,bank_acct_9030****3434
ORD2057488,MERCH012,bank_acct_9537****8481
ORD2053426,MERCH003,03c7jbi@oksbi
ORD2054389,MERCH006,bank_acct_8449****2192
ORD2031056,MERCH007,ajelhsf@okicici
ORD2022132,MERCH020,bank_acct_3541****2398
ORD2048654,MERCH016,xuzyme1@okaxis
ORD2055904,MERCH006,lndgdmi@okaxis
ORD2030628,MERCH018,bank_acct_1838****4639
ORD2037677,MERCH007,ijwxvyh@ybl
ORD2025243,MERCH012,oxpwuem@ybl
ORD2047268,MERCH004,bank_acct_5531****2212
ORD2039787,MERCH005,hjea5mu@ybl
ORD2047851,MERCH003,euykdp3@okaxis
ORD2026601,MERCH019,gjn7omc@okhdfcbank
ORD2001351,MERCH006,dbqnklt@okaxis
ORD2016832,MERCH015,bank_acct_3518****4563
ORD2055544,MERCH006,bank_acct_0453****0103
ORD2013945,MERCH017,6u3beb9@oksbi
ORD2014133,MERCH005,bank_acct_6548****4354
ORD2025728,MERCH015,bank_acct_8293****2822
ORD2030060,MERCH001,bank_acct_6809****1048
ORD2055279,MERCH020,xyvqh57@ybl
ORD2016517,MERCH002,bank_acct_0374****4036
ORD2048218,MERCH018,bank_acct_5852****5330
ORD2025276,MERCH004,bank_acct_5680****1088
ORD2015739,MERCH010,i9qhvpo@okhdfcbank
ORD2030169,MERCH010,bank_acct_0205****5834
ORD2017305,MERCH004,bank_acct_7435****3479
ORD2039738,MERCH012,bank_acct_0651****6716
ORD2056114,MERCH006,bank_acct_7072****6247
ORD2023274,MERCH019,jcefy31@ybl
ORD2032053,MERCH017,bank_acct_0219****6668
ORD2027944,MERCH006,bank_acct_1158****9803
ORD2054120,MERCH004,bank_acct_0920****1423
ORD2054324,MERCH016,w7mkvng@oksbi
ORD2019343,MERCH007,bank_acct_9558****7439
ORD2031321,MERCH020,bank_acct_6990****1997
ORD2014519,MERCH005,bank_acct_6674****5357
ORD2018824,MERCH020,bwpxxvl@ybl
ORD2003502,MERCH011,bank_acct_4791****9283
ORD2020109,MERCH015,sjv40hs@ybl
ORD2010635,MERCH018,bank_acct_6061****2725
ORD2031846,MERCH013,qo4ev31@ybl
ORD2055355,MERCH015,zj2bh4s@okaxis
ORD2012846,MERCH004,bank_acct_7506****4442
ORD2045429,MERCH018,3rvuzyb@okicici
ORD2025831,MERCH003,bank_acct_3241****8011
ORD2015456,MERCH011,bank_acct_6363****4862
ORD2053834,MERCH008,bank_acct_1510****4885
ORD2002066,MERCH012,bank_acct_9223****6445
ORD2040275,MERCH005,bank_acct_8516****4743
ORD2027702,MERCH008,0vobvkb@oksbi
ORD2059001,MERCH016,bank_acct_2047****3532
ORD2008419,MERCH007,bank_acct_1355****7701
ORD2037503,MERCH013,hfqprtc@okicici
ORD2030006,MERCH002,bank_acct_5769****7337
ORD2046208,MERCH012,bank_acct_9813****5117
ORD2057511,MERCH002,bank_acct_8048****2852
ORD2051128,MERCH016,uruggs1@ybl
ORD2006348,MERCH019,nbesalj@ybl
ORD2058841,MERCH004,bank_acct_3448****2210
ORD2027612,MERCH017,4o2unkr@oksbi
ORD2027884,MERCH003,uarhxro@okhdfcbank
ORD2018383,MERCH011,bank_acct_6267****6741
ORD2011848,MERCH017,bank_acct_4507****3343
ORD2052905,MERCH019,bank_acct_6307****2144
ORD2053873,MERCH019,1d4cbbb@okhdfcbank
ORD2007912,MERCH018,hofdctj@okaxis
ORD2001395,MERCH017,ws4ciky@okicici
ORD2040493,MERCH014,bvguo68@oksbi
ORD2029768,MERCH007,xwprirm@okicici
ORD2015369,MERCH010,vyr0hla@okhdfcbank
ORD2016543,MERCH011,bank_acct_3420****2246
ORD2035203,MERCH005,hjvn8ih@okicici
ORD2017449,MERCH015,jxa3wvg@okicici
ORD2022280,MERCH007,bank_acct_0326****4735
ORD2028967,MERCH010,d6wqbvo@okaxis
ORD2053422,MERCH014,bank_acct_1796****6067
ORD2001823,MERCH013,ffwmkt4@ybl
ORD2057035,MERCH014,bank_acct_0099****3910
ORD2013697,MERCH013,7utagmy@okaxis
ORD2035390,MERCH003,ipzqwdp@okhdfcbank
ORD2059269,MERCH016,bank_acct_3452****0446
ORD2030703,MERCH019,bank_acct_5315****3249
ORD2003837,MERCH004,bank_acct_9223****6393
ORD2030407,MERCH011,bank_acct_2790****2269
ORD2036879,MERCH018,bank_acct_7121****2825
ORD2020544,MERCH007,bank_acct_9696****3727
ORD2051880,MERCH010,bank_acct_5181****7411
ORD2004825,MERCH016,cg5favl@okicici
ORD2041858,MERCH010,oekqai6@ybl
ORD2038197,MERCH002,bank_acct_8886****0694
ORD2000173,MERCH017,bank_acct_8938****9983
ORD2022471,MERCH002,sghrbr2@okicici
ORD2047908,MERCH003,mkdbk6n@okhdfcbank
ORD2042594,MERCH010,bank_acct_0479****5598
ORD2040214,MERCH019,bank_acct_7050****5371
ORD2035387,MERCH019,aicvuer@okicici
ORD2050730,MERCH018,bank_acct_2830****3033
ORD2050673,MERCH006,aicdewl@oksbi
ORD2016227,MERCH011,bank_acct_1203****1061
ORD2010539,MERCH002,bank_acct_4108****8375
ORD2028034,MERCH018,dqudlxx@okhdfcbank
ORD2048192,MERCH001,vox0lqo@oksbi
ORD2051234,MERCH002,dkitmpw@okicici
ORD2049772,MERCH010,rr5e53f@okhdfcbank
ORD2030200,MERCH013,8xckl2d@ybl
ORD2059461,MERCH007,kyotqfa@okhdfcbank
ORD2034613,MERCH012,x8gub5u@ybl
ORD2030893,MERCH018,bank_acct_3461****4440
ORD2028301,MERCH002,5n5tkii@oksbi
ORD2033395,MERCH014,vmjul6h@okhdfcbank
ORD2014596,MERCH017,bank_acct_2307****0272
ORD2005907,MERCH017,bank_acct_9943****6053
ORD2000506,MERCH006,0qi8vwd@okicici
ORD2045564,MERCH017,dff4m6i@okicici
ORD2023331,MERCH012,xsxp33d@okicici
ORD2053847,MERCH002,mvoa65t@okhdfcbank
ORD2045322,MERCH007,gf2eltq@ybl
ORD2028793,MERCH004,3t03csc@okhdfcbank
ORD2053298,MERCH006,bank_acct_8139****5972
ORD2007067,MERCH008,bank_acct_3178****8019
ORD2042234,MERCH011,aol9mmp@oksbi
ORD2035871,MERCH003,jdafdfz@ybl
ORD2046836,MERCH007,uyycvjs@okicici
ORD2007546,MERCH016,b7tpiql@ybl
ORD2001076,MERCH007,hp8f0uo@okicici
ORD2037236,MERCH019,ddbssbe@okicici
ORD2000733,MERCH020,skgshli@okhdfcbank
ORD2012515,MERCH001,zdqfmi2@ybl
ORD2059183,MERCH002,bank_acct_9353****1324
ORD2044538,MERCH013,bank_acct_3455****0237
ORD2046353,MERCH007,bank_acct_3737****0800
ORD2009494,MERCH004,bank_acct_0809****3409
ORD2055995,MERCH010,bank_acct_2296****2538
ORD2035402,MERCH001,xxogyp9@okaxis
ORD2017889,MERCH008,uutzrtd@okicici
ORD2038474,MERCH011,bank_acct_5227****1685
ORD2015954,MERCH006,epfdp3y@okaxis
ORD2028920,MERCH013,bank_acct_2074****3682
ORD2004105,MERCH008,bank_acct_0311****1342
ORD2037879,MERCH012,dzinvrx@okaxis
ORD2049838,MERCH013,rsepx3q@ybl
ORD2028414,MERCH002,bank_acct_6498****4527
ORD2037001,MERCH005,bank_acct_6962****5564
ORD2056056,MERCH005,zdposmd@okhdfcbank
ORD2002454,MERCH020,e9d6liy@okhdfcbank
ORD2028938,MERCH008,vb2hcmj@okhdfcbank
ORD2000902,MERCH020,bank_acct_8813****0960
ORD2056184,MERCH009,40y3qpy@oksbi
ORD2041621,MERCH014,xwtp2dt@oksbi
ORD2024206,MERCH019,bank_acct_5581****6608
ORD2002057,MERCH010,qr9x9wo@ybl
ORD2057919,MERCH018,mkdbk6n@okhdfcbank
ORD2029988,MERCH014,w33phsl@okicici
ORD2015591,MERCH001,bank_acct_5717****8439
ORD2028653,MERCH014,ppla7po@oksbi
ORD2040297,MERCH014,bank_acct_8344****1034
ORD2033694,MERCH013,bank_acct_2025****4452
ORD2009395,MERCH009,bank_acct_6284****4188
ORD2040980,MERCH007,bank_acct_0487****6982
ORD2011896,MERCH016,bank_acct_7678****0179
ORD2026599,MERCH009,bank_acct_1697****2676
ORD2024305,MERCH020,bank_acct_5992****1428
ORD2024285,MERCH001,bank_acct_0212****4723
ORD2048238,MERCH013,bank_acct_5407****7279
ORD2022643,MERCH002,bank_acct_7507****3517
ORD2037118,MERCH015,jlbb1zx@okicici
ORD2035167,MERCH019,bank_acct_7453****6752
ORD2001819,MERCH003,bank_acct_3659****4208
ORD2036567,MERCH004,bank_acct_9111****1507
ORD2017944,MERCH004,bank_acct_6607****2489
ORD2015020,MERCH006,aluzdoo@okicici
ORD2013249,MERCH016,bank_acct_5970****5587
ORD2039717,MERCH003,bank_acct_2684****5671
ORD2006846,MERCH006,bank_acct_2888****4810
ORD2006399,MERCH018,7oueqs7@okaxis
ORD2059434,MERCH011,bank_acct_7691****2853
ORD2020089,MERCH006,lvc0wjy@ybl
ORD2055617,MERCH009,bank_acct_1375****0388
ORD2058603,MERCH013,neredmh@okicici
ORD2035261,MERCH010,nc7vdet@okaxis
ORD2017475,MERCH018,bank_acct_2725****0421
ORD2057432,MERCH010,n0we7aq@okicici
ORD2027118,MERCH010,bank_acct_6983****3465
ORD2025244,MERCH019,bank_acct_3056****4390
ORD2055095,MERCH009,vyta2ky@okicici
ORD2052514,MERCH004,bcwgtct@ybl
ORD2055257,MERCH004,2urdfpr@oksbi
ORD2050109,MERCH013,xyegndk@okicici
ORD2036203,MERCH006,bank_acct_6008****0880
ORD2035019,MERCH003,bank_acct_2780****5431
ORD2017063,MERCH018,ryiikhl@okaxis
ORD2006199,MERCH016,aiwtqfx@ybl
ORD2003743,MERCH007,lldyrzb@okhdfcbank
ORD2036956,MERCH005,oq52vuz@oksbi
ORD2020921,MERCH017,t4jypsl@okhdfcbank
ORD2046566,MERCH002,bank_acct_9249****7869
ORD2016340,MERCH007,bank_acct_9696****3727
ORD2044756,MERCH004,widk6za@oksbi
ORD2016555,MERCH004,bank_acct_6692****3518
ORD2033342,MERCH008,bank_acct_8800****6013
ORD2021471,MERCH002,5s0zxxh@oksbi
ORD2015887,MERCH013,ulkmnsl@okaxis
ORD2016314,MERCH006,bank_acct_7639****5742
ORD2028451,MERCH012,bank_acct_2337****9067
ORD2053478,MERCH008,bank_acct_6148****9663
ORD2013927,MERCH014,63xpcu2@okaxis
ORD2053554,MERCH020,bank_acct_6933****6944
ORD2046714,MERCH012,ddqqtsg@oksbi
ORD2045207,MERCH015,bank_acct_7724****1673
ORD2003295,MERCH005,bank_acct_4057****9116
ORD2022719,MERCH019,bank_acct_6254****4968
ORD2017504,MERCH017,q7qfgta@okaxis
ORD2004166,MERCH007,43omey2@oksbi
ORD2020408,MERCH007,xg8ktzm@oksbi
ORD2002643,MERCH008,sdmemmq@oksbi
ORD2042293,MERCH002,wnmct3c@okaxis
ORD2039630,MERCH018,bank_acct_0558****1523
ORD2020891,MERCH005,x7blkz0@ybl
ORD2034499,MERCH011,iod22ki@oksbi
ORD2026212,MERCH009,bank_acct_6219****2603
ORD2040670,MERCH006,bank_acct_7413****4300
ORD2027137,MERCH012,0xfeejl@okicici
ORD2020013,MERCH015,kswliwu@okhdfcbank
ORD2018813,MERCH007,bank_acct_0354****6106
ORD2047686,MERCH002,bank_acct_7879****7665
ORD2058784,MERCH013,bank_acct_4890****3605
ORD2023293,MERCH013,bank_acct_4128****2050
ORD2047779,MERCH005,rkkr7fy@ybl
ORD2041259,MERCH010,lph0swi@okaxis
ORD2055711,MERCH017,nifz5yg@okicici
ORD2016047,MERCH003,bank_acct_5916****6425
ORD2012342,MERCH008,ggjwoz0@ybl
ORD2008300,MERCH006,bank_acct_8713****9576
ORD2059973,MERCH007,bank_acct_7577****6496
ORD2020171,MERCH011,bank_acct_6390****6775
ORD2017369,MERCH015,q3qh0qe@ybl
ORD2008757,MERCH001,ihfpzhk@okhdfcbank
ORD2004890,MERCH015,hdd68l4@okicici
ORD2024323,MERCH003,bank_acct_7643****0928
ORD2046607,MERCH008,ypkf2e1@ybl
ORD2015788,MERCH020,nf56tnk@okhdfcbank
ORD2040542,MERCH017,bank_acct_3685****3614
ORD2057660,MERCH010,bank_acct_2765****4884
ORD2015196,MERCH018,wvvctgm@ybl
ORD2017058,MERCH006,bank_acct_9019****2164
ORD2009575,MERCH005,lnlonlq@okaxis
ORD2003807,MERCH018,bank_acct_5189****7051
ORD2009829,MERCH011,bank_acct_9838****9343
ORD2008972,MERCH002,wy5vnkv@okicici
ORD2036700,MERCH004,yf3fzrr@okicici
ORD2043854,MERCH003,bank_acct_7762****0113
ORD2027565,MERCH014,rydarcg@oksbi
ORD2000668,MERCH017,04jyzgx@ybl
ORD2047274,MERCH018,bank_acct_2122****8712
ORD2018029,MERCH001,vwnlzai@okicici
ORD2004972,MERCH020,bank_acct_0235****0291
ORD2028772,MERCH006,q61plnk@oksbi
ORD2051641,MERCH011,bank_acct_4284****6224
ORD2019177,MERCH012,bank_acct_0256****3450
ORD2037495,MERCH005,j2c2lkj@oksbi
ORD2003955,MERCH005,1ygjobg@okhdfcbank
ORD2007885,MERCH008,bank_acct_6543****1322
ORD2055830,MERCH019,bank_acct_5315****3249
ORD2016851,MERCH001,bank_acct_9124****7365
ORD2019678,MERCH019,bank_acct_4555****1231
ORD2037038,MERCH002,bank_acct_8038****9572
ORD2011629,MERCH013,v1wkvfs@okaxis
ORD2042995,MERCH019,svq2o4w@okicici
ORD2013616,MERCH004,bank_acct_5856****5707
ORD2052998,MERCH008,bank_acct_2990****2379
ORD2024613,MERCH002,hf2jksr@oksbi
ORD2033896,MERCH019,pa0xem2@ybl
ORD2030699,MERCH018,bank_acct_6404****9727
ORD2035933,MERCH003,bs4zhmh@ybl
ORD2001688,MERCH001,qvtrrqj@oksbi
ORD2042223,MERCH016,bank_acct_7891****1024
ORD2009833,MERCH019,bank_acct_6538****9474
ORD2000157,MERCH013,bank_acct_2982****9278
ORD2042668,MERCH010,bank_acct_5763****7361
ORD2047636,MERCH020,bank_acct_0336****6913
ORD2048177,MERCH013,xvyz2za@okaxis
ORD2001560,MERCH015,bank_acct_8117****4389
ORD2045009,MERCH008,gdi1wjv@oksbi
ORD2030800,MERCH016,q5magow@oksbi
ORD2032977,MERCH020,bank_acct_9647****0021
ORD2001369,MERCH009,bank_acct_5598****9123
ORD2026831,MERCH012,fp5i3lb@oksbi
ORD2030868,MERCH015,bank_acct_9203****1227
ORD2010704,MERCH016,fomevxy@okhdfcbank
ORD2015988,MERCH005,otma1bk@okhdfcbank
ORD2040979,MERCH015,bank_acct_9305****3881
ORD2056763,MERCH018,bank_acct_9305****4583
ORD2024630,MERCH012,zhehevp@okicici
ORD2056104,MERCH008,nr089j8@okaxis
ORD2037392,MERCH005,n1of1ch@okhdfcbank
ORD2035185,MERCH010,hb4i2ly@okicici
ORD2020604,MERCH006,ilqlaj6@okhdfcbank
ORD2014935,MERCH013,bank_acct_7374****8182
ORD2046814,MERCH013,bank_acct_8222****3104
ORD2058022,MERCH012,hao8kbk@okaxis
ORD2015870,MERCH001,bank_acct_8561****1462
ORD2022104,MERCH014,l8urafw@okhdfcbank
ORD2016411,MERCH010,cq9ucwd@oksbi
ORD2051599,MERCH005,bank_acct_1537****6881
ORD2054666,MERCH002,bank_acct_3947****6049
ORD2020738,MERCH015,afidriw@okhdfcbank
ORD2040984,MERCH014,l0y6so6@ybl
ORD2038828,MERCH018,bank_acct_4187****9787
ORD2027180,MERCH008,bank_acct_7551****1421
ORD2018926,MERCH013,bvguo68@oksbi
ORD2039710,MERCH012,sm3zhyz@oksbi
ORD2040230,MERCH007,bank_acct_0237****9453
ORD2034264,MERCH013,xo2wmzu@ybl
ORD2028889,MERCH014,ht3dhx7@okaxis
ORD2018821,MERCH014,bank_acct_4914****9878
ORD2026032,MERCH015,5f00ujk@okhdfcbank
ORD2058796,MERCH015,bank_acct_9561****1940
ORD2045190,MERCH015,wj5k8ya@oksbi
ORD2013637,MERCH013,ui1ftd8@okaxis
ORD2006600,MERCH015,grerusm@ybl
ORD2031033,MERCH012,cajzdsw@okicici
ORD2033059,MERCH011,bank_acct_9609****8839
ORD2003205,MERCH011,bank_acct_3102****7681
ORD2048955,MERCH013,bank_acct_7644****0000
ORD2053994,MERCH005,xkade7f@okaxis
ORD2031681,MERCH017,bank_acct_5709****1259
ORD2047101,MERCH007,h8kygv2@oksbi
ORD2051494,MERCH010,bank_acct_8224****6318
ORD2007801,MERCH007,bank_acct_5185****9608
ORD2036327,MERCH019,bank_acct_7255****2858
ORD2049479,MERCH007,qdgkpvv@okhdfcbank
ORD2028409,MERCH020,hb2gcl1@okaxis
ORD2044037,MERCH012,bank_acct_8550****5134
ORD2026711,MERCH015,oticj7v@oksbi
ORD2054453,MERCH018,xv0pdpg@ybl
ORD2015199,MERCH014,zqwghtv@okaxis
ORD2029577,MERCH011,bank_acct_0256****3450
ORD2015775,MERCH007,bank_acct_1716****7703
ORD2059264,MERCH013,bank_acct_1619****6768
ORD2019409,MERCH005,isbbzwy@okaxis
ORD2053901,MERCH016,bheqazl@oksbi
ORD2002059,MERCH005,3t03csc@okhdfcbank
ORD2019576,MERCH015,bank_acct_3828****2815
ORD2050245,MERCH010,bank_acct_0687****1224
ORD2052591,MERCH020,zmutzcg@okicici
ORD2020662,MERCH014,bank_acct_0166****4424
ORD2005929,MERCH002,fdyrbz2@okicici
ORD2053374,MERCH007,bank_acct_1969****2131
ORD2035419,MERCH007,bank_acct_2006****4984
ORD2057130,MERCH011,bank_acct_1262****6915
ORD2025316,MERCH018,ybtskiu@okaxis
ORD2040567,MERCH006,bank_acct_4137****4867
ORD2002106,MERCH013,bank_acct_2735****9160
ORD2017568,MERCH017,hlxekkn@oksbi
ORD2018449,MERCH014,bank_acct_5410****6493
ORD2023889,MERCH006,bank_acct_6278****3763
ORD2039262,MERCH015,7owevn2@okhdfcbank
ORD2000855,MERCH001,bank_acct_1897****6773
ORD2029231,MERCH007,3lp4dkn@oksbi
ORD2014500,MERCH014,bvguo68@oksbi
ORD2054163,MERCH006,bank_acct_1009****7363
ORD2023953,MERCH009,serswe8@okaxis
ORD2019673,MERCH019,bank_acct_4329****8229
ORD2054364,MERCH005,bank_acct_4145****9406
ORD2055364,MERCH013,bank_acct_4588****1884
ORD2018864,MERCH019,plcxrkj@okicici
ORD2021938,MERCH007,dlrl8kn@okaxis
ORD2041513,MERCH005,bank_acct_1143****9003
ORD2056285,MERCH014,bank_acct_0135****7426
ORD2008843,MERCH011,befhmhy@okhdfcbank
ORD2010387,MERCH015,pxsbaoe@okicici
ORD2032774,MERCH008,bank_acct_4870****1103
ORD2040242,MERCH005,avmcr1s@okaxis
ORD2029828,MERCH016,66ragio@oksbi
ORD2059433,MERCH011,bank_acct_1429****2896
ORD2032233,MERCH020,bank_acct_9356****2501
ORD2019722,MERCH014,vcoedgj@okhdfcbank
ORD2004955,MERCH004,bank_acct_8863****6641
ORD2015177,MERCH003,4opaf12@ybl
ORD2049081,MERCH003,bank_acct_3601****6203
ORD2047965,MERCH001,bank_acct_5240****6284
ORD2052451,MERCH001,bank_acct_3231****0019
ORD2023716,MERCH002,bank_acct_3601****6856
ORD2047106,MERCH011,vzihpu0@okicici
ORD2010516,MERCH003,ivy8m3o@okicici
ORD2036247,MERCH011,bank_acct_0189****9399
ORD2058391,MERCH012,tnbwjnj@oksbi
ORD2024600,MERCH008,mkdbk6n@okhdfcbank
ORD2021379,MERCH007,bank_acct_3632****0411
ORD2002773,MERCH010,tw3t1sc@okaxis
ORD2011436,MERCH003,holjzlb@okicici
ORD2027598,MERCH012,bank_acct_7502****1059
ORD2013054,MERCH020,bank_acct_4551****4643
ORD2009319,MERCH011,bovtbih@oksbi
ORD2014070,MERCH019,ee54ogd@oksbi
ORD2049099,MERCH015,bank_acct_2886****7929
ORD2032750,MERCH016,bank_acct_0977****5425
ORD2019921,MERCH011,fdgjq1r@ybl
ORD2051562,MERCH006,bank_acct_4406****2335
ORD2040368,MERCH010,tam83bu@okhdfcbank
ORD2053272,MERCH010,vrlv81g@oksbi
ORD2034646,MERCH004,tcozcu1@okaxis
ORD2007853,MERCH018,s0muuer@ybl
ORD2032469,MERCH011,ftdx31l@okicici
ORD2045909,MERCH006,bank_acct_6486****0893
ORD2006678,MERCH014,yzddneb@okicici
ORD2005876,MERCH004,bank_acct_0757****8002
ORD2030287,MERCH018,5ja2yia@okicici
ORD2056037,MERCH020,bank_acct_3452****1507
ORD2045651,MERCH014,lddrxex@okaxis
ORD2008310,MERCH006,bank_acct_6551****0274
ORD2004066,MERCH018,bank_acct_5945****4959
ORD2059978,MERCH013,bank_acct_1986****8076
ORD2010282,MERCH009,lk8rjk8@okhdfcbank
ORD2046345,MERCH008,a36gr5x@okhdfcbank
ORD2017116,MERCH004,bank_acct_2530****5505
ORD2050930,MERCH005,bank_acct_8342****4433
ORD2044246,MERCH015,suuopzd@oksbi
ORD2026860,MERCH004,sgjwlrt@ybl
ORD2003890,MERCH002,bank_acct_7448****5353
ORD2059327,MERCH005,mgwpn0m@ybl
ORD2007394,MERCH013,bank_acct_2169****3004
ORD2007121,MERCH016,bunbrv1@oksbi
ORD2009698,MERCH013,bank_acct_5836****8915
ORD2027824,MERCH009,bank_acct_9696****3727
ORD2023998,MERCH001,bank_acct_1544****8994
ORD2044476,MERCH019,bank_acct_2547****8927
ORD2048236,MERCH012,hjsvkwv@oksbi
ORD2054717,MERCH015,nil8xer@ybl
ORD2057735,MERCH019,bank_acct_9989****7387
ORD2016928,MERCH019,qq2uzfg@ybl
ORD2040827,MERCH006,owqx0xh@okicici
ORD2001045,MERCH015,bank_acct_0117****0410
ORD2024427,MERCH001,yrvfedd@okaxis
ORD2030282,MERCH016,kkc9hpr@okaxis
ORD2042368,MERCH019,kblw8qz@okhdfcbank
ORD2000275,MERCH012,v5qfiag@okhdfcbank
ORD2052870,MERCH011,epkoirt@okaxis
ORD2057080,MERCH003,bank_acct_3053****2453
ORD2054141,MERCH012,bank_acct_8535****8454
ORD2009973,MERCH003,bank_acct_6562****7414
ORD2055745,MERCH006,dlkk1js@okaxis
ORD2011575,MERCH005,bank_acct_9174****5237
ORD2036302,MERCH020,bank_acct_4712****9859
ORD2011450,MERCH010,bank_acct_0201****5996
ORD2030270,MERCH011,bank_acct_5227****1685
ORD2059729,MERCH005,bank_acct_4234****5994
ORD2057715,MERCH004,bank_acct_1137****5299
ORD2052156,MERCH007,bank_acct_8918****0041
ORD2016779,MERCH011,fzxfg0l@okicici
ORD2012070,MERCH010,wkzwzh4@okicici
ORD2059856,MERCH003,bank_acct_6158****9940
ORD2027181,MERCH012,vwokd0b@oksbi
ORD2010925,MERCH020,bank_acct_2848****3986
ORD2051375,MERCH016,bank_acct_2981****3952
ORD2038527,MERCH001,yztmh3z@okicici
ORD2022664,MERCH020,bxielfw@ybl
ORD2005464,MERCH019,bank_acct_4962****2964
ORD2058227,MERCH014,bank_acct_9335****0483
ORD2024809,MERCH006,niakjoz@okaxis
ORD2004565,MERCH012,ujic7bv@okaxis
ORD2023245,MERCH009,cnabq79@okicici
ORD2005129,MERCH007,bank_acct_8655****5492
ORD2028749,MERCH017,gxmvwin@okicici
ORD2050751,MERCH009,bank_acct_2443****1273
ORD2039322,MERCH017,bank_acct_1755****7208
ORD2050062,MERCH001,bank_acct_5039****3153
ORD2017114,MERCH016,bank_acct_4721****2112
ORD2052121,MERCH011,bank_acct_6435****7371
ORD2038770,MERCH006,otnfuob@okaxis
ORD2040694,MERCH002,bank_acct_8849****5909
ORD2033119,MERCH008,1cuw1dj@ybl
ORD2021450,MERCH010,aqju2lh@okaxis
ORD2035896,MERCH009,ukxdf2h@oksbi
ORD2024289,MERCH015,bank_acct_4181****3936
ORD2037565,MERCH014,bank_acct_4344****5080
ORD2006387,MERCH011,bank_acct_3395****6703
ORD2051099,MERCH002,bank_acct_0621****6101
ORD2048484,MERCH009,bank_acct_8720****2889
ORD2047010,MERCH015,bank_acct_5861****0170
ORD2004153,MERCH003,ijeh4ju@okaxis
ORD2052465,MERCH011,o7bhwin@ybl
ORD2043754,MERCH018,bank_acct_9015****6031
ORD2024070,MERCH002,bank_acct_1863****8854
ORD2037698,MERCH019,bank_acct_7453****6752
ORD2027088,MERCH019,bank_acct_9614****4462
ORD2012232,MERCH001,bank_acct_7814****9508
ORD2014736,MERCH010,bank_acct_3320****1301
ORD2042631,MERCH013,bank_acct_8339****9697
ORD2003606,MERCH007,bank_acct_2843****9248
ORD2020553,MERCH016,mwyiulv@okicici
ORD2028712,MERCH013,bank_acct_4586****5897
ORD2059085,MERCH013,2dvuo8s@oksbi
ORD2017077,MERCH002,wyjp2xh@ybl
ORD2027424,MERCH014,bank_acct_8017****6034
ORD2013790,MERCH014,bank_acct_8017****6034
ORD2026882,MERCH011,4p0w71n@ybl
ORD2024448,MERCH012,bank_acct_5577****1470
ORD2033704,MERCH017,bank_acct_9705****6377
ORD2029169,MERCH014,x9u6h0r@ybl
ORD2035006,MERCH014,bank_acct_4729****6219
ORD2053295,MERCH011,6e3m4vk@oksbi
ORD2040381,MERCH005,nou9dki@oksbi
ORD2006676,MERCH012,1z161hm@okhdfcbank
ORD2053978,MERCH009,hq8ggvr@okhdfcbank
ORD2025667,MERCH018,bank_acct_1098****9166
ORD2022653,MERCH007,zjphocq@ybl
ORD2040928,MERCH016,asvmxlq@ybl
ORD2024687,MERCH010,bxb4lov@okhdfcbank
ORD2033330,MERCH009,wyio3zj@oksbi
ORD2038861,MERCH003,qpxpnfh@oksbi
ORD2007123,MERCH003,vcoedgj@okhdfcbank
ORD2006330,MERCH014,vcoedgj@okhdfcbank
ORD2005858,MERCH011,cxfbtc6@okicici
ORD2037076,MERCH017,ynzwpsm@okhdfcbank
ORD2053414,MERCH004,bank_acct_8635****6469
ORD2018630,MERCH001,tqqjddw@okaxis
ORD2003873,MERCH005,bank_acct_4498****1621
ORD2045888,MERCH004,0aqrbhs@oksbi
ORD2041806,MERCH008,bank_acct_1924****5581
ORD2042408,MERCH003,bank_acct_3579****7614
ORD2004665,MERCH006,nveulol@okicici
ORD2016098,MERCH012,bank_acct_4383****4712
ORD2021209,MERCH003,bank_acct_6788****2762
ORD2024954,MERCH005,bank_acct_5229****7388
ORD2017930,MERCH019,i2wq3so@okicici
ORD2051185,MERCH008,bank_acct_4045****4038
ORD2040160,MERCH003,bank_acct_9837****7525
ORD2052903,MERCH003,bank_acct_9014****2940
ORD2018507,MERCH001,keba5uu@okicici
ORD2000459,MERCH002,sdmemmq@oksbi
ORD2014364,MERCH011,bank_acct_1901****9621
ORD2024404,MERCH020,d9giwh9@okhdfcbank
ORD2025132,MERCH003,bank_acct_5343****9552
ORD2032908,MERCH005,kwktrse@okhdfcbank
ORD2046904,MERCH019,dpv8dpm@oksbi
ORD2013042,MERCH015,bank_acct_5476****9312
ORD2017557,MERCH011,bank_acct_7546****5599
ORD2012354,MERCH004,bank_acct_7087****2629
ORD2020130,MERCH020,gipmsyd@ybl
ORD2033348,MERCH004,bank_acct_2159****8665
ORD2052553,MERCH002,bank_acct_4303****4006
ORD2031214,MERCH005,bank_acct_3494****3115
ORD2058217,MERCH007,3ehvovc@okaxis
ORD2049077,MERCH003,qoat1fg@oksbi
ORD2030315,MERCH006,hvnbzay@okhdfcbank
ORD2018882,MERCH003,bank_acct_6129****9542
ORD2010706,MERCH003,bank_acct_2431****5182
ORD2036493,MERCH001,bank_acct_5647****6973
ORD2054499,MERCH006,iqrozy9@okicici
ORD2042034,MERCH007,ol5ved1@oksbi
ORD2009250,MERCH002,oml3w0l@ybl
ORD2042352,MERCH003,bank_acct_5244****9881
ORD2050299,MERCH013,pss751l@oksbi
ORD2038452,MERCH011,bank_acct_4675****6712
ORD2054295,MERCH017,sq57ubl@oksbi
ORD2011384,MERCH007,bank_acct_4522****2792
ORD2050344,MERCH016,r0hmaga@okicici
ORD2045745,MERCH007,uq5ucwz@okhdfcbank
ORD2001680,MERCH016,dnv0yfu@ybl
ORD2005837,MERCH020,awlpewu@okicici
ORD2056011,MERCH006,bank_acct_2192****0560
ORD2001138,MERCH016,bank_acct_8278****0806
ORD2049600,MERCH010,bank_acct_1133****9829
ORD2017317,MERCH019,n7rbo2c@okaxis
ORD2029648,MERCH002,bank_acct_1445****4588
ORD2002469,MERCH015,ntuerok@ybl
ORD2036529,MERCH006,gd4ydmv@okaxis
ORD2038284,MERCH017,bank_acct_2762****5188
ORD2018069,MERCH001,b3ghkxd@okicici
ORD2020202,MERCH003,bank_acct_8419****1841
ORD2009285,MERCH006,bank_acct_3282****0338
ORD2031530,MERCH018,mkdbk6n@okhdfcbank
ORD2051523,MERCH005,rmadwvu@okhdfcbank
ORD2010368,MERCH018,bank_acct_9374****7646
ORD2040165,MERCH019,sozoqff@okhdfcbank
ORD2018047,MERCH007,qzdl4xw@ybl
ORD2014357,MERCH004,7mou8mx@okaxis
ORD2016120,MERCH003,awknmz9@oksbi
ORD2039909,MERCH007,uetngxc@okhdfcbank
ORD2051227,MERCH006,bank_acct_1057****5614
ORD2019782,MERCH011,fye9txd@okicici
ORD2050580,MERCH008,ggflxk9@okhdfcbank
ORD2052887,MERCH006,bank_acct_5676****9812
ORD2041792,MERCH013,aa3t3yo@oksbi
ORD2059279,MERCH019,bank_acct_8726****5924
ORD2037029,MERCH010,bank_acct_9303****6559
ORD2018002,MERCH020,iqcxlm2@okhdfcbank
ORD2022162,MERCH014,bank_acct_1034****5662
ORD2047265,MERCH017,bank_acct_4260****2346
ORD2054960,MERCH010,bank_acct_3716****5988
ORD2031521,MERCH007,adt9mze@oksbi
ORD2033415,MERCH014,papzwwu@okicici
ORD2030914,MERCH009,bank_acct_6403****3581
ORD2001643,MERCH012,6rz64om@okaxis
ORD2047893,MERCH008,fswwxcn@ybl
ORD2037074,MERCH017,bank_acct_2154****1262
ORD2009744,MERCH001,bank_acct_3337****6901
ORD2044273,MERCH009,bank_acct_1803****2805
ORD2011766,MERCH010,bank_acct_8201****4266
ORD2004843,MERCH006,bank_acct_5316****0195
ORD2051274,MERCH003,55rndqg@ybl
ORD2036334,MERCH002,uioawbq@okicici
ORD2044408,MERCH003,h5tq5ny@okicici
ORD2031826,MERCH016,bank_acct_5369****2646
ORD2056957,MERCH012,bank_acct_3497****2162
ORD2049592,MERCH002,g8clfgo@okaxis
ORD2031647,MERCH020,vwyisz9@okhdfcbank
ORD2025312,MERCH014,bank_acct_6391****2283
ORD2028634,MERCH003,bank_acct_6704****2658
ORD2018349,MERCH015,bank_acct_1226****0186
ORD2003076,MERCH001,prp2shp@okhdfcbank
ORD2046708,MERCH003,bank_acct_9386****2161
ORD2043028,MERCH017,bank_acct_0818****3793
ORD2031370,MERCH012,bank_acct_1613****5036
ORD2050595,MERCH020,bank_acct_1811****2225
ORD2001992,MERCH003,ndqbvmt@oksbi
ORD2049478,MERCH019,mj1vrs3@okhdfcbank
ORD2018046,MERCH009,bank_acct_4505****9024
ORD2036208,MERCH011,bank_acct_0236****5511
ORD2010305,MERCH015,bank_acct_0356****1134
ORD2005804,MERCH011,bank_acct_0256****3450
ORD2016124,MERCH012,xwd14m3@okicici
ORD2046066,MERCH016,7lpvg1g@oksbi
ORD2029957,MERCH010,bank_acct_0754****3528
ORD2010866,MERCH016,bank_acct_1955****5155
ORD2023307,MERCH011,kj8v3km@okicici
ORD2001946,MERCH018,bank_acct_5772****7601
ORD2019955,MERCH007,h1udsae@ybl
ORD2031105,MERCH008,bank_acct_9196****3613
ORD2005451,MERCH019,bank_acct_6001****6515
ORD2038310,MERCH006,vdvibo6@okaxis
ORD2016090,MERCH002,bank_acct_0155****0630
ORD2048282,MERCH012,bank_acct_0551****5813
ORD2005449,MERCH014,2gsmelr@ybl
ORD2023329,MERCH003,bank_acct_6254****4968
ORD2045804,MERCH011,6dypytw@oksbi
ORD2047446,MERCH013,vvmwcm2@okhdfcbank
